ts_code,trade_date,adj_factor
300310.SZ,20260615,7.701
300310.SZ,20260612,7.701
300310.SZ,20260611,7.701
300310.SZ,20260610,7.701
300310.SZ,20260609,7.701
300310.SZ,20260608,7.701
300310.SZ,20260605,7.701
300310.SZ,20260604,7.701
300310.SZ,20260603,7.701
300310.SZ,20260602,7.701
300310.SZ,20260601,7.701
300310.SZ,20260529,7.701
300310.SZ,20260528,7.701
300310.SZ,20260527,7.701
300310.SZ,20260526,7.701
300310.SZ,20260525,7.701
300310.SZ,20260522,7.701
300310.SZ,20260521,7.701
300310.SZ,20260520,7.701
300310.SZ,20260519,7.701
300310.SZ,20260518,7.701
300310.SZ,20260515,7.701
300310.SZ,20260514,7.701
300310.SZ,20260513,7.701
300310.SZ,20260512,7.701
300310.SZ,20260511,7.701
300310.SZ,20260508,7.701
300310.SZ,20260507,7.701
300310.SZ,20260506,7.701
300310.SZ,20260430,7.701
300310.SZ,20260429,7.701
300310.SZ,20260428,7.701
300310.SZ,20260427,7.701
300310.SZ,20260424,7.701
300310.SZ,20260423,7.701
300310.SZ,20260422,7.701
300310.SZ,20260421,7.701
300310.SZ,20260420,7.701
300310.SZ,20260417,7.701
300310.SZ,20260416,7.701
300310.SZ,20260415,7.701
300310.SZ,20260414,7.701
300310.SZ,20260413,7.701
300310.SZ,20260410,7.701
300310.SZ,20260409,7.701
300310.SZ,20260408,7.701
300310.SZ,20260407,7.701
300310.SZ,20260403,7.701
300310.SZ,20260402,7.701
300310.SZ,20260401,7.701
300310.SZ,20260331,7.701
300310.SZ,20260330,7.701
300310.SZ,20260327,7.701
300310.SZ,20260326,7.701
300310.SZ,20260325,7.701
300310.SZ,20260324,7.701
300310.SZ,20260323,7.701
300310.SZ,20260320,7.701
300310.SZ,20260319,7.701
300310.SZ,20260318,7.701
300310.SZ,20260317,7.701
300310.SZ,20260316,7.701
300310.SZ,20260313,7.701
300310.SZ,20260312,7.701
300310.SZ,20260311,7.701
300310.SZ,20260310,7.701
300310.SZ,20260309,7.701
300310.SZ,20260306,7.701
300310.SZ,20260305,7.701
300310.SZ,20260304,7.701
300310.SZ,20260303,7.701
300310.SZ,20260302,7.701
300310.SZ,20260227,7.701
300310.SZ,20260226,7.701
300310.SZ,20260225,7.701
300310.SZ,20260224,7.701
300310.SZ,20260213,7.701
300310.SZ,20260212,7.701
300310.SZ,20260211,7.701
300310.SZ,20260210,7.701
300310.SZ,20260209,7.701
300310.SZ,20260206,7.701
300310.SZ,20260205,7.701
300310.SZ,20260204,7.701
300310.SZ,20260203,7.701
300310.SZ,20260202,7.701
300310.SZ,20260130,7.701
300310.SZ,20260129,7.701
300310.SZ,20260128,7.701
300310.SZ,20260127,7.701
300310.SZ,20260126,7.701
300310.SZ,20260123,7.701
300310.SZ,20260122,7.701
300310.SZ,20260121,7.701
300310.SZ,20260120,7.701
300310.SZ,20260119,7.701
300310.SZ,20260116,7.701
300310.SZ,20260115,7.701
300310.SZ,20260114,7.701
300310.SZ,20260113,7.701
300310.SZ,20260112,7.701
300310.SZ,20260109,7.701
300310.SZ,20260108,7.701
300310.SZ,20260107,7.701
300310.SZ,20260106,7.701
300310.SZ,20260105,7.701
300310.SZ,20251231,7.701
300310.SZ,20251230,7.701
300310.SZ,20251229,7.701
300310.SZ,20251226,7.701
300310.SZ,20251225,7.701
300310.SZ,20251224,7.701
300310.SZ,20251223,7.701
300310.SZ,20251222,7.701
300310.SZ,20251219,7.701
300310.SZ,20251218,7.701
300310.SZ,20251217,7.701
300310.SZ,20251216,7.701
300310.SZ,20251215,7.701
300310.SZ,20251212,7.701
300310.SZ,20251211,7.701
300310.SZ,20251210,7.701
300310.SZ,20251209,7.701
300310.SZ,20251208,7.701
300310.SZ,20251205,7.701
300310.SZ,20251204,7.701
300310.SZ,20251203,7.701
300310.SZ,20251202,7.701
300310.SZ,20251201,7.701
300310.SZ,20251128,7.701
300310.SZ,20251127,7.701
300310.SZ,20251126,7.701
300310.SZ,20251125,7.701
300310.SZ,20251124,7.701
300310.SZ,20251121,7.701
300310.SZ,20251120,7.701
300310.SZ,20251119,7.701
300310.SZ,20251118,7.701
300310.SZ,20251117,7.701
300310.SZ,20251114,7.701
300310.SZ,20251113,7.701
300310.SZ,20251112,7.701
300310.SZ,20251111,7.701
300310.SZ,20251110,7.701
300310.SZ,20251107,7.701
300310.SZ,20251106,7.701
300310.SZ,20251105,7.701
300310.SZ,20251104,7.701
300310.SZ,20251103,7.701
300310.SZ,20251031,7.701
300310.SZ,20251030,7.701
300310.SZ,20251029,7.701
300310.SZ,20251028,7.701
300310.SZ,20251027,7.701
300310.SZ,20251024,7.701
300310.SZ,20251023,7.701
300310.SZ,20251022,7.701
300310.SZ,20251021,7.701
300310.SZ,20251020,7.701
300310.SZ,20251017,7.701
300310.SZ,20251016,7.701
300310.SZ,20251015,7.701
300310.SZ,20251014,7.701
300310.SZ,20251013,7.701
300310.SZ,20251010,7.701
300310.SZ,20251009,7.701
300310.SZ,20250930,7.701
300310.SZ,20250929,7.701
300310.SZ,20250926,7.701
300310.SZ,20250925,7.701
300310.SZ,20250924,7.701
300310.SZ,20250923,7.701
300310.SZ,20250922,7.701
300310.SZ,20250919,7.701
300310.SZ,20250918,7.701
300310.SZ,20250917,7.701
300310.SZ,20250916,7.701
300310.SZ,20250915,7.701
300310.SZ,20250912,7.701
300310.SZ,20250911,7.701
300310.SZ,20250910,7.701
300310.SZ,20250909,7.701
300310.SZ,20250908,7.701
300310.SZ,20250905,7.701
300310.SZ,20250904,7.701
300310.SZ,20250903,7.701
300310.SZ,20250902,7.701
300310.SZ,20250901,7.701
300310.SZ,20250829,7.701
300310.SZ,20250828,7.701
300310.SZ,20250827,7.701
300310.SZ,20250826,7.701
300310.SZ,20250825,7.701
300310.SZ,20250822,7.701
300310.SZ,20250821,7.701
300310.SZ,20250820,7.701
300310.SZ,20250819,7.701
300310.SZ,20250818,7.701
300310.SZ,20250815,7.701
300310.SZ,20250814,7.701
300310.SZ,20250813,7.701
300310.SZ,20250812,7.701
300310.SZ,20250811,7.701
300310.SZ,20250808,7.701
300310.SZ,20250807,7.701
300310.SZ,20250806,7.701
300310.SZ,20250805,7.701
300310.SZ,20250804,7.701
300310.SZ,20250801,7.701
300310.SZ,20250731,7.701
300310.SZ,20250730,7.701
300310.SZ,20250729,7.701
300310.SZ,20250728,7.701
300310.SZ,20250725,7.701
300310.SZ,20250724,7.701
300310.SZ,20250723,7.701
300310.SZ,20250722,7.701
300310.SZ,20250721,7.701
300310.SZ,20250718,7.701
300310.SZ,20250717,7.701
300310.SZ,20250716,7.701
300310.SZ,20250715,7.701
300310.SZ,20250714,7.701
300310.SZ,20250711,7.701
300310.SZ,20250710,7.701
300310.SZ,20250709,7.701
300310.SZ,20250708,7.701
300310.SZ,20250707,7.701
300310.SZ,20250704,7.701
300310.SZ,20250703,7.701
300310.SZ,20250702,7.701
300310.SZ,20250701,7.701
300310.SZ,20250630,7.701
300310.SZ,20250627,7.701
300310.SZ,20250626,7.701
300310.SZ,20250625,7.701
300310.SZ,20250624,7.701
300310.SZ,20250623,7.701
300310.SZ,20250620,7.701
300310.SZ,20250619,7.701
300310.SZ,20250618,7.701
300310.SZ,20250617,7.701
300310.SZ,20250616,7.701
300310.SZ,20250613,7.701
300310.SZ,20250612,7.701
300310.SZ,20250611,7.701
300310.SZ,20250610,7.701
300310.SZ,20250609,7.701
300310.SZ,20250606,7.701
300310.SZ,20250605,7.701
300310.SZ,20250604,7.701
300310.SZ,20250603,7.701
300310.SZ,20250530,7.701
300310.SZ,20250529,7.701
300310.SZ,20250528,7.701
300310.SZ,20250527,7.701
300310.SZ,20250526,7.701
300310.SZ,20250523,7.701
300310.SZ,20250522,7.701
300310.SZ,20250521,7.701
300310.SZ,20250520,7.701
300310.SZ,20250519,7.701
300310.SZ,20250516,7.701
300310.SZ,20250515,7.701
300310.SZ,20250514,7.701
300310.SZ,20250513,7.701
300310.SZ,20250512,7.701
300310.SZ,20250509,7.701
300310.SZ,20250508,7.701
300310.SZ,20250507,7.701
300310.SZ,20250506,7.701
300310.SZ,20250430,7.701
300310.SZ,20250429,7.701
300310.SZ,20250428,7.701
300310.SZ,20250425,7.701
300310.SZ,20250424,7.701
300310.SZ,20250423,7.701
300310.SZ,20250422,7.701
300310.SZ,20250421,7.701
300310.SZ,20250418,7.701
300310.SZ,20250417,7.701
300310.SZ,20250416,7.701
300310.SZ,20250415,7.701
300310.SZ,20250414,7.701
300310.SZ,20250411,7.701
300310.SZ,20250410,7.701
300310.SZ,20250409,7.701
300310.SZ,20250408,7.701
300310.SZ,20250407,7.701
300310.SZ,20250403,7.701
300310.SZ,20250402,7.701
300310.SZ,20250401,7.701
300310.SZ,20250331,7.701
300310.SZ,20250328,7.701
300310.SZ,20250327,7.701
300310.SZ,20250326,7.701
300310.SZ,20250325,7.701
300310.SZ,20250324,7.701
300310.SZ,20250321,7.701
300310.SZ,20250320,7.701
300310.SZ,20250319,7.701
300310.SZ,20250318,7.701
300310.SZ,20250317,7.701
300310.SZ,20250314,7.701
300310.SZ,20250313,7.701
300310.SZ,20250312,7.701
300310.SZ,20250311,7.701
300310.SZ,20250310,7.701
300310.SZ,20250307,7.701
300310.SZ,20250306,7.701
300310.SZ,20250305,7.701
300310.SZ,20250304,7.701
300310.SZ,20250303,7.701
300310.SZ,20250228,7.701
300310.SZ,20250227,7.701
300310.SZ,20250226,7.701
300310.SZ,20250225,7.701
300310.SZ,20250224,7.701
300310.SZ,20250221,7.701
300310.SZ,20250220,7.701
300310.SZ,20250219,7.701
300310.SZ,20250218,7.701
300310.SZ,20250217,7.701
300310.SZ,20250214,7.701
300310.SZ,20250213,7.701
300310.SZ,20250212,7.701
300310.SZ,20250211,7.701
300310.SZ,20250210,7.701
300310.SZ,20250207,7.701
300310.SZ,20250206,7.701
300310.SZ,20250205,7.701
300310.SZ,20250127,7.701
300310.SZ,20250124,7.701
300310.SZ,20250123,7.701
300310.SZ,20250122,7.701
300310.SZ,20250121,7.701
300310.SZ,20250120,7.701
300310.SZ,20250117,7.701
300310.SZ,20250116,7.701
300310.SZ,20250115,7.701
300310.SZ,20250114,7.701
300310.SZ,20250113,7.701
300310.SZ,20250110,7.701
300310.SZ,20250109,7.701
300310.SZ,20250108,7.701
300310.SZ,20250107,7.701
300310.SZ,20250106,7.701
300310.SZ,20250103,7.701
300310.SZ,20250102,7.701
300310.SZ,20241231,7.701
300310.SZ,20241230,7.701
300310.SZ,20241227,7.701
300310.SZ,20241226,7.701
300310.SZ,20241225,7.701
300310.SZ,20241224,7.701
300310.SZ,20241223,7.701
300310.SZ,20241220,7.701
300310.SZ,20241219,7.701
300310.SZ,20241218,7.701
300310.SZ,20241217,7.701
300310.SZ,20241216,7.701
300310.SZ,20241213,7.701
300310.SZ,20241212,7.701
300310.SZ,20241211,7.701
300310.SZ,20241210,7.701
300310.SZ,20241209,7.701
300310.SZ,20241206,7.701
300310.SZ,20241205,7.701
300310.SZ,20241204,7.701
300310.SZ,20241203,7.701
300310.SZ,20241202,7.701
300310.SZ,20241129,7.701
300310.SZ,20241128,7.701
300310.SZ,20241127,7.701
300310.SZ,20241126,7.701
300310.SZ,20241125,7.701
300310.SZ,20241122,7.701
300310.SZ,20241121,7.701
300310.SZ,20241120,7.701
300310.SZ,20241119,7.701
300310.SZ,20241118,7.701
300310.SZ,20241115,7.701
300310.SZ,20241114,7.701
300310.SZ,20241113,7.701
300310.SZ,20241112,7.701
300310.SZ,20241111,7.701
300310.SZ,20241108,7.701
300310.SZ,20241107,7.701
300310.SZ,20241106,7.701
300310.SZ,20241105,7.701
300310.SZ,20241104,7.701
300310.SZ,20241101,7.701
300310.SZ,20241031,7.701
300310.SZ,20241030,7.701
300310.SZ,20241029,7.701
300310.SZ,20241028,7.701
300310.SZ,20241025,7.701
300310.SZ,20241024,7.701
300310.SZ,20241023,7.701
300310.SZ,20241022,7.701
300310.SZ,20241021,7.701
300310.SZ,20241018,7.701
300310.SZ,20241017,7.701
300310.SZ,20241016,7.701
300310.SZ,20241015,7.701
300310.SZ,20241014,7.701
300310.SZ,20241011,7.701
300310.SZ,20241010,7.701
300310.SZ,20241009,7.701
300310.SZ,20241008,7.701
300310.SZ,20240930,7.701
300310.SZ,20240927,7.701
300310.SZ,20240926,7.701
300310.SZ,20240925,7.701
300310.SZ,20240924,7.701
300310.SZ,20240923,7.701
300310.SZ,20240920,7.701
300310.SZ,20240919,7.701
300310.SZ,20240918,7.701
300310.SZ,20240913,7.701
300310.SZ,20240912,7.701
300310.SZ,20240911,7.701
300310.SZ,20240910,7.701
300310.SZ,20240909,7.701
300310.SZ,20240906,7.701
300310.SZ,20240905,7.701
300310.SZ,20240904,7.701
300310.SZ,20240903,7.701
300310.SZ,20240902,7.701
300310.SZ,20240830,7.701
300310.SZ,20240829,7.701
300310.SZ,20240828,7.701
300310.SZ,20240827,7.701
300310.SZ,20240826,7.701
300310.SZ,20240823,7.701
300310.SZ,20240822,7.701
300310.SZ,20240821,7.701
300310.SZ,20240820,7.701
300310.SZ,20240819,7.701
300310.SZ,20240816,7.701
300310.SZ,20240815,7.701
300310.SZ,20240814,7.701
300310.SZ,20240813,7.701
300310.SZ,20240812,7.701
300310.SZ,20240809,7.701
300310.SZ,20240808,7.701
300310.SZ,20240807,7.701
300310.SZ,20240806,7.701
300310.SZ,20240805,7.701
300310.SZ,20240802,7.701
300310.SZ,20240801,7.701
300310.SZ,20240731,7.701
300310.SZ,20240730,7.701
300310.SZ,20240729,7.701
300310.SZ,20240726,7.701
300310.SZ,20240725,7.701
300310.SZ,20240724,7.701
300310.SZ,20240723,7.701
300310.SZ,20240722,7.701
300310.SZ,20240719,7.701
300310.SZ,20240718,7.701
300310.SZ,20240717,7.701
300310.SZ,20240716,7.701
300310.SZ,20240715,7.701
300310.SZ,20240712,7.701
300310.SZ,20240711,7.701
300310.SZ,20240710,7.701
300310.SZ,20240709,7.701
300310.SZ,20240708,7.701
300310.SZ,20240705,7.701
300310.SZ,20240704,7.701
300310.SZ,20240703,7.701
300310.SZ,20240702,7.701
300310.SZ,20240701,7.701
300310.SZ,20240628,7.701
300310.SZ,20240627,7.701
300310.SZ,20240626,7.701
300310.SZ,20240625,7.7011
300310.SZ,20240624,7.701
300310.SZ,20240621,7.701
300310.SZ,20240620,7.701
300310.SZ,20240619,7.701
300310.SZ,20240618,7.701
300310.SZ,20240617,7.701
300310.SZ,20240614,7.701
300310.SZ,20240613,7.701
300310.SZ,20240612,7.701
300310.SZ,20240611,7.701
300310.SZ,20240607,7.701
300310.SZ,20240606,7.701
300310.SZ,20240605,7.701
300310.SZ,20240604,7.701
300310.SZ,20240603,7.701
300310.SZ,20240531,7.701
300310.SZ,20240530,7.701
300310.SZ,20240529,7.701
300310.SZ,20240528,7.701
300310.SZ,20240527,7.701
300310.SZ,20240524,7.701
300310.SZ,20240523,7.701
300310.SZ,20240522,7.701
300310.SZ,20240521,7.701
300310.SZ,20240520,7.701
300310.SZ,20240517,7.701
300310.SZ,20240516,7.701
300310.SZ,20240515,7.701
300310.SZ,20240514,7.701
300310.SZ,20240513,7.701
300310.SZ,20240510,7.701
300310.SZ,20240509,7.701
300310.SZ,20240508,7.701
300310.SZ,20240507,7.701
300310.SZ,20240506,7.701
300310.SZ,20240430,7.701
300310.SZ,20240429,7.701
300310.SZ,20240426,7.701
300310.SZ,20240425,7.701
300310.SZ,20240424,7.701
300310.SZ,20240423,7.701
300310.SZ,20240422,7.701
300310.SZ,20240419,7.701
300310.SZ,20240418,7.701
300310.SZ,20240417,7.701
300310.SZ,20240416,7.701
300310.SZ,20240415,7.701
300310.SZ,20240412,7.701
300310.SZ,20240411,7.701
300310.SZ,20240410,7.701
300310.SZ,20240409,7.701
300310.SZ,20240408,7.701
300310.SZ,20240403,7.701
300310.SZ,20240402,7.701
300310.SZ,20240401,7.701
300310.SZ,20240329,7.701
300310.SZ,20240328,7.701
300310.SZ,20240327,7.701
300310.SZ,20240326,7.701
300310.SZ,20240325,7.701
300310.SZ,20240322,7.701
300310.SZ,20240321,7.701
300310.SZ,20240320,7.701
300310.SZ,20240319,7.701
300310.SZ,20240318,7.701
300310.SZ,20240315,7.701
300310.SZ,20240314,7.701
300310.SZ,20240313,7.701
300310.SZ,20240312,7.701
300310.SZ,20240311,7.701
300310.SZ,20240308,7.701
300310.SZ,20240307,7.701
300310.SZ,20240306,7.701
300310.SZ,20240305,7.701
300310.SZ,20240304,7.701
300310.SZ,20240301,7.701
300310.SZ,20240229,7.701
300310.SZ,20240228,7.701
300310.SZ,20240227,7.701
300310.SZ,20240226,7.701
300310.SZ,20240223,7.701
300310.SZ,20240222,7.701
300310.SZ,20240221,7.701
300310.SZ,20240220,7.701
300310.SZ,20240219,7.701
300310.SZ,20240208,7.701
300310.SZ,20240207,7.701
300310.SZ,20240206,7.701
300310.SZ,20240205,7.701
300310.SZ,20240202,7.701
300310.SZ,20240201,7.701
300310.SZ,20240131,7.701
300310.SZ,20240130,7.701
300310.SZ,20240129,7.701
300310.SZ,20240126,7.701
300310.SZ,20240125,7.701
300310.SZ,20240124,7.701
300310.SZ,20240123,7.701
300310.SZ,20240122,7.701
300310.SZ,20240119,7.701
300310.SZ,20240118,7.701
300310.SZ,20240117,7.701
300310.SZ,20240116,7.701
300310.SZ,20240115,7.701
300310.SZ,20240112,7.701
300310.SZ,20240111,7.701
300310.SZ,20240110,7.701
300310.SZ,20240109,7.701
300310.SZ,20240108,7.701
300310.SZ,20240105,7.701
300310.SZ,20240104,7.701
300310.SZ,20240103,7.701
300310.SZ,20240102,7.701
300310.SZ,20231229,7.701
300310.SZ,20231228,7.701
300310.SZ,20231227,7.701
300310.SZ,20231226,7.701
300310.SZ,20231225,7.701
300310.SZ,20231222,7.701
300310.SZ,20231221,7.701
300310.SZ,20231220,7.701
300310.SZ,20231219,7.701
300310.SZ,20231218,7.701
300310.SZ,20231215,7.701
300310.SZ,20231214,7.701
300310.SZ,20231213,7.701
300310.SZ,20231212,7.701
300310.SZ,20231211,7.701
300310.SZ,20231208,7.701
300310.SZ,20231207,7.701
300310.SZ,20231206,7.701
300310.SZ,20231205,7.701
300310.SZ,20231204,7.701
300310.SZ,20231201,7.701
300310.SZ,20231130,7.701
300310.SZ,20231129,7.701
300310.SZ,20231128,7.701
300310.SZ,20231127,7.701
300310.SZ,20231124,7.701
300310.SZ,20231123,7.701
300310.SZ,20231122,7.701
300310.SZ,20231121,7.701
300310.SZ,20231120,7.701
300310.SZ,20231117,7.701
300310.SZ,20231116,7.701
300310.SZ,20231115,7.701
300310.SZ,20231114,7.701
300310.SZ,20231113,7.701
300310.SZ,20231110,7.701
300310.SZ,20231109,7.701
300310.SZ,20231108,7.701
300310.SZ,20231107,7.701
300310.SZ,20231106,7.701
300310.SZ,20231103,7.701
300310.SZ,20231102,7.701
300310.SZ,20231101,7.701
300310.SZ,20231031,7.701
300310.SZ,20231030,7.701
300310.SZ,20231027,7.701
300310.SZ,20231026,7.701
300310.SZ,20231025,7.701
300310.SZ,20231024,7.701
300310.SZ,20231023,7.701
300310.SZ,20231020,7.701
300310.SZ,20231019,7.701
300310.SZ,20231018,7.701
300310.SZ,20231017,7.701
300310.SZ,20231016,7.701
300310.SZ,20231013,7.701
300310.SZ,20231012,7.701
300310.SZ,20231011,7.701
300310.SZ,20231010,7.701
300310.SZ,20231009,7.701
300310.SZ,20230928,7.701
300310.SZ,20230927,7.701
300310.SZ,20230926,7.701
300310.SZ,20230925,7.701
300310.SZ,20230922,7.701
300310.SZ,20230921,7.701
300310.SZ,20230920,7.701
300310.SZ,20230919,7.701
300310.SZ,20230918,7.701
300310.SZ,20230915,7.701
300310.SZ,20230914,7.701
300310.SZ,20230913,7.701
300310.SZ,20230912,7.701
300310.SZ,20230911,7.701
300310.SZ,20230908,7.701
300310.SZ,20230907,7.701
300310.SZ,20230906,7.701
300310.SZ,20230905,7.701
300310.SZ,20230904,7.701
300310.SZ,20230901,7.701
300310.SZ,20230831,7.701
300310.SZ,20230830,7.701
300310.SZ,20230829,7.701
300310.SZ,20230828,7.701
300310.SZ,20230825,7.701
300310.SZ,20230824,7.701
300310.SZ,20230823,7.701
300310.SZ,20230822,7.701
300310.SZ,20230821,7.701
300310.SZ,20230818,7.701
300310.SZ,20230817,7.701
300310.SZ,20230816,7.701
300310.SZ,20230815,7.701
300310.SZ,20230814,7.701
300310.SZ,20230811,7.701
300310.SZ,20230810,7.701
300310.SZ,20230809,7.701
300310.SZ,20230808,7.701
300310.SZ,20230807,7.701
300310.SZ,20230804,7.701
300310.SZ,20230803,7.701
300310.SZ,20230802,7.701
300310.SZ,20230801,7.701
300310.SZ,20230731,7.701
300310.SZ,20230728,7.701
300310.SZ,20230727,7.701
300310.SZ,20230726,7.701
300310.SZ,20230725,7.701
300310.SZ,20230724,7.701
300310.SZ,20230721,7.701
300310.SZ,20230720,7.701
300310.SZ,20230719,7.701
300310.SZ,20230718,7.701
300310.SZ,20230717,7.701
300310.SZ,20230714,7.701
300310.SZ,20230713,7.701
300310.SZ,20230712,7.701
300310.SZ,20230711,7.701
300310.SZ,20230710,7.701
300310.SZ,20230707,7.701
300310.SZ,20230706,7.701
300310.SZ,20230705,7.701
300310.SZ,20230704,7.701
300310.SZ,20230703,7.701
300310.SZ,20230630,7.701
300310.SZ,20230629,7.701
300310.SZ,20230628,7.701
300310.SZ,20230627,7.701
300310.SZ,20230626,7.701
300310.SZ,20230621,7.701
300310.SZ,20230620,7.701
300310.SZ,20230619,7.701
300310.SZ,20230616,7.701
300310.SZ,20230615,7.701
300310.SZ,20230614,7.701
300310.SZ,20230613,7.701
300310.SZ,20230612,7.701
300310.SZ,20230609,7.701
300310.SZ,20230608,7.701
300310.SZ,20230607,7.701
300310.SZ,20230606,7.701
300310.SZ,20230605,7.701
300310.SZ,20230602,7.701
300310.SZ,20230601,7.701
300310.SZ,20230531,7.701
300310.SZ,20230530,7.701
300310.SZ,20230529,7.701
300310.SZ,20230526,7.701
300310.SZ,20230525,7.701
300310.SZ,20230524,7.701
300310.SZ,20230523,7.701
300310.SZ,20230522,7.701
300310.SZ,20230519,7.701
300310.SZ,20230518,7.701
300310.SZ,20230517,7.701
300310.SZ,20230516,7.701
300310.SZ,20230515,7.701
300310.SZ,20230512,7.701
300310.SZ,20230511,7.701
300310.SZ,20230510,7.701
300310.SZ,20230509,7.701
300310.SZ,20230508,7.701
300310.SZ,20230505,7.701
300310.SZ,20230504,7.701
300310.SZ,20230428,7.701
300310.SZ,20230427,7.701
300310.SZ,20230426,7.701
300310.SZ,20230425,7.701
300310.SZ,20230424,7.701
300310.SZ,20230421,7.701
300310.SZ,20230420,7.701
300310.SZ,20230419,7.701
300310.SZ,20230418,7.701
300310.SZ,20230417,7.701
300310.SZ,20230414,7.701
300310.SZ,20230413,7.701
300310.SZ,20230412,7.701
300310.SZ,20230411,7.701
300310.SZ,20230410,7.701
300310.SZ,20230407,7.701
300310.SZ,20230406,7.701
300310.SZ,20230404,7.701
300310.SZ,20230403,7.701
300310.SZ,20230331,7.701
300310.SZ,20230330,7.701
300310.SZ,20230329,7.701
300310.SZ,20230328,7.701
300310.SZ,20230327,7.701
300310.SZ,20230324,7.701
300310.SZ,20230323,7.701
300310.SZ,20230322,7.701
300310.SZ,20230321,7.701
300310.SZ,20230320,7.701
300310.SZ,20230317,7.701
300310.SZ,20230316,7.701
300310.SZ,20230315,7.701
300310.SZ,20230314,7.701
300310.SZ,20230313,7.701
300310.SZ,20230310,7.701
300310.SZ,20230309,7.701
300310.SZ,20230308,7.701
300310.SZ,20230307,7.701
300310.SZ,20230306,7.701
300310.SZ,20230303,7.701
300310.SZ,20230302,7.701
300310.SZ,20230301,7.701
300310.SZ,20230228,7.701
300310.SZ,20230227,7.701
300310.SZ,20230224,7.701
300310.SZ,20230223,7.701
300310.SZ,20230222,7.701
300310.SZ,20230221,7.701
300310.SZ,20230220,7.701
300310.SZ,20230217,7.701
300310.SZ,20230216,7.701
300310.SZ,20230215,7.701
300310.SZ,20230214,7.701
300310.SZ,20230213,7.701
300310.SZ,20230210,7.701
300310.SZ,20230209,7.701
300310.SZ,20230208,7.701
300310.SZ,20230207,7.701
300310.SZ,20230206,7.701
300310.SZ,20230203,7.701
300310.SZ,20230202,7.701
300310.SZ,20230201,7.701
300310.SZ,20230131,7.701
300310.SZ,20230130,7.701
300310.SZ,20230120,7.701
300310.SZ,20230119,7.701
300310.SZ,20230118,7.701
300310.SZ,20230117,7.701
300310.SZ,20230116,7.701
300310.SZ,20230113,7.701
300310.SZ,20230112,7.701
300310.SZ,20230111,7.701
300310.SZ,20230110,7.701
300310.SZ,20230109,7.701
300310.SZ,20230106,7.701
300310.SZ,20230105,7.701
300310.SZ,20230104,7.701
300310.SZ,20230103,7.701
300310.SZ,20221230,7.701
300310.SZ,20221229,7.701
300310.SZ,20221228,7.701
300310.SZ,20221227,7.701
300310.SZ,20221226,7.701
300310.SZ,20221223,7.701
300310.SZ,20221222,7.701
300310.SZ,20221221,7.701
300310.SZ,20221220,7.701
300310.SZ,20221219,7.701
300310.SZ,20221216,7.701
300310.SZ,20221215,7.701
300310.SZ,20221214,7.701
300310.SZ,20221213,7.701
300310.SZ,20221212,7.701
300310.SZ,20221209,7.701
300310.SZ,20221208,7.701
300310.SZ,20221207,7.701
300310.SZ,20221206,7.701
300310.SZ,20221205,7.701
300310.SZ,20221202,7.701
300310.SZ,20221201,7.701
300310.SZ,20221130,7.701
300310.SZ,20221129,7.701
300310.SZ,20221128,7.701
300310.SZ,20221125,7.701
300310.SZ,20221124,7.701
300310.SZ,20221123,7.701
300310.SZ,20221122,7.701
300310.SZ,20221121,7.701
300310.SZ,20221118,7.701
300310.SZ,20221117,7.701
300310.SZ,20221116,7.701
300310.SZ,20221115,7.701
300310.SZ,20221114,7.701
300310.SZ,20221111,7.701
300310.SZ,20221110,7.701
300310.SZ,20221109,7.701
300310.SZ,20221108,7.701
300310.SZ,20221107,7.701
300310.SZ,20221104,7.701
300310.SZ,20221103,7.701
300310.SZ,20221102,7.701
300310.SZ,20221101,7.701
300310.SZ,20221031,7.701
300310.SZ,20221028,7.701
300310.SZ,20221027,7.701
300310.SZ,20221026,7.701
300310.SZ,20221025,7.701
300310.SZ,20221024,7.701
300310.SZ,20221021,7.701
300310.SZ,20221020,7.701
300310.SZ,20221019,7.701
300310.SZ,20221018,7.701
300310.SZ,20221017,7.701
300310.SZ,20221014,7.701
300310.SZ,20221013,7.701
300310.SZ,20221012,7.701
300310.SZ,20221011,7.701
300310.SZ,20221010,7.701
300310.SZ,20220930,7.701
300310.SZ,20220929,7.701
300310.SZ,20220928,7.701
300310.SZ,20220927,7.701
300310.SZ,20220926,7.701
300310.SZ,20220923,7.701
300310.SZ,20220922,7.701
300310.SZ,20220921,7.701
300310.SZ,20220920,7.701
300310.SZ,20220919,7.701
300310.SZ,20220916,7.701
300310.SZ,20220915,7.701
300310.SZ,20220914,7.701
300310.SZ,20220913,7.701
300310.SZ,20220909,7.701
300310.SZ,20220908,7.701
300310.SZ,20220907,7.701
300310.SZ,20220906,7.701
300310.SZ,20220905,7.701
300310.SZ,20220902,7.701
300310.SZ,20220901,7.701
300310.SZ,20220831,7.701
300310.SZ,20220830,7.701
300310.SZ,20220829,7.701
300310.SZ,20220826,7.701
300310.SZ,20220825,7.701
300310.SZ,20220824,7.701
300310.SZ,20220823,7.701
300310.SZ,20220822,7.701
300310.SZ,20220819,7.701
300310.SZ,20220818,7.701
300310.SZ,20220817,7.701
300310.SZ,20220816,7.701
300310.SZ,20220815,7.701
300310.SZ,20220812,7.701
300310.SZ,20220811,7.701
300310.SZ,20220810,7.701
300310.SZ,20220809,7.701
300310.SZ,20220808,7.701
300310.SZ,20220805,7.701
300310.SZ,20220804,7.701
300310.SZ,20220803,7.701
300310.SZ,20220802,7.701
300310.SZ,20220801,7.701
300310.SZ,20220729,7.701
300310.SZ,20220728,7.701
300310.SZ,20220727,7.701
300310.SZ,20220726,7.701
300310.SZ,20220725,7.701
300310.SZ,20220722,7.701
300310.SZ,20220721,7.701
300310.SZ,20220720,7.701
300310.SZ,20220719,7.701
300310.SZ,20220718,7.701
300310.SZ,20220715,7.701
300310.SZ,20220714,7.701
300310.SZ,20220713,7.701
300310.SZ,20220712,7.701
300310.SZ,20220711,7.701
300310.SZ,20220708,7.701
300310.SZ,20220707,7.701
300310.SZ,20220706,7.701
300310.SZ,20220705,7.701
300310.SZ,20220704,7.701
300310.SZ,20220701,7.701
300310.SZ,20220630,7.701
300310.SZ,20220629,7.701
300310.SZ,20220628,7.701
300310.SZ,20220627,7.701
300310.SZ,20220624,7.701
300310.SZ,20220623,7.701
300310.SZ,20220622,7.701
300310.SZ,20220621,7.701
300310.SZ,20220620,7.701
300310.SZ,20220617,7.701
300310.SZ,20220616,7.701
300310.SZ,20220615,7.701
300310.SZ,20220614,7.701
300310.SZ,20220613,7.701
300310.SZ,20220610,7.701
300310.SZ,20220609,7.701
300310.SZ,20220608,7.701
300310.SZ,20220607,7.701
300310.SZ,20220606,7.701
300310.SZ,20220602,7.701
300310.SZ,20220601,7.701
300310.SZ,20220531,7.701
300310.SZ,20220530,7.701
300310.SZ,20220527,7.701
300310.SZ,20220526,7.701
300310.SZ,20220525,7.701
300310.SZ,20220524,7.701
300310.SZ,20220523,7.701
300310.SZ,20220520,7.701
300310.SZ,20220519,7.701
300310.SZ,20220518,7.701
300310.SZ,20220517,7.701
300310.SZ,20220516,7.701
300310.SZ,20220513,7.701
300310.SZ,20220512,7.701
300310.SZ,20220511,7.701
300310.SZ,20220510,7.701
300310.SZ,20220509,7.701
300310.SZ,20220506,7.701
300310.SZ,20220505,7.701
300310.SZ,20220429,7.701
300310.SZ,20220428,7.701
300310.SZ,20220427,7.701
300310.SZ,20220426,7.701
300310.SZ,20220425,7.701
300310.SZ,20220422,7.701
300310.SZ,20220421,7.701
300310.SZ,20220420,7.701
300310.SZ,20220419,7.701
300310.SZ,20220418,7.701
300310.SZ,20220415,7.701
300310.SZ,20220414,7.701
300310.SZ,20220413,7.701
300310.SZ,20220412,7.701
300310.SZ,20220411,7.701
300310.SZ,20220408,7.701
300310.SZ,20220407,7.701
300310.SZ,20220406,7.701
300310.SZ,20220401,7.701
300310.SZ,20220331,7.701
300310.SZ,20220330,7.701
300310.SZ,20220329,7.701
300310.SZ,20220328,7.701
300310.SZ,20220325,7.701
300310.SZ,20220324,7.701
300310.SZ,20220323,7.701
300310.SZ,20220322,7.701
300310.SZ,20220321,7.701
300310.SZ,20220318,7.701
300310.SZ,20220317,7.701
300310.SZ,20220316,7.701
300310.SZ,20220315,7.701
300310.SZ,20220314,7.701
300310.SZ,20220311,7.701
300310.SZ,20220310,7.701
300310.SZ,20220309,7.701
300310.SZ,20220308,7.701
300310.SZ,20220307,7.701
300310.SZ,20220304,7.701
300310.SZ,20220303,7.701
300310.SZ,20220302,7.701
300310.SZ,20220301,7.701
300310.SZ,20220228,7.701
300310.SZ,20220225,7.701
300310.SZ,20220224,7.701
300310.SZ,20220223,7.701
300310.SZ,20220222,7.701
300310.SZ,20220221,7.701
300310.SZ,20220218,7.701
300310.SZ,20220217,7.701
300310.SZ,20220216,7.701
300310.SZ,20220215,7.701
300310.SZ,20220214,7.701
300310.SZ,20220211,7.701
300310.SZ,20220210,7.701
300310.SZ,20220209,7.701
300310.SZ,20220208,7.701
300310.SZ,20220207,7.701
300310.SZ,20220128,7.701
300310.SZ,20220127,7.701
300310.SZ,20220126,7.701
300310.SZ,20220125,7.701
300310.SZ,20220124,7.701
300310.SZ,20220121,7.701
300310.SZ,20220120,7.701
300310.SZ,20220119,7.701
300310.SZ,20220118,7.701
300310.SZ,20220117,7.701
300310.SZ,20220114,7.701
300310.SZ,20220113,7.701
300310.SZ,20220112,7.701
300310.SZ,20220111,7.701
300310.SZ,20220110,7.701
300310.SZ,20220107,7.701
300310.SZ,20220106,7.701
300310.SZ,20220105,7.701
300310.SZ,20220104,7.701
300310.SZ,20211231,7.701
300310.SZ,20211230,7.701
300310.SZ,20211229,7.701
300310.SZ,20211228,7.701
300310.SZ,20211227,7.701
300310.SZ,20211224,7.701
300310.SZ,20211223,7.701
300310.SZ,20211222,7.701
300310.SZ,20211221,7.701
300310.SZ,20211220,7.701
300310.SZ,20211217,7.701
300310.SZ,20211216,7.701
300310.SZ,20211215,7.701
300310.SZ,20211214,7.701
300310.SZ,20211213,7.701
300310.SZ,20211210,7.701
300310.SZ,20211209,7.701
300310.SZ,20211208,7.701
300310.SZ,20211207,7.701
300310.SZ,20211206,7.701
300310.SZ,20211203,7.701
300310.SZ,20211202,7.701
300310.SZ,20211201,7.701
300310.SZ,20211130,7.701
300310.SZ,20211129,7.701
300310.SZ,20211126,7.701
300310.SZ,20211125,7.701
300310.SZ,20211124,7.701
300310.SZ,20211123,7.701
300310.SZ,20211122,7.701
300310.SZ,20211119,7.701
300310.SZ,20211118,7.701
300310.SZ,20211117,7.701
300310.SZ,20211116,7.701
300310.SZ,20211115,7.701
300310.SZ,20211112,7.701
300310.SZ,20211111,7.701
300310.SZ,20211110,7.701
300310.SZ,20211109,7.701
300310.SZ,20211108,7.701
300310.SZ,20211105,7.701
300310.SZ,20211104,7.701
300310.SZ,20211103,7.701
300310.SZ,20211102,7.701
300310.SZ,20211101,7.701
300310.SZ,20211029,7.701
300310.SZ,20211028,7.701
300310.SZ,20211027,7.701
300310.SZ,20211026,7.701
300310.SZ,20211025,7.701
300310.SZ,20211022,7.701
300310.SZ,20211021,7.701
300310.SZ,20211020,7.701
300310.SZ,20211019,7.701
300310.SZ,20211018,7.701
300310.SZ,20211015,7.701
300310.SZ,20211014,7.701
300310.SZ,20211013,7.701
300310.SZ,20211012,7.701
300310.SZ,20211011,7.701
300310.SZ,20211008,7.701
300310.SZ,20210930,7.701
300310.SZ,20210929,7.701
300310.SZ,20210928,7.701
300310.SZ,20210927,7.701
300310.SZ,20210924,7.701
300310.SZ,20210923,7.701
300310.SZ,20210922,7.701
300310.SZ,20210917,7.701
300310.SZ,20210916,7.701
300310.SZ,20210915,7.701
300310.SZ,20210914,7.701
300310.SZ,20210913,7.701
300310.SZ,20210910,7.701
300310.SZ,20210909,7.701
300310.SZ,20210908,7.701
300310.SZ,20210907,7.701
300310.SZ,20210906,7.701
300310.SZ,20210903,7.701
300310.SZ,20210902,7.701
300310.SZ,20210901,7.701
300310.SZ,20210831,7.701
300310.SZ,20210830,7.701
300310.SZ,20210827,7.701
300310.SZ,20210826,7.701
300310.SZ,20210825,7.701
300310.SZ,20210824,7.701
300310.SZ,20210823,7.701
300310.SZ,20210820,7.701
300310.SZ,20210819,7.701
300310.SZ,20210818,7.701
300310.SZ,20210817,7.701
300310.SZ,20210816,7.701
300310.SZ,20210813,7.701
300310.SZ,20210812,7.701
300310.SZ,20210811,7.701
300310.SZ,20210810,7.701
300310.SZ,20210809,7.701
300310.SZ,20210806,7.701
300310.SZ,20210805,7.701
300310.SZ,20210804,7.701
300310.SZ,20210803,7.701
300310.SZ,20210802,7.701
300310.SZ,20210730,7.701
300310.SZ,20210729,7.701
300310.SZ,20210728,7.701
300310.SZ,20210727,7.701
300310.SZ,20210726,7.701
300310.SZ,20210723,7.701
300310.SZ,20210722,7.701
300310.SZ,20210721,7.701
300310.SZ,20210720,7.701
300310.SZ,20210719,7.701
300310.SZ,20210716,7.701
300310.SZ,20210715,7.701
300310.SZ,20210714,7.701
300310.SZ,20210713,7.701
300310.SZ,20210712,7.701
300310.SZ,20210709,7.701
300310.SZ,20210708,7.701
300310.SZ,20210707,7.701
300310.SZ,20210706,7.701
300310.SZ,20210705,7.701
300310.SZ,20210702,7.701
300310.SZ,20210701,7.701
300310.SZ,20210630,7.701
300310.SZ,20210629,7.701
300310.SZ,20210628,7.701
300310.SZ,20210625,7.701
300310.SZ,20210624,7.701
300310.SZ,20210623,7.701
300310.SZ,20210622,7.701
300310.SZ,20210621,7.701
300310.SZ,20210618,7.701
300310.SZ,20210617,7.701
300310.SZ,20210616,7.701
300310.SZ,20210615,7.701
300310.SZ,20210611,7.701
300310.SZ,20210610,7.701
300310.SZ,20210609,7.701
300310.SZ,20210608,7.701
300310.SZ,20210607,7.701
300310.SZ,20210604,7.701
300310.SZ,20210603,7.701
300310.SZ,20210602,7.701
300310.SZ,20210601,7.701
300310.SZ,20210531,7.701
300310.SZ,20210528,7.701
300310.SZ,20210527,7.701
300310.SZ,20210526,7.701
300310.SZ,20210525,7.701
300310.SZ,20210524,7.701
300310.SZ,20210521,7.701
300310.SZ,20210520,7.701
300310.SZ,20210519,7.701
300310.SZ,20210518,7.701
300310.SZ,20210517,7.701
300310.SZ,20210514,7.701
300310.SZ,20210513,7.701
300310.SZ,20210512,7.701
300310.SZ,20210511,7.701
300310.SZ,20210510,7.701
300310.SZ,20210507,7.701
300310.SZ,20210506,7.701
300310.SZ,20210430,7.701
300310.SZ,20210429,7.701
300310.SZ,20210428,7.701
300310.SZ,20210427,7.701
300310.SZ,20210426,7.701
300310.SZ,20210423,7.701
300310.SZ,20210422,7.701
300310.SZ,20210421,7.701
300310.SZ,20210420,7.701
300310.SZ,20210419,7.701
300310.SZ,20210416,7.701
300310.SZ,20210415,7.701
300310.SZ,20210414,7.701
300310.SZ,20210413,7.701
300310.SZ,20210412,7.701
300310.SZ,20210409,7.701
300310.SZ,20210408,7.701
300310.SZ,20210407,7.701
300310.SZ,20210406,7.701
300310.SZ,20210402,7.701
300310.SZ,20210401,7.701
300310.SZ,20210331,7.701
300310.SZ,20210330,7.701
300310.SZ,20210329,7.701
300310.SZ,20210326,7.701
300310.SZ,20210325,7.701
300310.SZ,20210324,7.701
300310.SZ,20210323,7.701
300310.SZ,20210322,7.701
300310.SZ,20210319,7.701
300310.SZ,20210318,7.701
300310.SZ,20210317,7.701
300310.SZ,20210316,7.701
300310.SZ,20210315,7.701
300310.SZ,20210312,7.701
300310.SZ,20210311,7.701
300310.SZ,20210310,7.701
300310.SZ,20210309,7.701
300310.SZ,20210308,7.701
300310.SZ,20210305,7.701
300310.SZ,20210304,7.701
300310.SZ,20210303,7.701
300310.SZ,20210302,7.701
300310.SZ,20210301,7.701
300310.SZ,20210226,7.701
300310.SZ,20210225,7.701
300310.SZ,20210224,7.701
300310.SZ,20210223,7.701
300310.SZ,20210222,7.701
300310.SZ,20210219,7.701
300310.SZ,20210218,7.701
300310.SZ,20210210,7.701
300310.SZ,20210209,7.701
300310.SZ,20210208,7.701
300310.SZ,20210205,7.701
300310.SZ,20210204,7.701
300310.SZ,20210203,7.701
300310.SZ,20210202,7.701
300310.SZ,20210201,7.701
300310.SZ,20210129,7.701
300310.SZ,20210128,7.701
300310.SZ,20210127,7.701
300310.SZ,20210126,7.701
300310.SZ,20210125,7.701
300310.SZ,20210122,7.701
300310.SZ,20210121,7.701
300310.SZ,20210120,7.701
300310.SZ,20210119,7.701
300310.SZ,20210118,7.701
300310.SZ,20210115,7.701
300310.SZ,20210114,7.701
300310.SZ,20210113,7.701
300310.SZ,20210112,7.701
300310.SZ,20210111,7.701
300310.SZ,20210108,7.701
300310.SZ,20210107,7.701
300310.SZ,20210106,7.7011
300310.SZ,20210105,7.7011
300310.SZ,20210104,7.7011
300310.SZ,20201231,7.7011
300310.SZ,20201230,7.7011
300310.SZ,20201229,7.7011
300310.SZ,20201228,7.7011
300310.SZ,20201225,7.7011
300310.SZ,20201224,7.7011
300310.SZ,20201223,7.7011
300310.SZ,20201222,7.7011
300310.SZ,20201221,7.7011
300310.SZ,20201218,7.7011
300310.SZ,20201217,7.7011
300310.SZ,20201216,7.7011
300310.SZ,20201215,7.7011
300310.SZ,20201214,7.7011
300310.SZ,20201211,7.7011
300310.SZ,20201210,7.7011
300310.SZ,20201209,7.7011
300310.SZ,20201208,7.7011
300310.SZ,20201207,7.7011
300310.SZ,20201204,7.7011
300310.SZ,20201203,7.7011
300310.SZ,20201202,7.7011
300310.SZ,20201201,7.7011
300310.SZ,20201130,7.7011
300310.SZ,20201127,7.7011
300310.SZ,20201126,7.7011
300310.SZ,20201125,7.7011
300310.SZ,20201124,7.7011
300310.SZ,20201123,7.7011
300310.SZ,20201120,7.7011
300310.SZ,20201119,7.7011
300310.SZ,20201118,7.7011
300310.SZ,20201117,7.7011
300310.SZ,20201116,7.7011
300310.SZ,20201113,7.7011
300310.SZ,20201112,7.7011
300310.SZ,20201111,7.7011
300310.SZ,20201110,7.7011
300310.SZ,20201109,7.7011
300310.SZ,20201106,7.7011
300310.SZ,20201105,7.7011
300310.SZ,20201104,7.7011
300310.SZ,20201103,7.7011
300310.SZ,20201102,7.7011
300310.SZ,20201030,7.7011
300310.SZ,20201029,7.7011
300310.SZ,20201028,7.7011
300310.SZ,20201027,7.7011
300310.SZ,20201026,7.7011
300310.SZ,20201023,7.7011
300310.SZ,20201022,7.7011
300310.SZ,20201021,7.7011
300310.SZ,20201020,7.7011
300310.SZ,20201019,7.7011
300310.SZ,20201016,7.7011
300310.SZ,20201015,7.7011
300310.SZ,20201014,7.7011
300310.SZ,20201013,7.7011
300310.SZ,20201012,7.7011
300310.SZ,20201009,7.7011
300310.SZ,20200930,7.7011
300310.SZ,20200929,7.7011
300310.SZ,20200928,7.7011
300310.SZ,20200925,7.7011
300310.SZ,20200924,7.7011
300310.SZ,20200923,7.7011
300310.SZ,20200922,7.7011
300310.SZ,20200921,7.7011
300310.SZ,20200918,7.7011
300310.SZ,20200917,7.7011
300310.SZ,20200916,7.7011
300310.SZ,20200915,7.7011
300310.SZ,20200914,7.7011
300310.SZ,20200911,7.7011
300310.SZ,20200910,7.7011
300310.SZ,20200909,7.7011
300310.SZ,20200908,7.7011
300310.SZ,20200907,7.7011
300310.SZ,20200904,7.7011
300310.SZ,20200903,7.7011
300310.SZ,20200902,7.7011
300310.SZ,20200901,7.7011
300310.SZ,20200831,7.7011
300310.SZ,20200828,7.7011
300310.SZ,20200827,7.7011
300310.SZ,20200826,7.7011
300310.SZ,20200825,7.7011
300310.SZ,20200824,7.7011
300310.SZ,20200821,7.7011
300310.SZ,20200820,7.7011
300310.SZ,20200819,7.7011
300310.SZ,20200818,7.7011
300310.SZ,20200817,7.7011
300310.SZ,20200814,7.7011
300310.SZ,20200813,7.7011
300310.SZ,20200812,7.7011
300310.SZ,20200811,7.7011
300310.SZ,20200810,7.7011
300310.SZ,20200807,7.7011
300310.SZ,20200806,7.7011
300310.SZ,20200805,7.7011
300310.SZ,20200804,7.7011
300310.SZ,20200803,7.7011
300310.SZ,20200731,7.7011
300310.SZ,20200730,7.7011
300310.SZ,20200729,7.7011
300310.SZ,20200728,7.7011
300310.SZ,20200727,7.7011
300310.SZ,20200724,7.7011
300310.SZ,20200723,7.7011
300310.SZ,20200722,7.7011
300310.SZ,20200721,7.7011
300310.SZ,20200720,7.7011
300310.SZ,20200717,7.7011
300310.SZ,20200716,7.7011
300310.SZ,20200715,7.7011
300310.SZ,20200714,7.7011
300310.SZ,20200713,7.7011
300310.SZ,20200710,7.7011
300310.SZ,20200709,7.7011
300310.SZ,20200708,7.7011
300310.SZ,20200707,7.7011
300310.SZ,20200706,7.7011
300310.SZ,20200703,7.7011
300310.SZ,20200702,7.7011
300310.SZ,20200701,7.7011
300310.SZ,20200630,7.7011
300310.SZ,20200629,7.7011
300310.SZ,20200624,7.7011
300310.SZ,20200623,7.7011
300310.SZ,20200622,7.7011
300310.SZ,20200619,7.7011
300310.SZ,20200618,7.7011
300310.SZ,20200617,7.7011
300310.SZ,20200616,7.7011
300310.SZ,20200615,7.7011
300310.SZ,20200612,7.7011
300310.SZ,20200611,7.7011
300310.SZ,20200610,7.7011
300310.SZ,20200609,7.7011
300310.SZ,20200608,7.7011
300310.SZ,20200605,7.7011
300310.SZ,20200604,7.7011
300310.SZ,20200603,7.7011
300310.SZ,20200602,7.7011
300310.SZ,20200601,7.7011
300310.SZ,20200529,7.7011
300310.SZ,20200528,7.7011
300310.SZ,20200527,7.7011
300310.SZ,20200526,7.7011
300310.SZ,20200525,7.7011
300310.SZ,20200522,7.7011
300310.SZ,20200521,7.7011
300310.SZ,20200520,7.7011
300310.SZ,20200519,7.7011
300310.SZ,20200518,7.7011
300310.SZ,20200515,7.7011
300310.SZ,20200514,7.7011
300310.SZ,20200513,7.7011
300310.SZ,20200512,7.7011
300310.SZ,20200511,7.7011
300310.SZ,20200508,7.7011
300310.SZ,20200507,7.7011
300310.SZ,20200506,7.7011
300310.SZ,20200430,7.7011
300310.SZ,20200429,7.7011
300310.SZ,20200428,7.7011
300310.SZ,20200427,7.7011
300310.SZ,20200424,7.7011
300310.SZ,20200423,7.7011
300310.SZ,20200422,7.7011
300310.SZ,20200421,7.7011
300310.SZ,20200420,7.7011
300310.SZ,20200417,7.7011
300310.SZ,20200416,7.7011
300310.SZ,20200415,7.7011
300310.SZ,20200414,7.7011
300310.SZ,20200413,7.7011
300310.SZ,20200410,7.7011
300310.SZ,20200409,7.7011
300310.SZ,20200408,7.7011
300310.SZ,20200407,7.7011
300310.SZ,20200403,7.7011
300310.SZ,20200402,7.7011
300310.SZ,20200401,7.7011
300310.SZ,20200331,7.7011
300310.SZ,20200330,7.7011
300310.SZ,20200327,7.7011
300310.SZ,20200326,7.7011
300310.SZ,20200325,7.7011
300310.SZ,20200324,7.7011
300310.SZ,20200323,7.7011
300310.SZ,20200320,7.7011
300310.SZ,20200319,7.7011
300310.SZ,20200318,7.7011
300310.SZ,20200317,7.7011
300310.SZ,20200316,7.7011
300310.SZ,20200313,7.7011
300310.SZ,20200312,7.7011
300310.SZ,20200311,7.7011
300310.SZ,20200310,7.7011
300310.SZ,20200309,7.7011
300310.SZ,20200306,7.7011
300310.SZ,20200305,7.7011
300310.SZ,20200304,7.7011
300310.SZ,20200303,7.7011
300310.SZ,20200302,7.7011
300310.SZ,20200228,7.7011
300310.SZ,20200227,7.7011
300310.SZ,20200226,7.7011
300310.SZ,20200225,7.7011
300310.SZ,20200224,7.7011
300310.SZ,20200221,7.7011
300310.SZ,20200220,7.7011
300310.SZ,20200219,7.7011
300310.SZ,20200218,7.7011
300310.SZ,20200217,7.7011
300310.SZ,20200214,7.7011
300310.SZ,20200213,7.7011
300310.SZ,20200212,7.7011
300310.SZ,20200211,7.7011
300310.SZ,20200210,7.7011
300310.SZ,20200207,7.7011
300310.SZ,20200206,7.7011
300310.SZ,20200205,7.7011
300310.SZ,20200204,7.7011
300310.SZ,20200203,7.7011
300310.SZ,20200123,7.7011
300310.SZ,20200122,7.7011
300310.SZ,20200121,7.7011
300310.SZ,20200120,7.7011
300310.SZ,20200117,7.7011
300310.SZ,20200116,7.7011
300310.SZ,20200115,7.7011
300310.SZ,20200114,7.7011
300310.SZ,20200113,7.7011
300310.SZ,20200110,7.7011
300310.SZ,20200109,7.7011
300310.SZ,20200108,7.7011
300310.SZ,20200107,7.7011
300310.SZ,20200106,7.7011
300310.SZ,20200103,7.7011
300310.SZ,20200102,7.7011
300310.SZ,20191231,7.701
300310.SZ,20191230,7.701
300310.SZ,20191227,7.701
300310.SZ,20191226,7.701
300310.SZ,20191225,7.701
300310.SZ,20191224,7.701
300310.SZ,20191223,7.701
300310.SZ,20191220,7.701
300310.SZ,20191219,7.701
300310.SZ,20191218,7.701
300310.SZ,20191217,7.701
300310.SZ,20191216,7.701
300310.SZ,20191213,7.701
300310.SZ,20191212,7.701
300310.SZ,20191211,7.701
300310.SZ,20191210,7.701
300310.SZ,20191209,7.701
300310.SZ,20191206,7.701
300310.SZ,20191205,7.701
300310.SZ,20191204,7.701
300310.SZ,20191203,7.701
300310.SZ,20191202,7.701
300310.SZ,20191129,7.701
300310.SZ,20191128,7.701
300310.SZ,20191127,7.701
300310.SZ,20191126,7.701
300310.SZ,20191125,7.701
300310.SZ,20191122,7.701
300310.SZ,20191121,7.701
300310.SZ,20191120,7.701
300310.SZ,20191119,7.701
300310.SZ,20191118,7.701
300310.SZ,20191115,7.701
300310.SZ,20191114,7.701
300310.SZ,20191113,7.701
300310.SZ,20191112,7.701
300310.SZ,20191111,7.701
300310.SZ,20191108,7.701
300310.SZ,20191107,7.701
300310.SZ,20191106,7.701
300310.SZ,20191105,7.701
300310.SZ,20191104,7.701
300310.SZ,20191101,7.701
300310.SZ,20191031,7.701
300310.SZ,20191030,7.701
300310.SZ,20191029,7.701
300310.SZ,20191028,7.701
300310.SZ,20191025,7.701
300310.SZ,20191024,7.701
300310.SZ,20191023,7.701
300310.SZ,20191022,7.701
300310.SZ,20191021,7.701
300310.SZ,20191018,7.701
300310.SZ,20191017,7.701
300310.SZ,20191016,7.701
300310.SZ,20191015,7.701
300310.SZ,20191014,7.701
300310.SZ,20191011,7.701
300310.SZ,20191010,7.701
300310.SZ,20191009,7.701
300310.SZ,20191008,7.701
300310.SZ,20190930,7.701
300310.SZ,20190927,7.701
300310.SZ,20190926,7.701
300310.SZ,20190925,7.701
300310.SZ,20190924,7.701
300310.SZ,20190923,7.701
300310.SZ,20190920,7.701
300310.SZ,20190919,7.701
300310.SZ,20190918,7.701
300310.SZ,20190917,7.701
300310.SZ,20190916,7.701
300310.SZ,20190912,7.701
300310.SZ,20190911,7.701
300310.SZ,20190910,7.701
300310.SZ,20190909,7.701
300310.SZ,20190906,7.701
300310.SZ,20190905,7.701
300310.SZ,20190904,7.701
300310.SZ,20190903,7.701
300310.SZ,20190902,7.701
300310.SZ,20190830,7.701
300310.SZ,20190829,7.701
300310.SZ,20190828,7.701
300310.SZ,20190827,7.701
300310.SZ,20190826,7.701
300310.SZ,20190823,7.701
300310.SZ,20190822,7.701
300310.SZ,20190821,7.701
300310.SZ,20190820,7.701
300310.SZ,20190819,7.701
300310.SZ,20190816,7.701
300310.SZ,20190815,7.701
300310.SZ,20190814,7.701
300310.SZ,20190813,7.701
300310.SZ,20190812,7.701
300310.SZ,20190809,7.701
300310.SZ,20190808,7.701
300310.SZ,20190807,7.701
300310.SZ,20190806,7.701
300310.SZ,20190805,7.701
300310.SZ,20190802,7.701
300310.SZ,20190801,7.701
300310.SZ,20190731,7.701
300310.SZ,20190730,7.701
300310.SZ,20190729,7.701
300310.SZ,20190726,7.701
300310.SZ,20190725,7.701
300310.SZ,20190724,7.701
300310.SZ,20190723,7.701
300310.SZ,20190722,7.701
300310.SZ,20190719,7.701
300310.SZ,20190718,7.701
300310.SZ,20190717,7.701
300310.SZ,20190716,7.701
300310.SZ,20190715,7.701
300310.SZ,20190712,7.701
300310.SZ,20190711,7.701
300310.SZ,20190710,7.701
300310.SZ,20190709,7.701
300310.SZ,20190708,7.701
300310.SZ,20190705,7.701
300310.SZ,20190704,7.701
300310.SZ,20190703,7.701
300310.SZ,20190702,7.701
300310.SZ,20190701,7.701
300310.SZ,20190628,7.701
300310.SZ,20190627,7.701
300310.SZ,20190626,7.701
300310.SZ,20190625,7.701
300310.SZ,20190624,7.701
300310.SZ,20190621,7.701
300310.SZ,20190620,7.701
300310.SZ,20190619,7.701
300310.SZ,20190618,7.701
300310.SZ,20190617,7.701
300310.SZ,20190614,7.701
300310.SZ,20190613,7.701
300310.SZ,20190612,7.701
300310.SZ,20190611,7.701
300310.SZ,20190610,7.701
300310.SZ,20190606,7.701
300310.SZ,20190605,7.701
300310.SZ,20190604,7.701
300310.SZ,20190603,7.701
300310.SZ,20190531,7.701
300310.SZ,20190530,7.701
300310.SZ,20190529,7.701
300310.SZ,20190528,7.701
300310.SZ,20190527,7.701
300310.SZ,20190524,7.701
300310.SZ,20190523,7.701
300310.SZ,20190522,7.701
300310.SZ,20190521,7.701
300310.SZ,20190520,7.701
300310.SZ,20190517,7.701
300310.SZ,20190516,7.701
300310.SZ,20190515,7.701
300310.SZ,20190514,7.701
300310.SZ,20190513,7.701
300310.SZ,20190510,7.701
300310.SZ,20190509,7.701
300310.SZ,20190508,7.701
300310.SZ,20190507,7.701
300310.SZ,20190506,7.701
300310.SZ,20190430,7.701
300310.SZ,20190429,7.701
300310.SZ,20190426,7.701
300310.SZ,20190425,7.701
300310.SZ,20190424,7.701
300310.SZ,20190423,7.701
300310.SZ,20190422,7.701
300310.SZ,20190419,7.701
300310.SZ,20190418,7.701
300310.SZ,20190417,7.701
300310.SZ,20190416,7.701
300310.SZ,20190415,7.701
300310.SZ,20190412,7.701
300310.SZ,20190411,7.701
300310.SZ,20190410,7.701
300310.SZ,20190409,7.701
300310.SZ,20190408,7.701
300310.SZ,20190404,7.701
300310.SZ,20190403,7.701
300310.SZ,20190402,7.701
300310.SZ,20190401,7.701
300310.SZ,20190329,7.701
300310.SZ,20190328,7.701
300310.SZ,20190327,7.701
300310.SZ,20190326,7.701
300310.SZ,20190325,7.701
300310.SZ,20190322,7.701
300310.SZ,20190321,7.701
300310.SZ,20190320,7.701
300310.SZ,20190319,7.701
300310.SZ,20190318,7.701
300310.SZ,20190315,7.701
300310.SZ,20190314,7.701
300310.SZ,20190313,7.701
300310.SZ,20190312,7.701
300310.SZ,20190311,7.701
300310.SZ,20190308,7.701
300310.SZ,20190307,7.701
300310.SZ,20190306,7.701
300310.SZ,20190305,7.701
300310.SZ,20190304,7.701
300310.SZ,20190301,7.701
300310.SZ,20190228,7.701
300310.SZ,20190227,7.701
300310.SZ,20190226,7.701
300310.SZ,20190225,7.701
300310.SZ,20190222,7.701
300310.SZ,20190221,7.701
300310.SZ,20190220,7.701
300310.SZ,20190219,7.701
300310.SZ,20190218,7.701
300310.SZ,20190215,7.701
300310.SZ,20190214,7.701
300310.SZ,20190213,7.701
300310.SZ,20190212,7.701
300310.SZ,20190211,7.701
300310.SZ,20190201,7.701
300310.SZ,20190131,7.701
300310.SZ,20190130,7.701
300310.SZ,20190129,7.701
300310.SZ,20190128,7.701
300310.SZ,20190125,7.701
300310.SZ,20190124,7.701
300310.SZ,20190123,7.701
300310.SZ,20190122,7.701
300310.SZ,20190121,7.701
300310.SZ,20190118,7.701
300310.SZ,20190117,7.701
300310.SZ,20190116,7.701
300310.SZ,20190115,7.701
300310.SZ,20190114,7.701
300310.SZ,20190111,7.701
300310.SZ,20190110,7.701
300310.SZ,20190109,7.701
300310.SZ,20190108,7.701
300310.SZ,20190107,7.701
300310.SZ,20190104,7.701
300310.SZ,20190103,7.701
300310.SZ,20190102,7.701
300310.SZ,20181228,7.701
300310.SZ,20181227,7.701
300310.SZ,20181226,7.701
300310.SZ,20181225,7.701
300310.SZ,20181224,7.701
300310.SZ,20181221,7.701
300310.SZ,20181220,7.701
300310.SZ,20181219,7.701
300310.SZ,20181218,7.701
300310.SZ,20181217,7.701
300310.SZ,20181214,7.701
300310.SZ,20181213,7.701
300310.SZ,20181212,7.701
300310.SZ,20181211,7.701
300310.SZ,20181210,7.701
300310.SZ,20181207,7.701
300310.SZ,20181206,7.701
300310.SZ,20181205,7.701
300310.SZ,20181204,7.701
300310.SZ,20181203,7.701
300310.SZ,20181130,7.701
300310.SZ,20181129,7.701
300310.SZ,20181128,7.701
300310.SZ,20181127,7.701
300310.SZ,20181126,7.701
300310.SZ,20181123,7.701
300310.SZ,20181122,7.701
300310.SZ,20181121,7.701
300310.SZ,20181120,7.701
300310.SZ,20181119,7.701
300310.SZ,20181116,7.701
300310.SZ,20181115,7.701
300310.SZ,20181114,7.701
300310.SZ,20181113,7.701
300310.SZ,20181112,7.701
300310.SZ,20181109,7.701
300310.SZ,20181108,7.701
300310.SZ,20181107,7.701
300310.SZ,20181106,7.701
300310.SZ,20181105,7.701
300310.SZ,20181102,7.701
300310.SZ,20181101,7.701
300310.SZ,20181031,7.701
300310.SZ,20181030,7.701
300310.SZ,20181029,7.701
300310.SZ,20181026,7.701
300310.SZ,20181025,7.701
300310.SZ,20181024,7.701
300310.SZ,20181023,7.701
300310.SZ,20181022,7.701
300310.SZ,20181019,7.701
300310.SZ,20181018,7.701
300310.SZ,20181017,7.701
300310.SZ,20181016,7.701
300310.SZ,20181015,7.701
300310.SZ,20181012,7.701
300310.SZ,20181011,7.701
300310.SZ,20181010,7.701
300310.SZ,20181009,7.701
300310.SZ,20181008,7.701
300310.SZ,20180928,7.701
300310.SZ,20180927,7.701
300310.SZ,20180926,7.701
300310.SZ,20180925,7.701
300310.SZ,20180921,7.701
300310.SZ,20180920,7.701
300310.SZ,20180919,7.701
300310.SZ,20180918,7.701
300310.SZ,20180917,7.701
300310.SZ,20180914,7.701
300310.SZ,20180913,7.701
300310.SZ,20180912,7.701
300310.SZ,20180911,7.701
300310.SZ,20180910,7.701
300310.SZ,20180907,7.701
300310.SZ,20180906,7.701
300310.SZ,20180905,7.701
300310.SZ,20180904,7.701
300310.SZ,20180903,7.701
300310.SZ,20180831,7.701
300310.SZ,20180830,7.701
300310.SZ,20180829,7.701
300310.SZ,20180828,7.701
300310.SZ,20180827,7.7011
300310.SZ,20180824,7.7011
300310.SZ,20180823,7.7011
300310.SZ,20180822,7.7011
300310.SZ,20180821,7.7011
300310.SZ,20180820,7.7011
300310.SZ,20180817,7.7011
300310.SZ,20180816,7.7011
300310.SZ,20180815,7.701
300310.SZ,20180814,7.701
300310.SZ,20180813,7.701
300310.SZ,20180810,7.701
300310.SZ,20180809,7.701
300310.SZ,20180808,7.701
300310.SZ,20180807,7.701
300310.SZ,20180806,7.701
300310.SZ,20180803,7.701
300310.SZ,20180802,7.701
300310.SZ,20180801,7.701
300310.SZ,20180731,7.701
300310.SZ,20180730,7.701
300310.SZ,20180727,7.701
300310.SZ,20180726,7.701
300310.SZ,20180725,7.701
300310.SZ,20180724,7.701
300310.SZ,20180723,7.701
300310.SZ,20180720,7.701
300310.SZ,20180719,7.701
300310.SZ,20180718,7.701
300310.SZ,20180717,7.701
300310.SZ,20180716,7.701
300310.SZ,20180713,7.701
300310.SZ,20180712,7.701
300310.SZ,20180711,7.701
300310.SZ,20180710,7.701
300310.SZ,20180709,7.701
300310.SZ,20180706,7.701
300310.SZ,20180705,7.701
300310.SZ,20180704,7.701
300310.SZ,20180703,7.701
300310.SZ,20180702,7.701
300310.SZ,20180629,7.701
300310.SZ,20180628,7.701
300310.SZ,20180627,7.701
300310.SZ,20180626,7.701
300310.SZ,20180625,7.701
300310.SZ,20180622,7.701
300310.SZ,20180621,7.701
300310.SZ,20180620,7.701
300310.SZ,20180619,7.701
300310.SZ,20180615,7.701
300310.SZ,20180614,7.701
300310.SZ,20180613,7.701
300310.SZ,20180612,7.653
300310.SZ,20180611,7.653
300310.SZ,20180608,7.653
300310.SZ,20180607,7.653
300310.SZ,20180606,7.653
300310.SZ,20180605,7.653
300310.SZ,20180604,7.653
300310.SZ,20180601,7.653
300310.SZ,20180531,7.653
300310.SZ,20180530,7.653
300310.SZ,20180529,7.653
300310.SZ,20180528,7.653
300310.SZ,20180525,7.653
300310.SZ,20180524,7.653
300310.SZ,20180523,7.653
300310.SZ,20180522,7.653
300310.SZ,20180521,7.653
300310.SZ,20180518,7.653
300310.SZ,20180517,7.653
300310.SZ,20180516,7.653
300310.SZ,20180515,7.653
300310.SZ,20180514,7.653
300310.SZ,20180511,7.653
300310.SZ,20180510,7.653
300310.SZ,20180509,7.653
300310.SZ,20180508,7.653
300310.SZ,20180507,7.653
300310.SZ,20180504,7.653
300310.SZ,20180503,7.653
300310.SZ,20180502,7.653
300310.SZ,20180427,7.653
300310.SZ,20180426,7.653
300310.SZ,20180425,7.653
300310.SZ,20180424,7.653
300310.SZ,20180423,7.653
300310.SZ,20180420,7.653
300310.SZ,20180419,7.653
300310.SZ,20180418,7.653
300310.SZ,20180417,7.653
300310.SZ,20180416,7.653
300310.SZ,20180413,7.653
300310.SZ,20180412,7.653
300310.SZ,20180411,7.653
300310.SZ,20180410,7.653
300310.SZ,20180409,7.653
300310.SZ,20180404,7.653
300310.SZ,20180403,7.653
300310.SZ,20180402,7.653
300310.SZ,20180330,7.653
300310.SZ,20180329,7.653
300310.SZ,20180328,7.653
300310.SZ,20180327,7.653
300310.SZ,20180326,7.653
300310.SZ,20180323,7.653
300310.SZ,20180322,7.653
300310.SZ,20180321,7.653
300310.SZ,20180320,7.653
300310.SZ,20180319,7.653
300310.SZ,20180316,7.653
300310.SZ,20180315,7.653
300310.SZ,20180314,7.653
300310.SZ,20180313,7.653
300310.SZ,20180312,7.653
300310.SZ,20180309,7.653
300310.SZ,20180308,7.653
300310.SZ,20180307,7.653
300310.SZ,20180306,7.653
300310.SZ,20180305,7.653
300310.SZ,20180302,7.653
300310.SZ,20180301,7.653
300310.SZ,20180228,7.653
300310.SZ,20180227,7.653
300310.SZ,20180226,7.653
300310.SZ,20180223,7.653
300310.SZ,20180222,7.653
300310.SZ,20180214,7.653
300310.SZ,20180213,7.653
300310.SZ,20180212,7.653
300310.SZ,20180209,7.653
300310.SZ,20180208,7.653
300310.SZ,20180207,7.653
300310.SZ,20180206,7.653
300310.SZ,20180205,7.653
300310.SZ,20180202,7.653
300310.SZ,20180201,7.653
300310.SZ,20180131,7.653
300310.SZ,20180130,7.653
300310.SZ,20180129,7.653
300310.SZ,20180126,7.653
300310.SZ,20180125,7.653
300310.SZ,20180124,7.653
300310.SZ,20180123,7.653
300310.SZ,20180122,7.653
300310.SZ,20180119,7.653
300310.SZ,20180118,7.653
300310.SZ,20180117,7.653
300310.SZ,20180116,7.653
300310.SZ,20180115,7.653
300310.SZ,20180112,7.653
300310.SZ,20180111,7.653
300310.SZ,20180110,7.653
300310.SZ,20180109,7.653
300310.SZ,20180108,7.653
300310.SZ,20180105,7.653
300310.SZ,20180104,7.653
300310.SZ,20180103,7.653
300310.SZ,20180102,7.653
300310.SZ,20171229,7.653
300310.SZ,20171228,7.653
300310.SZ,20171227,7.653
300310.SZ,20171226,7.653
300310.SZ,20171225,7.653
300310.SZ,20171222,7.653
300310.SZ,20171221,7.653
300310.SZ,20171220,7.653
300310.SZ,20171219,7.653
300310.SZ,20171218,7.653
300310.SZ,20171215,7.653
300310.SZ,20171214,7.653
300310.SZ,20171213,7.653
300310.SZ,20171212,7.653
300310.SZ,20171211,7.653
300310.SZ,20171208,7.653
300310.SZ,20171207,7.653
300310.SZ,20171206,7.653
300310.SZ,20171205,7.653
300310.SZ,20171204,7.653
300310.SZ,20171201,7.653
300310.SZ,20171130,7.653
300310.SZ,20171129,7.653
300310.SZ,20171128,7.653
300310.SZ,20171127,7.653
300310.SZ,20171124,7.653
300310.SZ,20171123,7.653
300310.SZ,20171122,7.653
300310.SZ,20171121,7.653
300310.SZ,20171120,7.653
300310.SZ,20171117,7.653
300310.SZ,20171116,7.653
300310.SZ,20171115,7.653
300310.SZ,20171114,7.653
300310.SZ,20171113,7.653
300310.SZ,20171110,7.653
300310.SZ,20171109,7.653
300310.SZ,20171108,7.653
300310.SZ,20171107,7.653
300310.SZ,20171106,7.653
300310.SZ,20171103,7.653
300310.SZ,20171102,7.653
300310.SZ,20171101,7.653
300310.SZ,20171031,7.653
300310.SZ,20171030,7.653
300310.SZ,20171027,7.653
300310.SZ,20171026,7.653
300310.SZ,20171025,7.653
300310.SZ,20171024,7.653
300310.SZ,20171023,7.653
300310.SZ,20171020,7.653
300310.SZ,20171019,7.653
300310.SZ,20171018,7.653
300310.SZ,20171017,7.653
300310.SZ,20171016,7.653
300310.SZ,20171013,7.653
300310.SZ,20171012,7.653
300310.SZ,20171011,7.653
300310.SZ,20171010,7.653
300310.SZ,20171009,7.653
300310.SZ,20170929,7.653
300310.SZ,20170928,7.653
300310.SZ,20170927,7.653
300310.SZ,20170926,7.653
300310.SZ,20170925,7.653
300310.SZ,20170922,7.653
300310.SZ,20170921,7.653
300310.SZ,20170920,7.653
300310.SZ,20170919,7.653
300310.SZ,20170918,7.653
300310.SZ,20170915,7.653
300310.SZ,20170914,7.653
300310.SZ,20170913,7.653
300310.SZ,20170912,7.653
300310.SZ,20170911,7.653
300310.SZ,20170908,7.653
300310.SZ,20170907,7.653
300310.SZ,20170906,7.653
300310.SZ,20170905,7.653
300310.SZ,20170904,7.653
300310.SZ,20170901,7.653
300310.SZ,20170831,7.653
300310.SZ,20170830,7.653
300310.SZ,20170829,7.653
300310.SZ,20170828,7.653
300310.SZ,20170825,7.653
300310.SZ,20170824,7.653
300310.SZ,20170823,7.653
300310.SZ,20170822,7.653
300310.SZ,20170821,7.653
300310.SZ,20170818,7.653
300310.SZ,20170817,7.653
300310.SZ,20170816,7.653
300310.SZ,20170815,7.653
300310.SZ,20170814,7.653
300310.SZ,20170811,7.653
300310.SZ,20170810,7.653
300310.SZ,20170809,7.653
300310.SZ,20170808,7.653
300310.SZ,20170807,7.653
300310.SZ,20170804,7.653
300310.SZ,20170803,7.653
300310.SZ,20170802,7.653
300310.SZ,20170801,7.653
300310.SZ,20170731,7.653
300310.SZ,20170728,7.653
300310.SZ,20170727,7.653
300310.SZ,20170726,7.653
300310.SZ,20170725,7.653
300310.SZ,20170724,7.653
300310.SZ,20170721,7.653
300310.SZ,20170720,7.653
300310.SZ,20170719,7.653
300310.SZ,20170718,7.653
300310.SZ,20170717,7.653
300310.SZ,20170714,7.653
300310.SZ,20170713,7.653
300310.SZ,20170712,7.653
300310.SZ,20170711,7.653
300310.SZ,20170710,7.653
300310.SZ,20170707,7.653
300310.SZ,20170706,7.653
300310.SZ,20170705,7.653
300310.SZ,20170704,7.653
300310.SZ,20170703,7.653
300310.SZ,20170630,7.653
300310.SZ,20170629,7.653
300310.SZ,20170628,7.653
300310.SZ,20170627,7.653
300310.SZ,20170626,7.653
300310.SZ,20170623,7.653
300310.SZ,20170622,7.653
300310.SZ,20170621,7.653
300310.SZ,20170620,7.653
300310.SZ,20170619,7.653
300310.SZ,20170616,7.653
300310.SZ,20170615,7.653
300310.SZ,20170614,7.653
300310.SZ,20170613,7.653
300310.SZ,20170612,7.653
300310.SZ,20170609,7.653
300310.SZ,20170608,7.653
300310.SZ,20170607,7.653
300310.SZ,20170606,7.653
300310.SZ,20170605,7.653
300310.SZ,20170602,7.653
300310.SZ,20170601,7.653
300310.SZ,20170531,7.653
300310.SZ,20170526,7.653
300310.SZ,20170525,7.653
300310.SZ,20170524,7.653
300310.SZ,20170523,7.653
300310.SZ,20170522,7.653
300310.SZ,20170519,7.653
300310.SZ,20170518,7.653
300310.SZ,20170517,7.653
300310.SZ,20170516,7.653
300310.SZ,20170515,7.653
300310.SZ,20170512,7.653
300310.SZ,20170511,7.653
300310.SZ,20170510,7.653
300310.SZ,20170509,7.653
300310.SZ,20170508,7.653
300310.SZ,20170505,7.653
300310.SZ,20170504,7.653
300310.SZ,20170503,7.653
300310.SZ,20170502,7.653
300310.SZ,20170428,7.653
300310.SZ,20170427,7.653
300310.SZ,20170426,7.653
300310.SZ,20170425,4.237
300310.SZ,20170424,4.237
300310.SZ,20170421,4.237
300310.SZ,20170420,4.237
300310.SZ,20170419,4.237
300310.SZ,20170418,4.237
300310.SZ,20170417,4.237
300310.SZ,20170414,4.237
300310.SZ,20170413,4.237
300310.SZ,20170412,4.237
300310.SZ,20170411,4.237
300310.SZ,20170410,4.237
300310.SZ,20170407,4.237
300310.SZ,20170406,4.237
300310.SZ,20170405,4.237
300310.SZ,20170331,4.237
300310.SZ,20170330,4.237
300310.SZ,20170329,4.237
300310.SZ,20170328,4.237
300310.SZ,20170327,4.237
300310.SZ,20170324,4.237
300310.SZ,20170323,4.237
300310.SZ,20170322,4.237
300310.SZ,20170321,4.237
300310.SZ,20170320,4.237
300310.SZ,20170317,4.237
300310.SZ,20170316,4.237
300310.SZ,20170315,4.237
300310.SZ,20170314,4.237
300310.SZ,20170313,4.237
300310.SZ,20170310,4.237
300310.SZ,20170309,4.237
300310.SZ,20170308,4.237
300310.SZ,20170307,4.237
300310.SZ,20170306,4.237
300310.SZ,20170303,4.237
300310.SZ,20170302,4.237
300310.SZ,20170301,4.237
300310.SZ,20170228,4.237
300310.SZ,20170227,4.237
300310.SZ,20170224,4.237
300310.SZ,20170223,4.237
300310.SZ,20170222,4.237
300310.SZ,20170221,4.237
300310.SZ,20170220,4.237
300310.SZ,20170217,4.237
300310.SZ,20170216,4.237
300310.SZ,20170215,4.237
300310.SZ,20170214,4.237
300310.SZ,20170213,4.237
300310.SZ,20170210,4.237
300310.SZ,20170209,4.237
300310.SZ,20170208,4.237
300310.SZ,20170207,4.237
300310.SZ,20170206,4.237
300310.SZ,20170203,4.237
300310.SZ,20170126,4.237
300310.SZ,20170125,4.237
300310.SZ,20170124,4.237
300310.SZ,20170123,4.237
300310.SZ,20170120,4.237
300310.SZ,20170119,4.237
300310.SZ,20170118,4.237
300310.SZ,20170117,4.237
300310.SZ,20170116,4.237
300310.SZ,20170113,4.237
300310.SZ,20170112,4.237
300310.SZ,20170111,4.237
300310.SZ,20170110,4.237
300310.SZ,20170109,4.237
300310.SZ,20170106,4.237
300310.SZ,20170105,4.237
300310.SZ,20170104,4.237
300310.SZ,20170103,4.237
300310.SZ,20161230,4.237
300310.SZ,20161229,4.237
300310.SZ,20161228,4.237
300310.SZ,20161227,4.237
300310.SZ,20161226,4.237
300310.SZ,20161223,4.237
300310.SZ,20161222,4.237
300310.SZ,20161221,4.237
300310.SZ,20161220,4.237
300310.SZ,20161219,4.237
300310.SZ,20161216,4.237
300310.SZ,20161215,4.237
300310.SZ,20161214,4.237
300310.SZ,20161213,4.237
300310.SZ,20161212,4.237
300310.SZ,20161209,4.237
300310.SZ,20161208,4.237
300310.SZ,20161207,4.237
300310.SZ,20161206,4.237
300310.SZ,20161205,4.237
300310.SZ,20161202,4.237
300310.SZ,20161201,4.237
300310.SZ,20161130,4.237
300310.SZ,20161129,4.237
300310.SZ,20161128,4.237
300310.SZ,20161125,4.237
300310.SZ,20161124,4.237
300310.SZ,20161123,4.237
300310.SZ,20161122,4.237
300310.SZ,20161121,4.237
300310.SZ,20161118,4.237
300310.SZ,20161117,4.237
300310.SZ,20161116,4.237
300310.SZ,20161115,4.237
300310.SZ,20161114,4.237
300310.SZ,20161111,4.237
300310.SZ,20161110,4.237
300310.SZ,20161109,4.237
300310.SZ,20161108,4.237
300310.SZ,20161107,4.237
300310.SZ,20161104,4.237
300310.SZ,20161103,4.237
300310.SZ,20161102,4.237
300310.SZ,20161101,4.237
300310.SZ,20161031,4.237
300310.SZ,20161028,4.237
300310.SZ,20161027,4.237
300310.SZ,20161026,4.237
300310.SZ,20161025,4.237
300310.SZ,20161024,4.237
300310.SZ,20161021,4.237
300310.SZ,20161020,4.237
300310.SZ,20161019,4.237
300310.SZ,20161018,4.237
300310.SZ,20161017,4.237
300310.SZ,20161014,4.237
300310.SZ,20161013,4.237
300310.SZ,20161012,4.237
300310.SZ,20161011,4.237
300310.SZ,20161010,4.237
300310.SZ,20160930,4.237
300310.SZ,20160929,4.237
300310.SZ,20160928,4.237
300310.SZ,20160927,4.237
300310.SZ,20160926,4.237
300310.SZ,20160923,4.237
300310.SZ,20160922,4.237
300310.SZ,20160921,4.237
300310.SZ,20160920,4.237
300310.SZ,20160919,4.237
300310.SZ,20160914,4.237
300310.SZ,20160913,4.237
300310.SZ,20160912,4.237
300310.SZ,20160909,4.237
300310.SZ,20160908,4.237
300310.SZ,20160907,4.237
300310.SZ,20160906,4.237
300310.SZ,20160905,4.237
300310.SZ,20160902,4.237
300310.SZ,20160901,4.237
300310.SZ,20160831,4.237
300310.SZ,20160830,4.237
300310.SZ,20160829,4.237
300310.SZ,20160826,4.237
300310.SZ,20160825,4.237
300310.SZ,20160824,4.237
300310.SZ,20160823,4.237
300310.SZ,20160822,4.237
300310.SZ,20160819,4.237
300310.SZ,20160818,4.237
300310.SZ,20160817,4.237
300310.SZ,20160816,4.237
300310.SZ,20160815,4.237
300310.SZ,20160812,4.237
300310.SZ,20160811,4.237
300310.SZ,20160810,4.237
300310.SZ,20160809,4.237
300310.SZ,20160808,4.237
300310.SZ,20160805,4.237
300310.SZ,20160804,4.237
300310.SZ,20160803,4.237
300310.SZ,20160802,4.237
300310.SZ,20160801,4.237
300310.SZ,20160729,4.237
300310.SZ,20160728,4.237
300310.SZ,20160727,4.237
300310.SZ,20160726,4.237
300310.SZ,20160725,4.237
300310.SZ,20160722,4.237
300310.SZ,20160721,4.237
300310.SZ,20160720,4.237
300310.SZ,20160719,4.237
300310.SZ,20160718,4.237
300310.SZ,20160715,4.237
300310.SZ,20160714,4.237
300310.SZ,20160713,4.237
300310.SZ,20160712,4.237
300310.SZ,20160711,4.237
300310.SZ,20160708,4.237
300310.SZ,20160707,4.237
300310.SZ,20160706,4.237
300310.SZ,20160705,4.237
300310.SZ,20160704,4.237
300310.SZ,20160701,4.237
300310.SZ,20160630,4.237
300310.SZ,20160629,4.237
300310.SZ,20160628,4.237
300310.SZ,20160627,4.237
300310.SZ,20160624,4.237
300310.SZ,20160623,4.237
300310.SZ,20160622,4.237
300310.SZ,20160621,4.237
300310.SZ,20160620,4.237
300310.SZ,20160617,4.237
300310.SZ,20160616,4.237
300310.SZ,20160615,4.237
300310.SZ,20160614,4.237
300310.SZ,20160613,4.237
300310.SZ,20160608,4.237
300310.SZ,20160607,4.237
300310.SZ,20160606,4.237
300310.SZ,20160603,4.237
300310.SZ,20160602,4.237
300310.SZ,20160601,4.237
300310.SZ,20160531,4.237
300310.SZ,20160530,4.237
300310.SZ,20160527,4.237
300310.SZ,20160526,4.237
300310.SZ,20160525,2.645
300310.SZ,20160524,2.645
300310.SZ,20160523,2.645
300310.SZ,20160520,2.645
300310.SZ,20160519,2.645
300310.SZ,20160518,2.645
300310.SZ,20160517,2.645
300310.SZ,20160516,2.645
300310.SZ,20160513,2.645
300310.SZ,20160512,2.645
300310.SZ,20160511,2.645
300310.SZ,20160510,2.645
300310.SZ,20160509,2.645
300310.SZ,20160506,2.645
300310.SZ,20160505,2.645
300310.SZ,20160504,2.645
300310.SZ,20160503,2.645
300310.SZ,20160429,2.645
300310.SZ,20160428,2.645
300310.SZ,20160427,2.645
300310.SZ,20160426,2.645
300310.SZ,20160425,2.645
300310.SZ,20160422,2.645
300310.SZ,20160421,2.645
300310.SZ,20160420,2.645
300310.SZ,20160419,2.645
300310.SZ,20160418,2.645
300310.SZ,20160415,2.645
300310.SZ,20160414,2.645
300310.SZ,20160413,2.645
300310.SZ,20160412,2.645
300310.SZ,20160411,2.645
300310.SZ,20160408,2.645
300310.SZ,20160407,2.645
300310.SZ,20160406,2.645
300310.SZ,20160405,2.645
300310.SZ,20160401,2.645
300310.SZ,20160331,2.645
300310.SZ,20160330,2.645
300310.SZ,20160329,2.645
300310.SZ,20160328,2.645
300310.SZ,20160325,2.645
300310.SZ,20160324,2.645
300310.SZ,20160323,2.645
300310.SZ,20160322,2.645
300310.SZ,20160321,2.645
300310.SZ,20160318,2.645
300310.SZ,20160317,2.645
300310.SZ,20160316,2.645
300310.SZ,20160315,2.645
300310.SZ,20160314,2.645
300310.SZ,20160311,2.645
300310.SZ,20160310,2.645
300310.SZ,20160309,2.645
300310.SZ,20160308,2.645
300310.SZ,20160307,2.645
300310.SZ,20160304,2.645
300310.SZ,20160303,2.645
300310.SZ,20160302,2.645
300310.SZ,20160301,2.645
300310.SZ,20160229,2.645
300310.SZ,20160226,2.645
300310.SZ,20160225,2.645
300310.SZ,20160224,2.645
300310.SZ,20160223,2.645
300310.SZ,20160222,2.645
300310.SZ,20160219,2.645
300310.SZ,20160218,2.645
300310.SZ,20160217,2.645
300310.SZ,20160216,2.645
300310.SZ,20160215,2.645
300310.SZ,20160205,2.645
300310.SZ,20160204,2.645
300310.SZ,20160203,2.645
300310.SZ,20160202,2.645
300310.SZ,20160201,2.645
300310.SZ,20160129,2.645
300310.SZ,20160128,2.645
300310.SZ,20160127,2.645
300310.SZ,20160126,2.645
300310.SZ,20160125,2.645
300310.SZ,20160122,2.645
300310.SZ,20160121,2.645
300310.SZ,20160120,2.645
300310.SZ,20160119,2.645
300310.SZ,20160118,2.645
300310.SZ,20160115,2.645
300310.SZ,20160114,2.645
300310.SZ,20160113,2.645
300310.SZ,20160112,2.645
300310.SZ,20160111,2.645
300310.SZ,20160108,2.645
300310.SZ,20160107,2.645
300310.SZ,20160106,2.645
300310.SZ,20160105,2.645
300310.SZ,20160104,2.645
300310.SZ,20151231,2.645
300310.SZ,20151230,2.645
300310.SZ,20151229,2.645
300310.SZ,20151228,2.645
300310.SZ,20151225,2.645
300310.SZ,20151224,2.645
300310.SZ,20151223,2.645
300310.SZ,20151222,2.645
300310.SZ,20151221,2.645
300310.SZ,20151218,2.645
300310.SZ,20151217,2.645
300310.SZ,20151216,2.645
300310.SZ,20151215,2.645
300310.SZ,20151214,2.645
300310.SZ,20151211,2.645
300310.SZ,20151210,2.645
300310.SZ,20151209,2.645
300310.SZ,20151208,2.645
300310.SZ,20151207,2.645
300310.SZ,20151204,2.645
300310.SZ,20151203,2.645
300310.SZ,20151202,2.645
300310.SZ,20151201,2.645
300310.SZ,20151130,2.645
300310.SZ,20151127,2.645
300310.SZ,20151126,2.645
300310.SZ,20151125,2.645
300310.SZ,20151124,2.645
300310.SZ,20151123,2.645
300310.SZ,20151120,2.645
300310.SZ,20151119,2.645
300310.SZ,20151118,2.645
300310.SZ,20151117,2.645
300310.SZ,20151116,2.645
300310.SZ,20151113,2.645
300310.SZ,20151112,2.645
300310.SZ,20151111,2.645
300310.SZ,20151110,2.645
300310.SZ,20151109,2.645
300310.SZ,20151106,2.645
300310.SZ,20151105,2.645
300310.SZ,20151104,2.645
300310.SZ,20151103,2.645
300310.SZ,20151102,2.645
300310.SZ,20151030,2.645
300310.SZ,20151029,2.645
300310.SZ,20151028,2.645
300310.SZ,20151027,2.645
300310.SZ,20151026,2.645
300310.SZ,20151023,2.645
300310.SZ,20151022,2.645
300310.SZ,20151021,2.645
300310.SZ,20151020,2.645
300310.SZ,20151019,2.645
300310.SZ,20151016,2.645
300310.SZ,20151015,2.645
300310.SZ,20151014,2.645
300310.SZ,20151013,2.645
300310.SZ,20151012,2.645
300310.SZ,20151009,2.645
300310.SZ,20151008,2.645
300310.SZ,20150930,2.645
300310.SZ,20150929,2.645
300310.SZ,20150928,2.645
300310.SZ,20150925,2.645
300310.SZ,20150924,2.645
300310.SZ,20150923,2.645
300310.SZ,20150922,2.645
300310.SZ,20150921,2.645
300310.SZ,20150918,2.645
300310.SZ,20150917,2.645
300310.SZ,20150916,2.645
300310.SZ,20150915,2.645
300310.SZ,20150914,2.645
300310.SZ,20150911,2.645
300310.SZ,20150910,2.645
300310.SZ,20150909,2.645
300310.SZ,20150908,2.645
300310.SZ,20150907,2.645
300310.SZ,20150902,2.645
300310.SZ,20150901,2.645
300310.SZ,20150831,2.645
300310.SZ,20150828,2.645
300310.SZ,20150827,2.645
300310.SZ,20150826,2.645
300310.SZ,20150825,2.645
300310.SZ,20150824,2.645
300310.SZ,20150821,2.645
300310.SZ,20150820,2.645
300310.SZ,20150819,2.645
300310.SZ,20150818,2.645
300310.SZ,20150817,2.645
300310.SZ,20150814,2.645
300310.SZ,20150813,2.645
300310.SZ,20150812,2.645
300310.SZ,20150811,2.645
300310.SZ,20150810,2.645
300310.SZ,20150807,2.645
300310.SZ,20150806,2.645
300310.SZ,20150805,2.645
300310.SZ,20150804,2.645
300310.SZ,20150803,2.645
300310.SZ,20150731,2.645
300310.SZ,20150730,2.645
300310.SZ,20150729,2.645
300310.SZ,20150728,2.645
300310.SZ,20150727,2.645
300310.SZ,20150724,2.645
300310.SZ,20150723,2.645
300310.SZ,20150722,2.645
300310.SZ,20150721,2.645
300310.SZ,20150720,2.645
300310.SZ,20150717,2.645
300310.SZ,20150716,2.645
300310.SZ,20150715,2.645
300310.SZ,20150714,2.645
300310.SZ,20150713,2.645
300310.SZ,20150710,2.645
300310.SZ,20150709,2.645
300310.SZ,20150708,2.645
300310.SZ,20150707,2.645
300310.SZ,20150706,2.645
300310.SZ,20150703,2.645
300310.SZ,20150702,2.645
300310.SZ,20150701,2.645
300310.SZ,20150630,2.645
300310.SZ,20150629,2.645
300310.SZ,20150626,2.645
300310.SZ,20150625,2.645
300310.SZ,20150624,2.645
300310.SZ,20150623,2.645
300310.SZ,20150619,2.645
300310.SZ,20150618,2.645
300310.SZ,20150617,2.645
300310.SZ,20150616,2.645
300310.SZ,20150615,2.645
300310.SZ,20150612,2.645
300310.SZ,20150611,2.645
300310.SZ,20150610,2.645
300310.SZ,20150609,2.645
300310.SZ,20150608,2.645
300310.SZ,20150605,2.645
300310.SZ,20150604,2.645
300310.SZ,20150603,2.645
300310.SZ,20150602,2.645
300310.SZ,20150601,2.645
300310.SZ,20150529,2.645
300310.SZ,20150528,2.645
300310.SZ,20150527,2.645
300310.SZ,20150526,2.645
300310.SZ,20150525,2.645
300310.SZ,20150522,2.645
300310.SZ,20150521,2.645
300310.SZ,20150520,2.645
300310.SZ,20150519,2.645
300310.SZ,20150518,2.645
300310.SZ,20150515,2.645
300310.SZ,20150514,2.645
300310.SZ,20150513,2.641
300310.SZ,20150512,2.641
300310.SZ,20150511,2.641
300310.SZ,20150508,2.641
300310.SZ,20150507,2.641
300310.SZ,20150506,2.641
300310.SZ,20150505,2.641
300310.SZ,20150504,2.641
300310.SZ,20150430,2.641
300310.SZ,20150429,2.641
300310.SZ,20150428,2.641
300310.SZ,20150427,2.641
300310.SZ,20150424,2.641
300310.SZ,20150423,2.641
300310.SZ,20150422,2.641
300310.SZ,20150421,2.641
300310.SZ,20150420,2.641
300310.SZ,20150417,2.641
300310.SZ,20150416,2.641
300310.SZ,20150415,2.641
300310.SZ,20150414,2.641
300310.SZ,20150413,2.641
300310.SZ,20150410,2.641
300310.SZ,20150409,2.641
300310.SZ,20150408,2.641
300310.SZ,20150407,2.641
300310.SZ,20150403,2.641
300310.SZ,20150402,2.641
300310.SZ,20150401,2.641
300310.SZ,20150331,2.641
300310.SZ,20150330,2.641
300310.SZ,20150327,2.641
300310.SZ,20150326,2.641
300310.SZ,20150325,2.641
300310.SZ,20150324,2.641
300310.SZ,20150323,2.641
300310.SZ,20150320,2.641
300310.SZ,20150319,2.641
300310.SZ,20150318,2.641
300310.SZ,20150317,2.641
300310.SZ,20150316,2.641
300310.SZ,20150313,2.641
300310.SZ,20150312,2.641
300310.SZ,20150311,2.641
300310.SZ,20150310,2.641
300310.SZ,20150309,2.641
300310.SZ,20150306,2.641
300310.SZ,20150305,2.641
300310.SZ,20150304,2.641
300310.SZ,20150303,2.641
300310.SZ,20150302,2.641
300310.SZ,20150227,2.641
300310.SZ,20150226,2.641
300310.SZ,20150225,2.641
300310.SZ,20150217,2.641
300310.SZ,20150216,2.641
300310.SZ,20150213,2.641
300310.SZ,20150212,2.641
300310.SZ,20150211,2.641
300310.SZ,20150210,2.641
300310.SZ,20150209,2.641
300310.SZ,20150206,2.641
300310.SZ,20150205,2.641
300310.SZ,20150204,2.641
300310.SZ,20150203,2.641
300310.SZ,20150202,2.641
300310.SZ,20150130,2.641
300310.SZ,20150129,2.641
300310.SZ,20150128,2.641
300310.SZ,20150127,2.641
300310.SZ,20150126,2.641
300310.SZ,20150123,2.641
300310.SZ,20150122,2.641
300310.SZ,20150121,2.641
300310.SZ,20150120,2.641
300310.SZ,20150119,2.641
300310.SZ,20150116,2.641
300310.SZ,20150115,2.641
300310.SZ,20150114,2.641
300310.SZ,20150113,2.641
300310.SZ,20150112,2.641
300310.SZ,20150109,2.641
300310.SZ,20150108,2.641
300310.SZ,20150107,2.641
300310.SZ,20150106,2.641
300310.SZ,20150105,2.641
300310.SZ,20141231,2.641
300310.SZ,20141230,2.641
300310.SZ,20141229,2.641
300310.SZ,20141226,2.641
300310.SZ,20141225,2.641
300310.SZ,20141224,2.641
300310.SZ,20141223,2.641
300310.SZ,20141222,2.641
300310.SZ,20141219,2.641
300310.SZ,20141218,2.641
300310.SZ,20141217,2.641
300310.SZ,20141216,2.641
300310.SZ,20141215,2.641
300310.SZ,20141212,2.641
300310.SZ,20141211,2.641
300310.SZ,20141210,2.641
300310.SZ,20141209,2.641
300310.SZ,20141208,2.641
300310.SZ,20141205,2.641
300310.SZ,20141204,2.641
300310.SZ,20141203,2.641
300310.SZ,20141202,2.641
300310.SZ,20141201,2.641
300310.SZ,20141128,2.641
300310.SZ,20141127,2.641
300310.SZ,20141126,2.641
300310.SZ,20141125,2.641
300310.SZ,20141124,2.641
300310.SZ,20141121,2.641
300310.SZ,20141120,2.641
300310.SZ,20141119,2.641
300310.SZ,20141118,2.641
300310.SZ,20141117,2.641
300310.SZ,20141114,2.641
300310.SZ,20141113,2.641
300310.SZ,20141112,2.641
300310.SZ,20141111,2.641
300310.SZ,20141110,2.641
300310.SZ,20141107,2.641
300310.SZ,20141106,2.641
300310.SZ,20141105,2.641
300310.SZ,20141104,2.641
300310.SZ,20141103,2.641
300310.SZ,20141031,2.641
300310.SZ,20141030,2.641
300310.SZ,20141029,2.641
300310.SZ,20141028,2.641
300310.SZ,20141027,2.641
300310.SZ,20141024,2.641
300310.SZ,20141023,2.641
300310.SZ,20141022,2.641
300310.SZ,20141021,2.641
300310.SZ,20141020,2.641
300310.SZ,20141017,2.641
300310.SZ,20141016,2.641
300310.SZ,20141015,2.641
300310.SZ,20141014,2.641
300310.SZ,20141013,2.641
300310.SZ,20141010,2.641
300310.SZ,20141009,2.641
300310.SZ,20141008,2.641
300310.SZ,20140930,2.641
300310.SZ,20140929,2.641
300310.SZ,20140926,2.641
300310.SZ,20140925,2.641
300310.SZ,20140924,2.641
300310.SZ,20140923,2.641
300310.SZ,20140922,2.641
300310.SZ,20140919,2.641
300310.SZ,20140918,2.641
300310.SZ,20140917,2.641
300310.SZ,20140916,2.641
300310.SZ,20140915,2.641
300310.SZ,20140912,2.641
300310.SZ,20140911,2.641
300310.SZ,20140910,2.641
300310.SZ,20140909,2.641
300310.SZ,20140905,2.641
300310.SZ,20140904,2.641
300310.SZ,20140903,2.641
300310.SZ,20140902,2.641
300310.SZ,20140901,2.641
300310.SZ,20140829,2.641
300310.SZ,20140828,2.641
300310.SZ,20140827,2.641
300310.SZ,20140826,2.641
300310.SZ,20140825,2.641
300310.SZ,20140822,2.641
300310.SZ,20140821,2.641
300310.SZ,20140820,2.641
300310.SZ,20140819,2.641
300310.SZ,20140818,2.641
300310.SZ,20140815,2.641
300310.SZ,20140814,2.641
300310.SZ,20140813,2.641
300310.SZ,20140812,2.641
300310.SZ,20140811,2.641
300310.SZ,20140808,2.641
300310.SZ,20140807,2.641
300310.SZ,20140806,2.641
300310.SZ,20140805,2.641
300310.SZ,20140804,2.641
300310.SZ,20140801,2.641
300310.SZ,20140731,2.641
300310.SZ,20140730,2.641
300310.SZ,20140729,2.641
300310.SZ,20140728,2.641
300310.SZ,20140725,2.641
300310.SZ,20140724,2.641
300310.SZ,20140723,2.641
300310.SZ,20140722,2.641
300310.SZ,20140721,2.641
300310.SZ,20140718,2.641
300310.SZ,20140717,2.641
300310.SZ,20140716,2.641
300310.SZ,20140715,2.641
300310.SZ,20140714,2.641
300310.SZ,20140711,2.641
300310.SZ,20140710,2.641
300310.SZ,20140709,2.641
300310.SZ,20140708,2.641
300310.SZ,20140707,2.641
300310.SZ,20140704,2.641
300310.SZ,20140703,2.641
300310.SZ,20140702,2.641
300310.SZ,20140701,2.641
300310.SZ,20140630,2.641
300310.SZ,20140627,2.641
300310.SZ,20140626,2.641
300310.SZ,20140625,2.641
300310.SZ,20140624,2.641
300310.SZ,20140623,2.641
300310.SZ,20140620,2.641
300310.SZ,20140619,2.641
300310.SZ,20140618,2.641
300310.SZ,20140617,2.641
300310.SZ,20140616,2.641
300310.SZ,20140613,2.641
300310.SZ,20140612,2.641
300310.SZ,20140611,2.641
300310.SZ,20140610,2.641
300310.SZ,20140609,2.641
300310.SZ,20140606,2.641
300310.SZ,20140605,2.641
300310.SZ,20140604,2.641
300310.SZ,20140603,2.641
300310.SZ,20140530,2.641
300310.SZ,20140529,2.641
300310.SZ,20140528,2.641
300310.SZ,20140527,2.641
300310.SZ,20140526,2.641
300310.SZ,20140523,2.641
300310.SZ,20140522,2.641
300310.SZ,20140521,2.641
300310.SZ,20140520,2.641
300310.SZ,20140519,2.026
300310.SZ,20140516,2.026
300310.SZ,20140515,2.026
300310.SZ,20140514,2.026
300310.SZ,20140513,2.026
300310.SZ,20140512,2.026
300310.SZ,20140509,2.026
300310.SZ,20140508,2.026
300310.SZ,20140507,2.026
300310.SZ,20140506,2.026
300310.SZ,20140505,2.026
300310.SZ,20140430,2.026
300310.SZ,20140429,2.026
300310.SZ,20140428,2.026
300310.SZ,20140425,2.026
300310.SZ,20140424,2.026
300310.SZ,20140423,2.026
300310.SZ,20140422,2.026
300310.SZ,20140421,2.026
300310.SZ,20140418,2.026
300310.SZ,20140417,2.026
300310.SZ,20140416,2.026
300310.SZ,20140415,2.026
300310.SZ,20140414,2.026
300310.SZ,20140411,2.026
300310.SZ,20140410,2.026
300310.SZ,20140409,2.026
300310.SZ,20140408,2.026
300310.SZ,20140404,2.026
300310.SZ,20140403,2.026
300310.SZ,20140402,2.026
300310.SZ,20140401,2.026
300310.SZ,20140331,2.026
300310.SZ,20140328,2.026
300310.SZ,20140327,2.026
300310.SZ,20140326,2.026
300310.SZ,20140325,2.026
300310.SZ,20140324,2.026
300310.SZ,20140321,2.026
300310.SZ,20140320,2.026
300310.SZ,20140319,2.026
300310.SZ,20140318,2.026
300310.SZ,20140317,2.026
300310.SZ,20140314,2.026
300310.SZ,20140313,2.026
300310.SZ,20140312,2.026
300310.SZ,20140311,2.026
300310.SZ,20140310,2.026
300310.SZ,20140307,2.026
300310.SZ,20140306,2.026
300310.SZ,20140305,2.026
300310.SZ,20140304,2.026
300310.SZ,20140303,2.026
300310.SZ,20140228,2.026
300310.SZ,20140227,2.026
300310.SZ,20140226,2.026
300310.SZ,20140225,2.026
300310.SZ,20140224,2.026
300310.SZ,20140221,2.026
300310.SZ,20140220,2.026
300310.SZ,20140219,2.026
300310.SZ,20140218,2.026
300310.SZ,20140217,2.026
300310.SZ,20140214,2.026
300310.SZ,20140213,2.026
300310.SZ,20140212,2.026
300310.SZ,20140211,2.026
300310.SZ,20140210,2.026
300310.SZ,20140207,2.026
300310.SZ,20140130,2.026
300310.SZ,20140129,2.026
300310.SZ,20140128,2.026
300310.SZ,20140127,2.026
300310.SZ,20140124,2.026
300310.SZ,20140123,2.026
300310.SZ,20140122,2.026
300310.SZ,20140121,2.026
300310.SZ,20140120,2.026
300310.SZ,20140117,2.026
300310.SZ,20140116,2.026
300310.SZ,20140115,2.026
300310.SZ,20140114,2.026
300310.SZ,20140113,2.026
300310.SZ,20140110,2.026
300310.SZ,20140109,2.026
300310.SZ,20140108,2.026
300310.SZ,20140107,2.026
300310.SZ,20140106,2.026
300310.SZ,20140103,2.026
300310.SZ,20140102,2.026
300310.SZ,20131231,2.026
300310.SZ,20131230,2.026
300310.SZ,20131227,2.026
300310.SZ,20131226,2.026
300310.SZ,20131225,2.026
300310.SZ,20131224,2.026
300310.SZ,20131223,2.026
300310.SZ,20131220,2.026
300310.SZ,20131219,2.026
300310.SZ,20131218,2.026
300310.SZ,20131217,2.026
300310.SZ,20131216,2.026
300310.SZ,20131213,2.026
300310.SZ,20131212,2.026
300310.SZ,20131211,2.026
300310.SZ,20131210,2.026
300310.SZ,20131209,2.026
300310.SZ,20131206,2.026
300310.SZ,20131205,2.026
300310.SZ,20131204,2.026
300310.SZ,20131203,2.026
300310.SZ,20131202,2.026
300310.SZ,20131129,2.026
300310.SZ,20131128,2.026
300310.SZ,20131127,2.026
300310.SZ,20131126,2.026
300310.SZ,20131125,2.026
300310.SZ,20131122,2.026
300310.SZ,20131121,2.026
300310.SZ,20131120,2.026
300310.SZ,20131119,2.026
300310.SZ,20131118,2.026
300310.SZ,20131115,2.026
300310.SZ,20131114,2.026
300310.SZ,20131113,2.026
300310.SZ,20131112,2.026
300310.SZ,20131111,2.026
300310.SZ,20131108,2.026
300310.SZ,20131107,2.026
300310.SZ,20131106,2.026
300310.SZ,20131105,2.026
300310.SZ,20131104,2.026
300310.SZ,20131101,2.026
300310.SZ,20131031,2.026
300310.SZ,20131030,2.026
300310.SZ,20131029,2.026
300310.SZ,20131028,2.026
300310.SZ,20131025,2.026
300310.SZ,20131024,2.026
300310.SZ,20131023,2.026
300310.SZ,20131022,2.026
300310.SZ,20131021,2.026
300310.SZ,20131018,2.026
300310.SZ,20131017,2.026
300310.SZ,20131016,2.026
300310.SZ,20131015,2.026
300310.SZ,20131014,2.026
300310.SZ,20131011,2.026
300310.SZ,20131010,2.026
300310.SZ,20131009,2.026
300310.SZ,20131008,2.026
300310.SZ,20130930,2.026
300310.SZ,20130927,2.026
300310.SZ,20130926,2.026
300310.SZ,20130925,2.026
300310.SZ,20130924,2.026
300310.SZ,20130923,2.026
300310.SZ,20130918,2.026
300310.SZ,20130917,2.026
300310.SZ,20130916,2.026
300310.SZ,20130913,2.026
300310.SZ,20130912,2.026
300310.SZ,20130911,2.026
300310.SZ,20130910,2.026
300310.SZ,20130909,2.026
300310.SZ,20130906,2.026
300310.SZ,20130905,2.026
300310.SZ,20130904,2.026
300310.SZ,20130903,2.026
300310.SZ,20130902,2.026
300310.SZ,20130830,2.026
300310.SZ,20130829,2.026
300310.SZ,20130828,2.026
300310.SZ,20130827,2.026
300310.SZ,20130826,2.026
300310.SZ,20130823,2.026
300310.SZ,20130822,2.026
300310.SZ,20130821,2.026
300310.SZ,20130820,2.026
300310.SZ,20130819,2.026
300310.SZ,20130816,2.026
300310.SZ,20130815,2.026
300310.SZ,20130814,2.026
300310.SZ,20130813,2.026
300310.SZ,20130812,2.026
300310.SZ,20130809,2.026
300310.SZ,20130808,2.026
300310.SZ,20130807,2.026
300310.SZ,20130806,2.026
300310.SZ,20130805,2.026
300310.SZ,20130802,2.026
300310.SZ,20130801,2.026
300310.SZ,20130731,2.026
300310.SZ,20130730,2.026
300310.SZ,20130729,2.026
300310.SZ,20130726,2.026
300310.SZ,20130725,2.026
300310.SZ,20130724,2.026
300310.SZ,20130723,2.026
300310.SZ,20130722,2.026
300310.SZ,20130719,2.026
300310.SZ,20130718,2.026
300310.SZ,20130717,2.026
300310.SZ,20130716,2.026
300310.SZ,20130715,2.026
300310.SZ,20130712,2.026
300310.SZ,20130711,2.026
300310.SZ,20130710,2.026
300310.SZ,20130709,2.026
300310.SZ,20130708,2.026
300310.SZ,20130705,2.026
300310.SZ,20130704,2.026
300310.SZ,20130703,2.026
300310.SZ,20130702,2.026
300310.SZ,20130701,2.026
300310.SZ,20130628,2.026
300310.SZ,20130627,2.026
300310.SZ,20130626,2.026
300310.SZ,20130625,2.026
300310.SZ,20130624,2.026
300310.SZ,20130621,2.026
300310.SZ,20130620,2.026
300310.SZ,20130619,2.026
300310.SZ,20130618,2.026
300310.SZ,20130617,2.026
300310.SZ,20130614,2.026
300310.SZ,20130613,2.026
300310.SZ,20130607,2.026
300310.SZ,20130606,2.026
300310.SZ,20130605,2.026
300310.SZ,20130604,2.026
300310.SZ,20130603,2.026
300310.SZ,20130531,2.026
300310.SZ,20130530,2.026
300310.SZ,20130529,2.026
300310.SZ,20130528,2.026
300310.SZ,20130527,2.026
300310.SZ,20130524,2.026
300310.SZ,20130523,2.026
300310.SZ,20130522,2.026
300310.SZ,20130521,2.026
300310.SZ,20130520,2.026
300310.SZ,20130517,2.026
300310.SZ,20130516,2.026
300310.SZ,20130515,2.026
300310.SZ,20130514,2.026
300310.SZ,20130513,2.026
300310.SZ,20130510,2.026
300310.SZ,20130509,2.026
300310.SZ,20130508,2.026
300310.SZ,20130507,2.026
300310.SZ,20130506,2.026
300310.SZ,20130503,2.026
300310.SZ,20130502,2.026
300310.SZ,20130426,2.026
300310.SZ,20130425,2.026
300310.SZ,20130424,2.026
300310.SZ,20130423,2.026
300310.SZ,20130422,2.026
300310.SZ,20130419,2.026
300310.SZ,20130418,2.026
300310.SZ,20130417,2.026
300310.SZ,20130416,2.026
300310.SZ,20130415,2.026
300310.SZ,20130412,2.026
300310.SZ,20130411,2.026
300310.SZ,20130410,2.026
300310.SZ,20130409,2.026
300310.SZ,20130408,2.026
300310.SZ,20130403,2.026
300310.SZ,20130402,2.026
300310.SZ,20130401,2.026
300310.SZ,20130329,2.026
300310.SZ,20130328,2.026
300310.SZ,20130327,2.026
300310.SZ,20130326,2.026
300310.SZ,20130325,2.026
300310.SZ,20130322,2.026
300310.SZ,20130321,2.026
300310.SZ,20130320,2.026
300310.SZ,20130319,2.026
300310.SZ,20130318,2.026
300310.SZ,20130315,2.026
300310.SZ,20130314,2.026
300310.SZ,20130313,2.026
300310.SZ,20130312,2.026
300310.SZ,20130311,2.026
300310.SZ,20130308,2.026
300310.SZ,20130307,2.026
300310.SZ,20130306,2.026
300310.SZ,20130305,2.026
300310.SZ,20130304,2.026
300310.SZ,20130301,2.026
300310.SZ,20130228,2.026
300310.SZ,20130227,2.026
300310.SZ,20130226,2.026
300310.SZ,20130225,2.026
300310.SZ,20130222,2.026
300310.SZ,20130221,2.026
300310.SZ,20130220,2.026
300310.SZ,20130219,2.026
300310.SZ,20130218,2.026
300310.SZ,20130208,2.026
300310.SZ,20130207,2.026
300310.SZ,20130206,2.026
300310.SZ,20130205,2.026
300310.SZ,20130204,2.026
300310.SZ,20130201,2.026
300310.SZ,20130131,2.026
300310.SZ,20130130,2.026
300310.SZ,20130129,2.026
300310.SZ,20130128,2.026
300310.SZ,20130125,2.026
300310.SZ,20130124,2.026
300310.SZ,20130123,2.026
300310.SZ,20130122,2.026
300310.SZ,20130121,2.026
300310.SZ,20130118,2.026
300310.SZ,20130117,2.026
300310.SZ,20130116,2.026
300310.SZ,20130115,2.026
300310.SZ,20130114,2.026
300310.SZ,20130111,2.026
300310.SZ,20130110,2.026
300310.SZ,20130109,2.026
300310.SZ,20130108,2.026
300310.SZ,20130107,2.026
300310.SZ,20130104,2.026
300310.SZ,20121231,2.026
300310.SZ,20121228,2.026
300310.SZ,20121227,2.026
300310.SZ,20121226,2.026
300310.SZ,20121225,2.026
300310.SZ,20121224,2.026
300310.SZ,20121221,2.026
300310.SZ,20121220,2.026
300310.SZ,20121219,2.026
300310.SZ,20121218,2.026
300310.SZ,20121217,2.026
300310.SZ,20121214,2.026
300310.SZ,20121213,2.026
300310.SZ,20121212,2.026
300310.SZ,20121211,2.026
300310.SZ,20121210,2.026
300310.SZ,20121207,2.026
300310.SZ,20121206,2.026
300310.SZ,20121205,2.026
300310.SZ,20121204,2.026
300310.SZ,20121203,2.026
300310.SZ,20121130,2.026
300310.SZ,20121129,2.026
300310.SZ,20121128,2.026
300310.SZ,20121127,2.026
300310.SZ,20121126,2.026
300310.SZ,20121123,2.026
300310.SZ,20121122,2.026
300310.SZ,20121121,2.026
300310.SZ,20121120,2.026
300310.SZ,20121119,2.026
300310.SZ,20121116,2.026
300310.SZ,20121115,2.026
300310.SZ,20121114,2.026
300310.SZ,20121113,2.026
300310.SZ,20121112,2.026
300310.SZ,20121109,2.026
300310.SZ,20121108,2.026
300310.SZ,20121107,2.026
300310.SZ,20121106,2.026
300310.SZ,20121105,2.026
300310.SZ,20121102,2.026
300310.SZ,20121101,2.026
300310.SZ,20121031,2.026
300310.SZ,20121030,2.026
300310.SZ,20121029,2.026
300310.SZ,20121026,2.026
300310.SZ,20121025,2.026
300310.SZ,20121024,2.026
300310.SZ,20121023,2.026
300310.SZ,20121022,2.026
300310.SZ,20121019,2.026
300310.SZ,20121018,2.026
300310.SZ,20121017,2.026
300310.SZ,20121016,2.026
300310.SZ,20121015,2.026
300310.SZ,20121012,2.026
300310.SZ,20121011,2.026
300310.SZ,20121010,2.026
300310.SZ,20121009,2.026
300310.SZ,20121008,2.026
300310.SZ,20120928,2.026
300310.SZ,20120927,2.026
300310.SZ,20120926,2.026
300310.SZ,20120925,1.0
300310.SZ,20120924,1.0
300310.SZ,20120921,1.0
300310.SZ,20120920,1.0
300310.SZ,20120919,1.0
300310.SZ,20120918,1.0
300310.SZ,20120917,1.0
300310.SZ,20120914,1.0
300310.SZ,20120913,1.0
300310.SZ,20120912,1.0
300310.SZ,20120911,1.0
300310.SZ,20120910,1.0
300310.SZ,20120907,1.0
300310.SZ,20120906,1.0
300310.SZ,20120905,1.0
300310.SZ,20120904,1.0
300310.SZ,20120903,1.0
300310.SZ,20120831,1.0
300310.SZ,20120830,1.0
300310.SZ,20120829,1.0
300310.SZ,20120828,1.0
300310.SZ,20120827,1.0
300310.SZ,20120824,1.0
300310.SZ,20120823,1.0
300310.SZ,20120822,1.0
300310.SZ,20120821,1.0
300310.SZ,20120820,1.0
300310.SZ,20120817,1.0
300310.SZ,20120816,1.0
300310.SZ,20120815,1.0
300310.SZ,20120814,1.0
300310.SZ,20120813,1.0
300310.SZ,20120810,1.0
300310.SZ,20120809,1.0
300310.SZ,20120808,1.0
300310.SZ,20120807,1.0
300310.SZ,20120806,1.0
300310.SZ,20120803,1.0
300310.SZ,20120802,1.0
300310.SZ,20120801,1.0
300310.SZ,20120731,1.0
300310.SZ,20120730,1.0
300310.SZ,20120727,1.0
300310.SZ,20120726,1.0
300310.SZ,20120725,1.0
300310.SZ,20120724,1.0
300310.SZ,20120723,1.0
300310.SZ,20120720,1.0
300310.SZ,20120719,1.0
300310.SZ,20120718,1.0
300310.SZ,20120717,1.0
300310.SZ,20120716,1.0
300310.SZ,20120713,1.0
300310.SZ,20120712,1.0
300310.SZ,20120711,1.0
300310.SZ,20120710,1.0
300310.SZ,20120709,1.0
300310.SZ,20120706,1.0
300310.SZ,20120705,1.0
300310.SZ,20120704,1.0
300310.SZ,20120703,1.0
300310.SZ,20120702,1.0
300310.SZ,20120629,1.0
300310.SZ,20120628,1.0
300310.SZ,20120627,1.0
300310.SZ,20120626,1.0
300310.SZ,20120625,1.0
300310.SZ,20120621,1.0
300310.SZ,20120620,1.0
300310.SZ,20120619,1.0
300310.SZ,20120618,1.0
300310.SZ,20120615,1.0
300310.SZ,20120614,1.0
300310.SZ,20120613,1.0
300310.SZ,20120612,1.0
300310.SZ,20120611,1.0
300310.SZ,20120608,1.0
300310.SZ,20120607,1.0
300310.SZ,20120606,1.0
300310.SZ,20120605,1.0
300310.SZ,20120604,1.0
300310.SZ,20120601,1.0
300310.SZ,20120531,1.0
300310.SZ,20120530,1.0
300310.SZ,20120529,1.0
300310.SZ,20120528,1.0
300310.SZ,20120525,1.0
300310.SZ,20120524,1.0
300310.SZ,20120523,1.0
300310.SZ,20120522,1.0
300310.SZ,20120521,1.0
300310.SZ,20120518,1.0
300310.SZ,20120517,1.0
300310.SZ,20120516,1.0
300310.SZ,20120515,1.0
300310.SZ,20120514,1.0
300310.SZ,20120511,1.0
300310.SZ,20120510,1.0
300310.SZ,20120509,1.0
300310.SZ,20120508,1.0
300310.SZ,20120507,1.0
300310.SZ,20120504,1.0
300310.SZ,20120503,1.0
300310.SZ,20120502,1.0
300310.SZ,20120427,1.0
300310.SZ,20120426,1.0
300310.SZ,20120425,1.0
