code,trade_date,ts_code,name,vol,ratio,exchange
77590,20201231,300590.SZ,移为通信,666565,0.27,SZ
77590,20201230,300590.SZ,移为通信,579020,0.23,SZ
77590,20201229,300590.SZ,移为通信,1521821,0.62,SZ
77590,20201228,300590.SZ,移为通信,1956071,0.8,SZ
77590,20201224,300590.SZ,移为通信,1352788,0.55,SZ
77590,20201223,300590.SZ,移为通信,1352788,0.55,SZ
77590,20201222,300590.SZ,移为通信,1421925,0.58,SZ
77590,20201221,300590.SZ,移为通信,803975,0.33,SZ
77590,20201219,300590.SZ,移为通信,941001,0.38,SZ
77590,20201218,300590.SZ,移为通信,941001,0.38,SZ
77590,20201217,300590.SZ,移为通信,1420414,0.58,SZ
77590,20201216,300590.SZ,移为通信,1259064,0.51,SZ
77590,20201215,300590.SZ,移为通信,843359,0.34,SZ
77590,20201214,300590.SZ,移为通信,1004958,0.41,SZ
77590,20201212,300590.SZ,移为通信,1183482,0.48,SZ
77590,20201211,300590.SZ,移为通信,1183482,0.48,SZ
77590,20201210,300590.SZ,移为通信,800422,0.33,SZ
77590,20201209,300590.SZ,移为通信,1058842,0.43,SZ
77590,20201208,300590.SZ,移为通信,747642,0.3,SZ
77590,20201207,300590.SZ,移为通信,697392,0.28,SZ
77590,20201204,300590.SZ,移为通信,746179,0.3,SZ
77590,20201203,300590.SZ,移为通信,602179,0.24,SZ
77590,20201202,300590.SZ,移为通信,617339,0.25,SZ
77590,20201201,300590.SZ,移为通信,604537,0.24,SZ
77590,20201130,300590.SZ,移为通信,707283,0.29,SZ
77590,20201128,300590.SZ,移为通信,638128,0.26,SZ
77590,20201127,300590.SZ,移为通信,638128,0.26,SZ
77590,20201126,300590.SZ,移为通信,611637,0.25,SZ
77590,20201125,300590.SZ,移为通信,591537,0.24,SZ
77590,20201124,300590.SZ,移为通信,618337,0.25,SZ
77590,20201123,300590.SZ,移为通信,596937,0.24,SZ
77590,20201121,300590.SZ,移为通信,661470,0.27,SZ
77590,20201120,300590.SZ,移为通信,661470,0.27,SZ
77590,20201119,300590.SZ,移为通信,584070,0.24,SZ
77590,20201118,300590.SZ,移为通信,584520,0.24,SZ
77590,20201117,300590.SZ,移为通信,560420,0.23,SZ
77590,20201116,300590.SZ,移为通信,801119,0.33,SZ
77590,20201114,300590.SZ,移为通信,601490,0.24,SZ
77590,20201113,300590.SZ,移为通信,601490,0.24,SZ
77590,20201112,300590.SZ,移为通信,785000,0.32,SZ
77590,20201111,300590.SZ,移为通信,545386,0.22,SZ
77590,20201110,300590.SZ,移为通信,783436,0.32,SZ
77590,20201109,300590.SZ,移为通信,675271,0.27,SZ
77590,20201107,300590.SZ,移为通信,600698,0.24,SZ
77590,20201106,300590.SZ,移为通信,600698,0.24,SZ
77590,20201105,300590.SZ,移为通信,557809,0.23,SZ
77590,20201104,300590.SZ,移为通信,591109,0.24,SZ
77590,20201103,300590.SZ,移为通信,606559,0.25,SZ
77590,20201102,300590.SZ,移为通信,613709,0.25,SZ
77590,20201031,300590.SZ,移为通信,672656,0.27,SZ
77590,20201030,300590.SZ,移为通信,672656,0.27,SZ
77590,20201029,300590.SZ,移为通信,650456,0.26,SZ
77590,20201028,300590.SZ,移为通信,588956,0.24,SZ
77590,20201027,300590.SZ,移为通信,580579,0.23,SZ
77590,20201024,300590.SZ,移为通信,622829,0.25,SZ
77590,20201023,300590.SZ,移为通信,622829,0.25,SZ
77590,20201022,300590.SZ,移为通信,622829,0.25,SZ
77590,20201021,300590.SZ,移为通信,666917,0.27,SZ
77590,20201020,300590.SZ,移为通信,620329,0.25,SZ
77590,20201019,300590.SZ,移为通信,607179,0.25,SZ
77590,20201017,300590.SZ,移为通信,643179,0.26,SZ
77590,20201016,300590.SZ,移为通信,643179,0.26,SZ
77590,20201015,300590.SZ,移为通信,649279,0.26,SZ
77590,20201014,300590.SZ,移为通信,762857,0.31,SZ
77590,20201012,300590.SZ,移为通信,751457,0.31,SZ
77590,20201010,300590.SZ,移为通信,779092,0.32,SZ
77590,20201009,300590.SZ,移为通信,779092,0.32,SZ
77590,20201008,300590.SZ,移为通信,653042,0.26,SZ
77590,20201007,300590.SZ,移为通信,653042,0.26,SZ
77590,20201006,300590.SZ,移为通信,653042,0.26,SZ
77590,20201005,300590.SZ,移为通信,653042,0.26,SZ
77590,20201003,300590.SZ,移为通信,653042,0.26,SZ
77590,20200930,300590.SZ,移为通信,653042,0.26,SZ
77590,20200929,300590.SZ,移为通信,623590,0.25,SZ
77590,20200928,300590.SZ,移为通信,554440,0.22,SZ
77590,20200926,300590.SZ,移为通信,548790,0.22,SZ
77590,20200925,300590.SZ,移为通信,548790,0.22,SZ
77590,20200924,300590.SZ,移为通信,533790,0.22,SZ
77590,20200923,300590.SZ,移为通信,533840,0.22,SZ
77590,20200922,300590.SZ,移为通信,577590,0.23,SZ
77590,20200921,300590.SZ,移为通信,665586,0.27,SZ
77590,20200919,300590.SZ,移为通信,550969,0.22,SZ
77590,20200918,300590.SZ,移为通信,550969,0.22,SZ
77590,20200917,300590.SZ,移为通信,611796,0.25,SZ
77590,20200916,300590.SZ,移为通信,536246,0.22,SZ
77590,20200915,300590.SZ,移为通信,528453,0.21,SZ
77590,20200914,300590.SZ,移为通信,540103,0.22,SZ
77590,20200912,300590.SZ,移为通信,628196,0.25,SZ
77590,20200911,300590.SZ,移为通信,628196,0.25,SZ
77590,20200910,300590.SZ,移为通信,638746,0.26,SZ
77590,20200909,300590.SZ,移为通信,546596,0.22,SZ
77590,20200908,300590.SZ,移为通信,553796,0.22,SZ
77590,20200907,300590.SZ,移为通信,494246,0.2,SZ
77590,20200905,300590.SZ,移为通信,557446,0.23,SZ
77590,20200904,300590.SZ,移为通信,557446,0.23,SZ
77590,20200903,300590.SZ,移为通信,536996,0.22,SZ
77590,20200902,300590.SZ,移为通信,672025,0.27,SZ
77590,20200901,300590.SZ,移为通信,793158,0.32,SZ
77590,20200831,300590.SZ,移为通信,897333,0.37,SZ
77590,20200829,300590.SZ,移为通信,570390,0.23,SZ
77590,20200828,300590.SZ,移为通信,570390,0.23,SZ
77590,20200827,300590.SZ,移为通信,499190,0.2,SZ
77590,20200826,300590.SZ,移为通信,516040,0.21,SZ
77590,20200825,300590.SZ,移为通信,646137,0.26,SZ
77590,20200824,300590.SZ,移为通信,599537,0.24,SZ
77590,20200822,300590.SZ,移为通信,567052,0.23,SZ
77590,20200821,300590.SZ,移为通信,567052,0.23,SZ
77590,20200820,300590.SZ,移为通信,562702,0.23,SZ
77590,20200819,300590.SZ,移为通信,528260,0.21,SZ
77590,20200818,300590.SZ,移为通信,548560,0.22,SZ
77590,20200817,300590.SZ,移为通信,623003,0.25,SZ
77590,20200815,300590.SZ,移为通信,737503,0.3,SZ
77590,20200814,300590.SZ,移为通信,737503,0.3,SZ
77590,20200813,300590.SZ,移为通信,669553,0.27,SZ
77590,20200812,300590.SZ,移为通信,644643,0.26,SZ
77590,20200811,300590.SZ,移为通信,657959,0.27,SZ
77590,20200810,300590.SZ,移为通信,996814,0.41,SZ
77590,20200808,300590.SZ,移为通信,849762,0.35,SZ
77590,20200807,300590.SZ,移为通信,849762,0.35,SZ
77590,20200806,300590.SZ,移为通信,812912,0.33,SZ
77590,20200805,300590.SZ,移为通信,590435,0.24,SZ
77590,20200804,300590.SZ,移为通信,538585,0.22,SZ
77590,20200803,300590.SZ,移为通信,620485,0.25,SZ
77590,20200801,300590.SZ,移为通信,680235,0.28,SZ
77590,20200731,300590.SZ,移为通信,680235,0.28,SZ
77590,20200730,300590.SZ,移为通信,612485,0.25,SZ
77590,20200729,300590.SZ,移为通信,757885,0.31,SZ
77590,20200728,300590.SZ,移为通信,640335,0.26,SZ
77590,20200727,300590.SZ,移为通信,541064,0.22,SZ
77590,20200725,300590.SZ,移为通信,518114,0.21,SZ
77590,20200724,300590.SZ,移为通信,518114,0.21,SZ
77590,20200723,300590.SZ,移为通信,591614,0.24,SZ
77590,20200722,300590.SZ,移为通信,662564,0.27,SZ
77590,20200721,300590.SZ,移为通信,555414,0.22,SZ
77590,20200720,300590.SZ,移为通信,410364,0.16,SZ
77590,20200718,300590.SZ,移为通信,421664,0.17,SZ
77590,20200717,300590.SZ,移为通信,421664,0.17,SZ
77590,20200716,300590.SZ,移为通信,326314,0.13,SZ
77590,20200715,300590.SZ,移为通信,574614,0.23,SZ
77590,20200714,300590.SZ,移为通信,279314,0.11,SZ
77590,20200713,300590.SZ,移为通信,359214,0.14,SZ
77590,20200711,300590.SZ,移为通信,269614,0.11,SZ
77590,20200710,300590.SZ,移为通信,269614,0.11,SZ
77590,20200709,300590.SZ,移为通信,317164,0.13,SZ
77590,20200708,300590.SZ,移为通信,220814,0.09,SZ
77590,20200707,300590.SZ,移为通信,249714,0.1,SZ
77590,20200706,300590.SZ,移为通信,442314,0.18,SZ
77590,20200704,300590.SZ,移为通信,197164,0.08,SZ
77590,20200703,300590.SZ,移为通信,197164,0.08,SZ
77590,20200702,300590.SZ,移为通信,219614,0.09,SZ
77590,20200630,300590.SZ,移为通信,170964,0.1,SZ
77590,20200629,300590.SZ,移为通信,170964,0.1,SZ
77590,20200627,300590.SZ,移为通信,101276,0.06,SZ
77590,20200626,300590.SZ,移为通信,101276,0.06,SZ
77590,20200624,300590.SZ,移为通信,101276,0.06,SZ
77590,20200623,300590.SZ,移为通信,134076,0.08,SZ
77590,20200622,300590.SZ,移为通信,103776,0.06,SZ
77590,20200620,300590.SZ,移为通信,104176,0.06,SZ
77590,20200619,300590.SZ,移为通信,104176,0.06,SZ
77590,20200618,300590.SZ,移为通信,106376,0.06,SZ
77590,20200617,300590.SZ,移为通信,122842,0.07,SZ
77590,20200616,300590.SZ,移为通信,285242,0.17,SZ
77590,20200615,300590.SZ,移为通信,123776,0.07,SZ
77590,20211231,300590.SZ,移為通信,820049,0.26,SZ
77590,20211230,300590.SZ,移為通信,1206839,0.39,SZ
77590,20211229,300590.SZ,移為通信,1037074,0.34,SZ
77590,20211228,300590.SZ,移為通信,1636709,0.53,SZ
77590,20211224,300590.SZ,移為通信,1463904,0.48,SZ
77590,20211223,300590.SZ,移為通信,1463904,0.48,SZ
77590,20211222,300590.SZ,移為通信,1406784,0.46,SZ
77590,20211221,300590.SZ,移為通信,941804,0.3,SZ
77590,20211220,300590.SZ,移為通信,955279,0.31,SZ
77590,20211218,300590.SZ,移為通信,1097239,0.36,SZ
77590,20211217,300590.SZ,移為通信,1097239,0.36,SZ
77590,20211216,300590.SZ,移為通信,2228488,0.73,SZ
77590,20211215,300590.SZ,移為通信,2541018,0.83,SZ
77590,20211214,300590.SZ,移為通信,2715098,0.89,SZ
77590,20211213,300590.SZ,移為通信,2624549,0.86,SZ
77590,20211211,300590.SZ,移為通信,2781150,0.91,SZ
77590,20211210,300590.SZ,移為通信,2781150,0.91,SZ
77590,20211209,300590.SZ,移為通信,2706990,0.88,SZ
77590,20211208,300590.SZ,移為通信,2918710,0.95,SZ
77590,20211207,300590.SZ,移為通信,2581170,0.84,SZ
77590,20211206,300590.SZ,移為通信,2488970,0.81,SZ
77590,20211204,300590.SZ,移為通信,2811789,0.92,SZ
77590,20211203,300590.SZ,移為通信,2811789,0.92,SZ
77590,20211202,300590.SZ,移為通信,3197608,1.05,SZ
77590,20211201,300590.SZ,移為通信,3117116,1.02,SZ
77590,20211130,300590.SZ,移為通信,3020647,0.99,SZ
77590,20211129,300590.SZ,移為通信,3386867,1.11,SZ
77590,20211127,300590.SZ,移為通信,3503587,1.15,SZ
77590,20211126,300590.SZ,移為通信,3503587,1.15,SZ
77590,20211125,300590.SZ,移為通信,3324447,1.09,SZ
77590,20211124,300590.SZ,移為通信,2844530,0.93,SZ
77590,20211123,300590.SZ,移為通信,2530930,0.83,SZ
77590,20211122,300590.SZ,移為通信,2880304,0.94,SZ
77590,20211120,300590.SZ,移為通信,2893424,0.95,SZ
77590,20211119,300590.SZ,移為通信,2893424,0.95,SZ
77590,20211118,300590.SZ,移為通信,2893597,0.95,SZ
77590,20211117,300590.SZ,移為通信,2722341,0.89,SZ
77590,20211116,300590.SZ,移為通信,2205241,0.72,SZ
77590,20211115,300590.SZ,移為通信,1970821,0.64,SZ
77590,20211113,300590.SZ,移為通信,1796268,0.58,SZ
77590,20211112,300590.SZ,移為通信,1796268,0.58,SZ
77590,20211111,300590.SZ,移為通信,1378755,0.45,SZ
77590,20211110,300590.SZ,移為通信,973745,0.31,SZ
77590,20211109,300590.SZ,移為通信,932145,0.3,SZ
77590,20211108,300590.SZ,移為通信,953076,0.31,SZ
77590,20211106,300590.SZ,移為通信,819601,0.26,SZ
77590,20211105,300590.SZ,移為通信,819601,0.26,SZ
77590,20211104,300590.SZ,移為通信,848921,0.27,SZ
77590,20211103,300590.SZ,移為通信,897019,0.29,SZ
77590,20211102,300590.SZ,移為通信,786931,0.25,SZ
77590,20211101,300590.SZ,移為通信,1175616,0.38,SZ
77590,20211030,300590.SZ,移為通信,893963,0.29,SZ
77590,20211029,300590.SZ,移為通信,893963,0.29,SZ
77590,20211028,300590.SZ,移為通信,931742,0.3,SZ
77590,20211027,300590.SZ,移為通信,1024412,0.33,SZ
77590,20211026,300590.SZ,移為通信,1038849,0.34,SZ
77590,20211025,300590.SZ,移為通信,867238,0.28,SZ
77590,20211023,300590.SZ,移為通信,703572,0.23,SZ
77590,20211022,300590.SZ,移為通信,703572,0.23,SZ
77590,20211021,300590.SZ,移為通信,328932,0.1,SZ
77590,20211020,300590.SZ,移為通信,243256,0.07,SZ
77590,20211019,300590.SZ,移為通信,547729,0.17,SZ
77590,20211018,300590.SZ,移為通信,511623,0.16,SZ
77590,20211016,300590.SZ,移為通信,688764,0.22,SZ
77590,20211015,300590.SZ,移為通信,688764,0.22,SZ
77590,20211013,300590.SZ,移為通信,381264,0.12,SZ
77590,20211012,300590.SZ,移為通信,381264,0.12,SZ
77590,20211011,300590.SZ,移為通信,541944,0.17,SZ
77590,20211009,300590.SZ,移為通信,591376,0.19,SZ
77590,20211008,300590.SZ,移為通信,591376,0.19,SZ
77590,20211007,300590.SZ,移為通信,593019,0.19,SZ
77590,20211006,300590.SZ,移為通信,593019,0.19,SZ
77590,20211005,300590.SZ,移為通信,593019,0.19,SZ
77590,20211004,300590.SZ,移為通信,593019,0.19,SZ
77590,20211002,300590.SZ,移為通信,593019,0.19,SZ
77590,20210930,300590.SZ,移為通信,593019,0.19,SZ
77590,20210929,300590.SZ,移為通信,507459,0.16,SZ
77590,20210928,300590.SZ,移為通信,760203,0.24,SZ
77590,20210927,300590.SZ,移為通信,603783,0.19,SZ
77590,20210925,300590.SZ,移為通信,619322,0.2,SZ
77590,20210924,300590.SZ,移為通信,619322,0.2,SZ
77590,20210923,300590.SZ,移為通信,765282,0.25,SZ
77590,20210921,300590.SZ,移為通信,318162,0.1,SZ
77590,20210920,300590.SZ,移為通信,318162,0.1,SZ
77590,20210918,300590.SZ,移為通信,318162,0.1,SZ
77590,20210917,300590.SZ,移為通信,318162,0.1,SZ
77590,20210916,300590.SZ,移為通信,318162,0.1,SZ
77590,20210915,300590.SZ,移為通信,619182,0.2,SZ
77590,20210914,300590.SZ,移為通信,644101,0.21,SZ
77590,20210913,300590.SZ,移為通信,829227,0.27,SZ
77590,20210911,300590.SZ,移為通信,746914,0.24,SZ
77590,20210910,300590.SZ,移為通信,746914,0.24,SZ
77590,20210909,300590.SZ,移為通信,840126,0.27,SZ
77590,20210908,300590.SZ,移為通信,825868,0.27,SZ
77590,20210907,300590.SZ,移為通信,802030,0.26,SZ
77590,20210906,300590.SZ,移為通信,866260,0.28,SZ
77590,20210904,300590.SZ,移為通信,572820,0.18,SZ
77590,20210903,300590.SZ,移為通信,572820,0.18,SZ
77590,20210902,300590.SZ,移為通信,715678,0.24,SZ
77590,20210901,300590.SZ,移為通信,719578,0.24,SZ
77590,20210831,300590.SZ,移為通信,537698,0.18,SZ
77590,20210830,300590.SZ,移為通信,503826,0.17,SZ
77590,20210828,300590.SZ,移為通信,773112,0.26,SZ
77590,20210827,300590.SZ,移為通信,773112,0.26,SZ
77590,20210826,300590.SZ,移為通信,679488,0.23,SZ
77590,20210825,300590.SZ,移為通信,580883,0.2,SZ
77590,20210824,300590.SZ,移為通信,1248611,0.43,SZ
77590,20210823,300590.SZ,移為通信,1695531,0.58,SZ
77590,20210821,300590.SZ,移為通信,2117131,0.73,SZ
77590,20210820,300590.SZ,移為通信,2117131,0.73,SZ
77590,20210819,300590.SZ,移為通信,3311253,1.14,SZ
77590,20210818,300590.SZ,移為通信,950267,0.32,SZ
77590,20210817,300590.SZ,移為通信,834607,0.28,SZ
77590,20210816,300590.SZ,移為通信,1110256,0.38,SZ
77590,20210814,300590.SZ,移為通信,1500035,0.51,SZ
77590,20210813,300590.SZ,移為通信,1500035,0.51,SZ
77590,20210812,300590.SZ,移為通信,1855681,0.64,SZ
77590,20210811,300590.SZ,移為通信,1403462,0.48,SZ
77590,20210810,300590.SZ,移為通信,1626602,0.56,SZ
77590,20210809,300590.SZ,移為通信,2295822,0.79,SZ
77590,20210807,300590.SZ,移為通信,2598087,0.89,SZ
77590,20210806,300590.SZ,移為通信,2598087,0.89,SZ
77590,20210805,300590.SZ,移為通信,2598228,0.89,SZ
77590,20210804,300590.SZ,移為通信,2017012,0.69,SZ
77590,20210803,300590.SZ,移為通信,1269392,0.43,SZ
77590,20210802,300590.SZ,移為通信,894670,0.3,SZ
77590,20210731,300590.SZ,移為通信,893165,0.3,SZ
77590,20210730,300590.SZ,移為通信,893165,0.3,SZ
77590,20210729,300590.SZ,移為通信,1291945,0.44,SZ
77590,20210728,300590.SZ,移為通信,1434633,0.49,SZ
77590,20210727,300590.SZ,移為通信,2261366,0.77,SZ
77590,20210726,300590.SZ,移為通信,2407614,0.82,SZ
77590,20210724,300590.SZ,移為通信,1940229,0.66,SZ
77590,20210723,300590.SZ,移為通信,1940229,0.66,SZ
77590,20210722,300590.SZ,移為通信,1519179,0.52,SZ
77590,20210721,300590.SZ,移為通信,1174491,0.4,SZ
77590,20210720,300590.SZ,移為通信,557360,0.19,SZ
77590,20210719,300590.SZ,移為通信,917750,0.31,SZ
77590,20210717,300590.SZ,移為通信,1649849,0.56,SZ
77590,20210716,300590.SZ,移為通信,1649849,0.56,SZ
77590,20210715,300590.SZ,移為通信,668835,0.23,SZ
77590,20210714,300590.SZ,移為通信,683431,0.23,SZ
77590,20210713,300590.SZ,移為通信,855677,0.29,SZ
77590,20210712,300590.SZ,移為通信,948620,0.32,SZ
77590,20210710,300590.SZ,移為通信,578731,0.19,SZ
77590,20210709,300590.SZ,移為通信,578731,0.19,SZ
77590,20210708,300590.SZ,移為通信,529531,0.18,SZ
77590,20210707,300590.SZ,移為通信,408680,0.14,SZ
77590,20210706,300590.SZ,移為通信,333218,0.11,SZ
77590,20210705,300590.SZ,移為通信,325958,0.11,SZ
77590,20210703,300590.SZ,移為通信,295140,0.1,SZ
77590,20210702,300590.SZ,移為通信,295140,0.1,SZ
77590,20210630,300590.SZ,移為通信,250596,0.08,SZ
77590,20210629,300590.SZ,移為通信,250596,0.08,SZ
77590,20210628,300590.SZ,移為通信,363863,0.12,SZ
77590,20210626,300590.SZ,移為通信,506243,0.17,SZ
77590,20210625,300590.SZ,移為通信,506243,0.17,SZ
77590,20210624,300590.SZ,移為通信,418166,0.14,SZ
77590,20210623,300590.SZ,移為通信,761731,0.26,SZ
77590,20210622,300590.SZ,移為通信,487113,0.16,SZ
77590,20210621,300590.SZ,移為通信,294152,0.1,SZ
77590,20210619,300590.SZ,移為通信,199500,0.06,SZ
77590,20210618,300590.SZ,移為通信,199500,0.06,SZ
77590,20210617,300590.SZ,移為通信,357735,0.12,SZ
77590,20210616,300590.SZ,移為通信,643821,0.22,SZ
77590,20210615,300590.SZ,移為通信,430858,0.14,SZ
77590,20210612,300590.SZ,移為通信,553804,0.19,SZ
77590,20210611,300590.SZ,移為通信,553804,0.19,SZ
77590,20210610,300590.SZ,移為通信,458541,0.15,SZ
77590,20210609,300590.SZ,移為通信,422041,0.14,SZ
77590,20210608,300590.SZ,移為通信,484665,0.16,SZ
77590,20210607,300590.SZ,移為通信,615387,0.21,SZ
77590,20210605,300590.SZ,移為通信,529964,0.18,SZ
77590,20210604,300590.SZ,移為通信,529964,0.18,SZ
77590,20210603,300590.SZ,移為通信,630744,0.21,SZ
77590,20210602,300590.SZ,移為通信,518372,0.17,SZ
77590,20210601,300590.SZ,移為通信,1225463,0.42,SZ
77590,20210531,300590.SZ,移為通信,1571199,0.54,SZ
77590,20210529,300590.SZ,移為通信,2247139,0.92,SZ
77590,20210528,300590.SZ,移為通信,2247139,0.92,SZ
77590,20210527,300590.SZ,移為通信,2025816,0.83,SZ
77590,20210526,300590.SZ,移為通信,1916586,0.79,SZ
77590,20210525,300590.SZ,移為通信,1929198,0.79,SZ
77590,20210524,300590.SZ,移為通信,1930898,0.79,SZ
77590,20210522,300590.SZ,移為通信,1859898,0.76,SZ
77590,20210521,300590.SZ,移為通信,1859898,0.76,SZ
77590,20210520,300590.SZ,移為通信,1814498,0.74,SZ
77590,20210518,300590.SZ,移為通信,1799997,0.74,SZ
77590,20210517,300590.SZ,移為通信,1799997,0.74,SZ
77590,20210515,300590.SZ,移為通信,1975828,0.81,SZ
77590,20210514,300590.SZ,移為通信,1975828,0.81,SZ
77590,20210513,300590.SZ,移為通信,1888828,0.77,SZ
77590,20210512,300590.SZ,移為通信,1934832,0.79,SZ
77590,20210511,300590.SZ,移為通信,1935458,0.79,SZ
77590,20210510,300590.SZ,移為通信,1876458,0.77,SZ
77590,20210508,300590.SZ,移為通信,1899658,0.78,SZ
77590,20210507,300590.SZ,移為通信,1899658,0.78,SZ
77590,20210506,300590.SZ,移為通信,1869869,0.77,SZ
77590,20210505,300590.SZ,移為通信,1921944,0.79,SZ
77590,20210504,300590.SZ,移為通信,1921944,0.79,SZ
77590,20210503,300590.SZ,移為通信,1921944,0.79,SZ
77590,20210430,300590.SZ,移為通信,1921944,0.79,SZ
77590,20210429,300590.SZ,移為通信,1968441,0.81,SZ
77590,20210428,300590.SZ,移為通信,2177871,0.89,SZ
77590,20210427,300590.SZ,移為通信,2210897,0.91,SZ
77590,20210426,300590.SZ,移為通信,2366864,0.97,SZ
77590,20210424,300590.SZ,移為通信,1878128,0.77,SZ
77590,20210423,300590.SZ,移為通信,1878128,0.77,SZ
77590,20210422,300590.SZ,移為通信,2175728,0.89,SZ
77590,20210421,300590.SZ,移為通信,2013619,0.83,SZ
77590,20210420,300590.SZ,移為通信,2016119,0.83,SZ
77590,20210419,300590.SZ,移為通信,2153258,0.88,SZ
77590,20210417,300590.SZ,移為通信,2053608,0.84,SZ
77590,20210416,300590.SZ,移為通信,2053608,0.84,SZ
77590,20210415,300590.SZ,移為通信,1973658,0.81,SZ
77590,20210414,300590.SZ,移為通信,1999810,0.82,SZ
77590,20210413,300590.SZ,移為通信,1974010,0.81,SZ
77590,20210412,300590.SZ,移為通信,1976810,0.81,SZ
77590,20210410,300590.SZ,移為通信,2045310,0.84,SZ
77590,20210409,300590.SZ,移為通信,2045310,0.84,SZ
77590,20210408,300590.SZ,移為通信,2093830,0.86,SZ
77590,20210407,300590.SZ,移為通信,2007676,0.82,SZ
77590,20210401,300590.SZ,移為通信,1990226,0.82,SZ
77590,20210331,300590.SZ,移為通信,1990226,0.82,SZ
77590,20210330,300590.SZ,移為通信,1981116,0.81,SZ
77590,20210329,300590.SZ,移為通信,1994748,0.82,SZ
77590,20210327,300590.SZ,移為通信,2082608,0.85,SZ
77590,20210326,300590.SZ,移為通信,2082608,0.85,SZ
77590,20210325,300590.SZ,移為通信,2103776,0.86,SZ
77590,20210324,300590.SZ,移為通信,2114127,0.87,SZ
77590,20210323,300590.SZ,移為通信,2075440,0.85,SZ
77590,20210322,300590.SZ,移為通信,2234494,0.92,SZ
77590,20210320,300590.SZ,移為通信,2032512,0.83,SZ
77590,20210319,300590.SZ,移為通信,2032512,0.83,SZ
77590,20210318,300590.SZ,移為通信,2037272,0.84,SZ
77590,20210317,300590.SZ,移為通信,2078972,0.85,SZ
77590,20210316,300590.SZ,移為通信,2083872,0.86,SZ
77590,20210315,300590.SZ,移為通信,1847172,0.76,SZ
77590,20210313,300590.SZ,移為通信,1985712,0.81,SZ
77590,20210312,300590.SZ,移為通信,1985712,0.81,SZ
77590,20210311,300590.SZ,移為通信,1597750,0.65,SZ
77590,20210310,300590.SZ,移為通信,1583300,0.65,SZ
77590,20210309,300590.SZ,移為通信,1516111,0.62,SZ
77590,20210308,300590.SZ,移為通信,1044810,0.43,SZ
77590,20210306,300590.SZ,移為通信,1179045,0.48,SZ
77590,20210305,300590.SZ,移為通信,1179045,0.48,SZ
77590,20210304,300590.SZ,移為通信,764864,0.31,SZ
77590,20210303,300590.SZ,移為通信,443512,0.18,SZ
77590,20210302,300590.SZ,移為通信,602813,0.24,SZ
77590,20210301,300590.SZ,移為通信,568589,0.23,SZ
77590,20210227,300590.SZ,移為通信,592689,0.24,SZ
77590,20210226,300590.SZ,移為通信,592689,0.24,SZ
77590,20210225,300590.SZ,移為通信,521929,0.21,SZ
77590,20210224,300590.SZ,移為通信,641329,0.26,SZ
77590,20210223,300590.SZ,移為通信,674916,0.27,SZ
77590,20210222,300590.SZ,移為通信,713771,0.29,SZ
77590,20210220,300590.SZ,移為通信,537595,0.22,SZ
77590,20210219,300590.SZ,移為通信,537595,0.22,SZ
77590,20210218,300590.SZ,移為通信,630503,0.26,SZ
77590,20210217,300590.SZ,移為通信,687303,0.28,SZ
77590,20210216,300590.SZ,移為通信,687303,0.28,SZ
77590,20210211,300590.SZ,移為通信,687303,0.28,SZ
77590,20210210,300590.SZ,移為通信,687303,0.28,SZ
77590,20210209,300590.SZ,移為通信,630605,0.26,SZ
77590,20210208,300590.SZ,移為通信,568105,0.23,SZ
77590,20210206,300590.SZ,移為通信,642455,0.26,SZ
77590,20210205,300590.SZ,移為通信,642455,0.26,SZ
77590,20210204,300590.SZ,移為通信,684613,0.28,SZ
77590,20210203,300590.SZ,移為通信,627799,0.25,SZ
77590,20210202,300590.SZ,移為通信,553829,0.22,SZ
77590,20210201,300590.SZ,移為通信,493094,0.2,SZ
77590,20210130,300590.SZ,移為通信,743956,0.3,SZ
77590,20210129,300590.SZ,移為通信,743956,0.3,SZ
77590,20210128,300590.SZ,移為通信,542830,0.22,SZ
77590,20210127,300590.SZ,移為通信,440680,0.18,SZ
77590,20210126,300590.SZ,移為通信,533686,0.22,SZ
77590,20210125,300590.SZ,移為通信,758886,0.31,SZ
77590,20210123,300590.SZ,移為通信,605736,0.25,SZ
77590,20210122,300590.SZ,移為通信,605736,0.25,SZ
77590,20210121,300590.SZ,移為通信,890793,0.36,SZ
77590,20210120,300590.SZ,移為通信,912637,0.37,SZ
77590,20210119,300590.SZ,移為通信,896570,0.37,SZ
77590,20210118,300590.SZ,移為通信,1099620,0.45,SZ
77590,20210115,300590.SZ,移為通信,615570,0.25,SZ
77590,20210114,300590.SZ,移为通信,763520,0.31,SZ
77590,20210113,300590.SZ,移为通信,1299429,0.53,SZ
77590,20210112,300590.SZ,移为通信,737653,0.3,SZ
77590,20210111,300590.SZ,移为通信,854253,0.35,SZ
77590,20210109,300590.SZ,移为通信,902553,0.37,SZ
77590,20210108,300590.SZ,移為通信,902553,0.37,SZ
77590,20210107,300590.SZ,移為通信,1388704,0.57,SZ
77590,20210106,300590.SZ,移为通信,1357954,0.56,SZ
77590,20210105,300590.SZ,移为通信,553154,0.22,SZ
77590,20210104,300590.SZ,移为通信,561754,0.23,SZ
77590,20210102,300590.SZ,移为通信,666565,0.27,SZ
77590,20221231,300590.SZ,移為通信,1313941,0.28,SZ
77590,20221230,300590.SZ,移為通信,1313941,0.28,SZ
77590,20221229,300590.SZ,移為通信,1327341,0.28,SZ
77590,20221228,300590.SZ,移為通信,1335541,0.29,SZ
77590,20221224,300590.SZ,移為通信,1472591,0.32,SZ
77590,20221223,300590.SZ,移為通信,1472591,0.32,SZ
77590,20221222,300590.SZ,移為通信,1472591,0.32,SZ
77590,20221221,300590.SZ,移為通信,1535891,0.33,SZ
77590,20221220,300590.SZ,移為通信,1735641,0.37,SZ
77590,20221219,300590.SZ,移為通信,1810541,0.39,SZ
77590,20221217,300590.SZ,移為通信,1886041,0.41,SZ
77590,20221216,300590.SZ,移為通信,1886041,0.41,SZ
77590,20221215,300590.SZ,移為通信,2007241,0.43,SZ
77590,20221214,300590.SZ,移為通信,2081441,0.45,SZ
77590,20221213,300590.SZ,移為通信,2353789,0.51,SZ
77590,20221212,300590.SZ,移為通信,2795550,0.61,SZ
77590,20221210,300590.SZ,移為通信,3246189,0.7,SZ
77590,20221209,300590.SZ,移為通信,3246189,0.7,SZ
77590,20221208,300590.SZ,移為通信,3412412,0.74,SZ
77590,20221207,300590.SZ,移為通信,4373588,0.95,SZ
77590,20221206,300590.SZ,移為通信,4259708,0.93,SZ
77590,20221205,300590.SZ,移為通信,4376578,0.95,SZ
77590,20221203,300590.SZ,移為通信,4844802,1.05,SZ
77590,20221202,300590.SZ,移為通信,4844802,1.05,SZ
77590,20221201,300590.SZ,移為通信,4113124,0.89,SZ
77590,20221130,300590.SZ,移為通信,3248243,0.7,SZ
77590,20221129,300590.SZ,移為通信,3008213,0.65,SZ
77590,20221128,300590.SZ,移為通信,3155035,0.68,SZ
77590,20221126,300590.SZ,移為通信,3446608,0.75,SZ
77590,20221125,300590.SZ,移為通信,3446608,0.75,SZ
77590,20221124,300590.SZ,移為通信,3843028,0.83,SZ
77590,20221123,300590.SZ,移為通信,4196550,0.91,SZ
77590,20221122,300590.SZ,移為通信,4159218,0.9,SZ
77590,20221121,300590.SZ,移為通信,4642996,1.01,SZ
77590,20221119,300590.SZ,移為通信,4317196,0.94,SZ
77590,20221118,300590.SZ,移為通信,4317196,0.94,SZ
77590,20221117,300590.SZ,移為通信,3790886,0.82,SZ
77590,20221116,300590.SZ,移為通信,3488736,0.76,SZ
77590,20221115,300590.SZ,移為通信,3356241,0.73,SZ
77590,20221114,300590.SZ,移為通信,2711791,0.59,SZ
77590,20221112,300590.SZ,移為通信,2256028,0.49,SZ
77590,20221111,300590.SZ,移為通信,2256028,0.49,SZ
77590,20221110,300590.SZ,移為通信,2391167,0.52,SZ
77590,20221109,300590.SZ,移為通信,2257675,0.49,SZ
77590,20221108,300590.SZ,移為通信,2647775,0.57,SZ
77590,20221107,300590.SZ,移為通信,3832665,0.83,SZ
77590,20221105,300590.SZ,移為通信,4639605,1.01,SZ
77590,20221104,300590.SZ,移為通信,4639605,1.01,SZ
77590,20221103,300590.SZ,移為通信,5326376,1.16,SZ
77590,20221102,300590.SZ,移為通信,5994926,1.3,SZ
77590,20221101,300590.SZ,移為通信,6475835,1.41,SZ
77590,20221031,300590.SZ,移為通信,6764716,1.47,SZ
77590,20221029,300590.SZ,移為通信,5952416,1.3,SZ
77590,20221028,300590.SZ,移為通信,5952416,1.3,SZ
77590,20221027,300590.SZ,移為通信,5671619,1.23,SZ
77590,20221026,300590.SZ,移為通信,5910581,1.29,SZ
77590,20221025,300590.SZ,移為通信,4870031,1.06,SZ
77590,20221024,300590.SZ,移為通信,4555859,0.99,SZ
77590,20221022,300590.SZ,移為通信,4650169,1.01,SZ
77590,20221021,300590.SZ,移為通信,4650169,1.01,SZ
77590,20221020,300590.SZ,移為通信,4180267,0.91,SZ
77590,20221019,300590.SZ,移為通信,3780347,0.82,SZ
77590,20221018,300590.SZ,移為通信,3640726,0.79,SZ
77590,20221017,300590.SZ,移為通信,3463226,0.75,SZ
77590,20221015,300590.SZ,移為通信,3646489,0.79,SZ
77590,20221014,300590.SZ,移為通信,3646489,0.79,SZ
77590,20221013,300590.SZ,移為通信,3300589,0.72,SZ
77590,20221012,300590.SZ,移為通信,3670064,0.8,SZ
77590,20221011,300590.SZ,移為通信,3675329,0.8,SZ
77590,20221010,300590.SZ,移為通信,3793749,0.82,SZ
77590,20221008,300590.SZ,移為通信,3888836,0.84,SZ
77590,20221007,300590.SZ,移為通信,3888836,0.84,SZ
77590,20221006,300590.SZ,移為通信,3888836,0.84,SZ
77590,20221005,300590.SZ,移為通信,3888836,0.84,SZ
77590,20221003,300590.SZ,移為通信,3888836,0.84,SZ
77590,20220930,300590.SZ,移為通信,3888836,0.84,SZ
77590,20220929,300590.SZ,移為通信,3551136,0.77,SZ
77590,20220928,300590.SZ,移為通信,3631064,0.79,SZ
77590,20220927,300590.SZ,移為通信,3649518,0.79,SZ
77590,20220926,300590.SZ,移為通信,3501914,0.76,SZ
77590,20220924,300590.SZ,移為通信,3806126,0.83,SZ
77590,20220923,300590.SZ,移為通信,3806126,0.83,SZ
77590,20220922,300590.SZ,移為通信,3994886,0.87,SZ
77590,20220921,300590.SZ,移為通信,3852476,0.84,SZ
77590,20220920,300590.SZ,移為通信,3643076,0.79,SZ
77590,20220919,300590.SZ,移為通信,3757713,0.82,SZ
77590,20220917,300590.SZ,移為通信,4267111,0.93,SZ
77590,20220916,300590.SZ,移為通信,4267111,0.93,SZ
77590,20220915,300590.SZ,移為通信,4512583,0.98,SZ
77590,20220914,300590.SZ,移為通信,4887913,1.06,SZ
77590,20220913,300590.SZ,移為通信,4607703,1.0,SZ
77590,20220910,300590.SZ,移為通信,4699363,1.02,SZ
77590,20220909,300590.SZ,移為通信,4699363,1.02,SZ
77590,20220908,300590.SZ,移為通信,4720264,1.03,SZ
77590,20220907,300590.SZ,移為通信,4615442,1.0,SZ
77590,20220906,300590.SZ,移為通信,4232392,0.92,SZ
77590,20220905,300590.SZ,移為通信,4442463,0.97,SZ
77590,20220903,300590.SZ,移為通信,5006513,1.09,SZ
77590,20220902,300590.SZ,移為通信,5006513,1.09,SZ
77590,20220901,300590.SZ,移為通信,4761890,1.04,SZ
77590,20220831,300590.SZ,移為通信,4740390,1.03,SZ
77590,20220830,300590.SZ,移為通信,5051092,1.1,SZ
77590,20220829,300590.SZ,移為通信,4995869,1.09,SZ
77590,20220827,300590.SZ,移為通信,4880487,1.06,SZ
77590,20220826,300590.SZ,移為通信,4880487,1.06,SZ
77590,20220825,300590.SZ,移為通信,4902484,1.07,SZ
77590,20220824,300590.SZ,移為通信,4577400,1.0,SZ
77590,20220823,300590.SZ,移為通信,4532894,0.99,SZ
77590,20220822,300590.SZ,移為通信,4578502,1.0,SZ
77590,20220820,300590.SZ,移為通信,4764152,1.04,SZ
77590,20220819,300590.SZ,移為通信,4764152,1.04,SZ
77590,20220818,300590.SZ,移為通信,5858251,1.27,SZ
77590,20220817,300590.SZ,移為通信,5150941,1.12,SZ
77590,20220816,300590.SZ,移為通信,4427536,0.96,SZ
77590,20220815,300590.SZ,移為通信,4316536,0.94,SZ
77590,20220813,300590.SZ,移為通信,4481277,0.97,SZ
77590,20220812,300590.SZ,移為通信,4481277,0.97,SZ
77590,20220811,300590.SZ,移為通信,4691027,1.02,SZ
77590,20220810,300590.SZ,移為通信,4585067,1.0,SZ
77590,20220809,300590.SZ,移為通信,4270517,0.93,SZ
77590,20220808,300590.SZ,移為通信,4675027,1.02,SZ
77590,20220806,300590.SZ,移為通信,4767311,1.04,SZ
77590,20220805,300590.SZ,移為通信,4767311,1.04,SZ
77590,20220804,300590.SZ,移為通信,4007168,0.87,SZ
77590,20220803,300590.SZ,移為通信,3862874,0.84,SZ
77590,20220802,300590.SZ,移為通信,2887094,0.63,SZ
77590,20220801,300590.SZ,移為通信,1956094,0.42,SZ
77590,20220730,300590.SZ,移為通信,1602234,0.35,SZ
77590,20220729,300590.SZ,移為通信,1602234,0.35,SZ
77590,20220728,300590.SZ,移為通信,1677532,0.36,SZ
77590,20220727,300590.SZ,移為通信,1565756,0.34,SZ
77590,20220726,300590.SZ,移為通信,1989892,0.43,SZ
77590,20220725,300590.SZ,移為通信,1790539,0.39,SZ
77590,20220722,300590.SZ,移為通信,872092,0.19,SZ
77590,20220721,300590.SZ,移為通信,460383,0.1,SZ
77590,20220720,300590.SZ,移為通信,830132,0.18,SZ
77590,20220719,300590.SZ,移為通信,1093436,0.23,SZ
77590,20220718,300590.SZ,移為通信,1125779,0.24,SZ
77590,20220716,300590.SZ,移為通信,1202779,0.26,SZ
77590,20220715,300590.SZ,移為通信,1202779,0.26,SZ
77590,20220714,300590.SZ,移為通信,984815,0.21,SZ
77590,20220713,300590.SZ,移為通信,861283,0.18,SZ
77590,20220712,300590.SZ,移為通信,266483,0.05,SZ
77590,20220711,300590.SZ,移為通信,306983,0.06,SZ
77590,20220709,300590.SZ,移為通信,410233,0.08,SZ
77590,20220708,300590.SZ,移為通信,410233,0.08,SZ
77590,20220707,300590.SZ,移為通信,474433,0.1,SZ
77590,20220706,300590.SZ,移為通信,298683,0.06,SZ
77590,20220705,300590.SZ,移為通信,425483,0.09,SZ
77590,20220704,300590.SZ,移為通信,361933,0.07,SZ
77590,20220702,300590.SZ,移為通信,673320,0.14,SZ
77590,20220630,300590.SZ,移為通信,673320,0.14,SZ
77590,20220629,300590.SZ,移為通信,673320,0.14,SZ
77590,20220628,300590.SZ,移為通信,611735,0.2,SZ
77590,20220627,300590.SZ,移為通信,405473,0.13,SZ
77590,20220625,300590.SZ,移為通信,850688,0.27,SZ
77590,20220624,300590.SZ,移為通信,850688,0.27,SZ
77590,20220623,300590.SZ,移為通信,2265505,0.74,SZ
77590,20220622,300590.SZ,移為通信,1810421,0.59,SZ
77590,20220621,300590.SZ,移為通信,2187001,0.71,SZ
77590,20220620,300590.SZ,移為通信,2594535,0.85,SZ
77590,20220618,300590.SZ,移為通信,2816044,0.92,SZ
77590,20220617,300590.SZ,移為通信,2816044,0.92,SZ
77590,20220616,300590.SZ,移為通信,2882644,0.94,SZ
77590,20220615,300590.SZ,移為通信,2814956,0.92,SZ
77590,20220614,300590.SZ,移為通信,2759636,0.9,SZ
77590,20220613,300590.SZ,移為通信,3061836,1.0,SZ
77590,20220611,300590.SZ,移為通信,2915700,0.95,SZ
77590,20220610,300590.SZ,移為通信,2915700,0.95,SZ
77590,20220609,300590.SZ,移為通信,2816940,0.92,SZ
77590,20220608,300590.SZ,移為通信,3214278,1.05,SZ
77590,20220607,300590.SZ,移為通信,3754027,1.23,SZ
77590,20220606,300590.SZ,移為通信,3430847,1.12,SZ
77590,20220604,300590.SZ,移為通信,3436112,1.12,SZ
77590,20220602,300590.SZ,移為通信,3436112,1.12,SZ
77590,20220601,300590.SZ,移為通信,3192916,1.04,SZ
77590,20220531,300590.SZ,移為通信,2545616,0.83,SZ
77590,20220530,300590.SZ,移為通信,2490516,0.81,SZ
77590,20220528,300590.SZ,移為通信,2492216,0.81,SZ
77590,20220527,300590.SZ,移為通信,2492216,0.81,SZ
77590,20220526,300590.SZ,移為通信,2729816,0.89,SZ
77590,20220525,300590.SZ,移為通信,2616016,0.85,SZ
77590,20220524,300590.SZ,移為通信,2385748,0.78,SZ
77590,20220523,300590.SZ,移為通信,2460228,0.8,SZ
77590,20220521,300590.SZ,移為通信,2526168,0.82,SZ
77590,20220520,300590.SZ,移為通信,2526168,0.82,SZ
77590,20220519,300590.SZ,移為通信,2631668,0.86,SZ
77590,20220518,300590.SZ,移為通信,2467958,0.81,SZ
77590,20220517,300590.SZ,移為通信,2554558,0.83,SZ
77590,20220516,300590.SZ,移為通信,2654240,0.87,SZ
77590,20220514,300590.SZ,移為通信,3060275,1.0,SZ
77590,20220513,300590.SZ,移為通信,3060275,1.0,SZ
77590,20220512,300590.SZ,移為通信,3209635,1.05,SZ
77590,20220511,300590.SZ,移為通信,2850684,0.93,SZ
77590,20220510,300590.SZ,移為通信,2843864,0.93,SZ
77590,20220507,300590.SZ,移為通信,2933728,0.96,SZ
77590,20220506,300590.SZ,移為通信,2933728,0.96,SZ
77590,20220505,300590.SZ,移為通信,2933728,0.96,SZ
77590,20220504,300590.SZ,移為通信,2925054,0.96,SZ
77590,20220503,300590.SZ,移為通信,2925054,0.96,SZ
77590,20220430,300590.SZ,移為通信,2925054,0.96,SZ
77590,20220429,300590.SZ,移為通信,2925054,0.96,SZ
77590,20220428,300590.SZ,移為通信,2906430,0.95,SZ
77590,20220427,300590.SZ,移為通信,3238332,1.06,SZ
77590,20220426,300590.SZ,移為通信,2655702,0.87,SZ
77590,20220425,300590.SZ,移為通信,2492566,0.81,SZ
77590,20220423,300590.SZ,移為通信,1954566,0.64,SZ
77590,20220422,300590.SZ,移為通信,1954566,0.64,SZ
77590,20220421,300590.SZ,移為通信,1814509,0.59,SZ
77590,20220420,300590.SZ,移為通信,1860436,0.61,SZ
77590,20220419,300590.SZ,移為通信,1990314,0.65,SZ
77590,20220414,300590.SZ,移為通信,1874039,0.61,SZ
77590,20220413,300590.SZ,移為通信,1874039,0.61,SZ
77590,20220412,300590.SZ,移為通信,2147118,0.7,SZ
77590,20220411,300590.SZ,移為通信,1740903,0.57,SZ
77590,20220409,300590.SZ,移為通信,1292161,0.42,SZ
77590,20220408,300590.SZ,移為通信,1292161,0.42,SZ
77590,20220407,300590.SZ,移為通信,1222449,0.4,SZ
77590,20220406,300590.SZ,移為通信,992665,0.32,SZ
77590,20220404,300590.SZ,移為通信,721639,0.23,SZ
77590,20220402,300590.SZ,移為通信,721639,0.23,SZ
77590,20220401,300590.SZ,移為通信,721639,0.23,SZ
77590,20220331,300590.SZ,移為通信,663019,0.21,SZ
77590,20220330,300590.SZ,移為通信,552659,0.18,SZ
77590,20220329,300590.SZ,移為通信,503359,0.16,SZ
77590,20220328,300590.SZ,移為通信,441465,0.14,SZ
77590,20220326,300590.SZ,移為通信,465665,0.15,SZ
77590,20220325,300590.SZ,移為通信,465665,0.15,SZ
77590,20220324,300590.SZ,移為通信,391359,0.12,SZ
77590,20220323,300590.SZ,移為通信,440087,0.14,SZ
77590,20220322,300590.SZ,移為通信,842239,0.27,SZ
77590,20220321,300590.SZ,移為通信,938901,0.3,SZ
77590,20220319,300590.SZ,移為通信,1175265,0.38,SZ
77590,20220318,300590.SZ,移為通信,1175265,0.38,SZ
77590,20220317,300590.SZ,移為通信,1307767,0.42,SZ
77590,20220316,300590.SZ,移為通信,860838,0.28,SZ
77590,20220315,300590.SZ,移為通信,1002564,0.32,SZ
77590,20220314,300590.SZ,移為通信,1025166,0.33,SZ
77590,20220312,300590.SZ,移為通信,957490,0.31,SZ
77590,20220311,300590.SZ,移為通信,957490,0.31,SZ
77590,20220310,300590.SZ,移為通信,834376,0.27,SZ
77590,20220309,300590.SZ,移為通信,1102950,0.36,SZ
77590,20220308,300590.SZ,移為通信,1113450,0.36,SZ
77590,20220307,300590.SZ,移為通信,1192058,0.39,SZ
77590,20220305,300590.SZ,移為通信,1253895,0.41,SZ
77590,20220304,300590.SZ,移為通信,1253895,0.41,SZ
77590,20220303,300590.SZ,移為通信,1435593,0.47,SZ
77590,20220302,300590.SZ,移為通信,1029943,0.33,SZ
77590,20220301,300590.SZ,移為通信,1150245,0.37,SZ
77590,20220228,300590.SZ,移為通信,909185,0.29,SZ
77590,20220226,300590.SZ,移為通信,988085,0.32,SZ
77590,20220225,300590.SZ,移為通信,988085,0.32,SZ
77590,20220224,300590.SZ,移為通信,1033358,0.33,SZ
77590,20220223,300590.SZ,移為通信,919278,0.3,SZ
77590,20220222,300590.SZ,移為通信,998134,0.32,SZ
77590,20220221,300590.SZ,移為通信,994914,0.32,SZ
77590,20220219,300590.SZ,移為通信,966514,0.31,SZ
77590,20220218,300590.SZ,移為通信,966514,0.31,SZ
77590,20220217,300590.SZ,移為通信,732911,0.24,SZ
77590,20220216,300590.SZ,移為通信,662239,0.21,SZ
77590,20220215,300590.SZ,移為通信,762601,0.25,SZ
77590,20220214,300590.SZ,移為通信,1086321,0.35,SZ
77590,20220212,300590.SZ,移為通信,1189661,0.39,SZ
77590,20220211,300590.SZ,移為通信,1189661,0.39,SZ
77590,20220210,300590.SZ,移為通信,1166322,0.38,SZ
77590,20220209,300590.SZ,移為通信,1236162,0.4,SZ
77590,20220208,300590.SZ,移為通信,1274056,0.41,SZ
77590,20220207,300590.SZ,移為通信,1685338,0.55,SZ
77590,20220205,300590.SZ,移為通信,1907538,0.62,SZ
77590,20220204,300590.SZ,移為通信,1907538,0.62,SZ
77590,20220131,300590.SZ,移為通信,1907538,0.62,SZ
77590,20220129,300590.SZ,移為通信,1907538,0.62,SZ
77590,20220128,300590.SZ,移為通信,1907538,0.62,SZ
77590,20220127,300590.SZ,移為通信,1790604,0.58,SZ
77590,20220126,300590.SZ,移為通信,1268071,0.41,SZ
77590,20220125,300590.SZ,移為通信,1453671,0.47,SZ
77590,20220124,300590.SZ,移為通信,1171368,0.38,SZ
77590,20220122,300590.SZ,移為通信,1352129,0.44,SZ
77590,20220121,300590.SZ,移為通信,1352129,0.44,SZ
77590,20220120,300590.SZ,移為通信,1420649,0.46,SZ
77590,20220119,300590.SZ,移為通信,1305272,0.42,SZ
77590,20220118,300590.SZ,移為通信,1430964,0.46,SZ
77590,20220117,300590.SZ,移為通信,1570524,0.51,SZ
77590,20220115,300590.SZ,移為通信,997569,0.32,SZ
77590,20220114,300590.SZ,移為通信,997569,0.32,SZ
77590,20220113,300590.SZ,移為通信,976602,0.32,SZ
77590,20220112,300590.SZ,移為通信,887822,0.29,SZ
77590,20220111,300590.SZ,移為通信,912142,0.29,SZ
77590,20220110,300590.SZ,移為通信,1338999,0.43,SZ
77590,20220108,300590.SZ,移為通信,1262959,0.41,SZ
77590,20220107,300590.SZ,移為通信,1262959,0.41,SZ
77590,20220106,300590.SZ,移為通信,1221219,0.4,SZ
77590,20220105,300590.SZ,移為通信,1399098,0.45,SZ
77590,20220104,300590.SZ,移為通信,1063898,0.34,SZ
77590,20220103,300590.SZ,移為通信,820049,0.26,SZ
77590,20231230,300590.SZ,移為通信,2800070,0.61,SZ
77590,20231229,300590.SZ,移為通信,2800070,0.61,SZ
77590,20231228,300590.SZ,移為通信,2197670,0.47,SZ
77590,20231227,300590.SZ,移為通信,2181870,0.47,SZ
77590,20231223,300590.SZ,移為通信,2025270,0.44,SZ
77590,20231222,300590.SZ,移為通信,2025270,0.44,SZ
77590,20231221,300590.SZ,移為通信,1653770,0.36,SZ
77590,20231220,300590.SZ,移為通信,1962170,0.42,SZ
77590,20231219,300590.SZ,移為通信,2586070,0.56,SZ
77590,20231218,300590.SZ,移為通信,2749010,0.59,SZ
77590,20231216,300590.SZ,移為通信,2420830,0.52,SZ
77590,20231215,300590.SZ,移為通信,2420830,0.52,SZ
77590,20231214,300590.SZ,移為通信,2690000,0.58,SZ
77590,20231213,300590.SZ,移為通信,2392200,0.52,SZ
77590,20231212,300590.SZ,移為通信,2128200,0.46,SZ
77590,20231211,300590.SZ,移為通信,2464580,0.53,SZ
77590,20231209,300590.SZ,移為通信,2771840,0.6,SZ
77590,20231208,300590.SZ,移為通信,2771840,0.6,SZ
77590,20231207,300590.SZ,移為通信,2402480,0.52,SZ
77590,20231206,300590.SZ,移為通信,2397580,0.52,SZ
77590,20231205,300590.SZ,移為通信,2883680,0.62,SZ
77590,20231204,300590.SZ,移為通信,3567180,0.77,SZ
77590,20231202,300590.SZ,移為通信,3276893,0.71,SZ
77590,20231201,300590.SZ,移為通信,3276893,0.71,SZ
77590,20231130,300590.SZ,移為通信,2995123,0.65,SZ
77590,20231129,300590.SZ,移為通信,3308723,0.72,SZ
77590,20231128,300590.SZ,移為通信,4259925,0.92,SZ
77590,20231127,300590.SZ,移為通信,4482175,0.97,SZ
77590,20231125,300590.SZ,移為通信,4974575,1.08,SZ
77590,20231124,300590.SZ,移為通信,4974575,1.08,SZ
77590,20231123,300590.SZ,移為通信,5416575,1.18,SZ
77590,20231122,300590.SZ,移為通信,5402565,1.17,SZ
77590,20231121,300590.SZ,移為通信,5276585,1.15,SZ
77590,20231120,300590.SZ,移為通信,4701958,1.02,SZ
77590,20231118,300590.SZ,移為通信,4701958,1.02,SZ
77590,20231117,300590.SZ,移為通信,4701958,1.02,SZ
77590,20231116,300590.SZ,移為通信,4509758,0.98,SZ
77590,20231115,300590.SZ,移為通信,4781458,1.04,SZ
77590,20231114,300590.SZ,移為通信,4673042,1.01,SZ
77590,20231113,300590.SZ,移為通信,4112482,0.89,SZ
77590,20231111,300590.SZ,移為通信,3812297,0.83,SZ
77590,20231110,300590.SZ,移為通信,3812297,0.83,SZ
77590,20231109,300590.SZ,移為通信,4039097,0.88,SZ
77590,20231108,300590.SZ,移為通信,4347047,0.94,SZ
77590,20231107,300590.SZ,移為通信,4254017,0.92,SZ
77590,20231106,300590.SZ,移為通信,4095345,0.89,SZ
77590,20231104,300590.SZ,移為通信,4018545,0.87,SZ
77590,20231103,300590.SZ,移為通信,4018545,0.87,SZ
77590,20231102,300590.SZ,移為通信,3547015,0.77,SZ
77590,20231101,300590.SZ,移為通信,3732635,0.81,SZ
77590,20231031,300590.SZ,移為通信,3794535,0.82,SZ
77590,20231030,300590.SZ,移為通信,4010835,0.87,SZ
77590,20231028,300590.SZ,移為通信,3870335,0.84,SZ
77590,20231027,300590.SZ,移為通信,3870335,0.84,SZ
77590,20231026,300590.SZ,移為通信,4024485,0.87,SZ
77590,20231025,300590.SZ,移為通信,4112385,0.89,SZ
77590,20231024,300590.SZ,移為通信,3698885,0.8,SZ
77590,20231021,300590.SZ,移為通信,3839181,0.83,SZ
77590,20231020,300590.SZ,移為通信,3839181,0.83,SZ
77590,20231019,300590.SZ,移為通信,4035195,0.87,SZ
77590,20231018,300590.SZ,移為通信,4178695,0.91,SZ
77590,20231017,300590.SZ,移為通信,3977855,0.86,SZ
77590,20231016,300590.SZ,移為通信,4180355,0.91,SZ
77590,20231014,300590.SZ,移為通信,3822605,0.83,SZ
77590,20231013,300590.SZ,移為通信,3822605,0.83,SZ
77590,20231012,300590.SZ,移為通信,3513655,0.76,SZ
77590,20231011,300590.SZ,移為通信,3701655,0.8,SZ
77590,20231010,300590.SZ,移為通信,3047121,0.66,SZ
77590,20231009,300590.SZ,移為通信,3492791,0.76,SZ
77590,20231007,300590.SZ,移為通信,3506291,0.76,SZ
77590,20231006,300590.SZ,移為通信,3506291,0.76,SZ
77590,20231005,300590.SZ,移為通信,3506291,0.76,SZ
77590,20231004,300590.SZ,移為通信,3506291,0.76,SZ
77590,20231003,300590.SZ,移為通信,3506291,0.76,SZ
77590,20230929,300590.SZ,移為通信,3506291,0.76,SZ
77590,20230928,300590.SZ,移為通信,3506291,0.76,SZ
77590,20230927,300590.SZ,移為通信,2765181,0.6,SZ
77590,20230926,300590.SZ,移為通信,3267051,0.71,SZ
77590,20230925,300590.SZ,移為通信,3449651,0.75,SZ
77590,20230923,300590.SZ,移為通信,3390951,0.73,SZ
77590,20230922,300590.SZ,移為通信,3390951,0.73,SZ
77590,20230921,300590.SZ,移為通信,3146841,0.68,SZ
77590,20230920,300590.SZ,移為通信,2691411,0.58,SZ
77590,20230919,300590.SZ,移為通信,2810461,0.61,SZ
77590,20230918,300590.SZ,移為通信,2587601,0.56,SZ
77590,20230916,300590.SZ,移為通信,2900309,0.63,SZ
77590,20230915,300590.SZ,移為通信,2900309,0.63,SZ
77590,20230914,300590.SZ,移為通信,2613669,0.56,SZ
77590,20230913,300590.SZ,移為通信,2214842,0.48,SZ
77590,20230912,300590.SZ,移為通信,1963482,0.42,SZ
77590,20230911,300590.SZ,移為通信,1701742,0.37,SZ
77590,20230909,300590.SZ,移為通信,1589742,0.34,SZ
77590,20230908,300590.SZ,移為通信,1589742,0.34,SZ
77590,20230907,300590.SZ,移為通信,1589742,0.34,SZ
77590,20230906,300590.SZ,移為通信,1711242,0.37,SZ
77590,20230905,300590.SZ,移為通信,1070502,0.23,SZ
77590,20230904,300590.SZ,移為通信,1177152,0.25,SZ
77590,20230902,300590.SZ,移為通信,1163452,0.25,SZ
77590,20230901,300590.SZ,移為通信,1163452,0.25,SZ
77590,20230831,300590.SZ,移為通信,1163452,0.25,SZ
77590,20230830,300590.SZ,移為通信,1283302,0.27,SZ
77590,20230829,300590.SZ,移為通信,933134,0.2,SZ
77590,20230828,300590.SZ,移為通信,380434,0.08,SZ
77590,20230826,300590.SZ,移為通信,588244,0.12,SZ
77590,20230825,300590.SZ,移為通信,588244,0.12,SZ
77590,20230824,300590.SZ,移為通信,475984,0.1,SZ
77590,20230823,300590.SZ,移為通信,644784,0.14,SZ
77590,20230822,300590.SZ,移為通信,810800,0.17,SZ
77590,20230821,300590.SZ,移為通信,997290,0.21,SZ
77590,20230819,300590.SZ,移為通信,1052695,0.22,SZ
77590,20230818,300590.SZ,移為通信,1052695,0.22,SZ
77590,20230817,300590.SZ,移為通信,1135695,0.24,SZ
77590,20230816,300590.SZ,移為通信,971565,0.21,SZ
77590,20230815,300590.SZ,移為通信,939410,0.2,SZ
77590,20230814,300590.SZ,移為通信,1050785,0.22,SZ
77590,20230812,300590.SZ,移為通信,874485,0.19,SZ
77590,20230811,300590.SZ,移為通信,874485,0.19,SZ
77590,20230810,300590.SZ,移為通信,794207,0.17,SZ
77590,20230809,300590.SZ,移為通信,716787,0.15,SZ
77590,20230808,300590.SZ,移為通信,1026387,0.22,SZ
77590,20230807,300590.SZ,移為通信,1091987,0.23,SZ
77590,20230805,300590.SZ,移為通信,1267587,0.27,SZ
77590,20230804,300590.SZ,移為通信,1267587,0.27,SZ
77590,20230803,300590.SZ,移為通信,682837,0.14,SZ
77590,20230802,300590.SZ,移為通信,908027,0.19,SZ
77590,20230801,300590.SZ,移為通信,920627,0.2,SZ
77590,20230731,300590.SZ,移為通信,1081537,0.23,SZ
77590,20230729,300590.SZ,移為通信,1219385,0.26,SZ
77590,20230728,300590.SZ,移為通信,1219385,0.26,SZ
77590,20230727,300590.SZ,移為通信,843995,0.18,SZ
77590,20230726,300590.SZ,移為通信,834300,0.18,SZ
77590,20230725,300590.SZ,移為通信,1305153,0.28,SZ
77590,20230724,300590.SZ,移為通信,1128623,0.24,SZ
77590,20230722,300590.SZ,移為通信,873273,0.19,SZ
77590,20230721,300590.SZ,移為通信,873273,0.19,SZ
77590,20230720,300590.SZ,移為通信,1263510,0.27,SZ
77590,20230719,300590.SZ,移為通信,2083590,0.45,SZ
77590,20230718,300590.SZ,移為通信,1867520,0.4,SZ
77590,20230717,300590.SZ,移為通信,2354816,0.51,SZ
77590,20230715,300590.SZ,移為通信,2354816,0.51,SZ
77590,20230714,300590.SZ,移為通信,2354816,0.51,SZ
77590,20230713,300590.SZ,移為通信,2246966,0.49,SZ
77590,20230712,300590.SZ,移為通信,1918206,0.41,SZ
77590,20230711,300590.SZ,移為通信,2427991,0.53,SZ
77590,20230710,300590.SZ,移為通信,2857211,0.62,SZ
77590,20230708,300590.SZ,移為通信,3086077,0.67,SZ
77590,20230707,300590.SZ,移為通信,3086077,0.67,SZ
77590,20230706,300590.SZ,移為通信,3361177,0.73,SZ
77590,20230705,300590.SZ,移為通信,2927697,0.63,SZ
77590,20230704,300590.SZ,移為通信,3034767,0.66,SZ
77590,20230703,300590.SZ,移為通信,3161797,0.69,SZ
77590,20230630,300590.SZ,移為通信,3748697,0.81,SZ
77590,20230629,300590.SZ,移為通信,3757777,0.82,SZ
77590,20230628,300590.SZ,移為通信,2565097,0.56,SZ
77590,20230627,300590.SZ,移為通信,3261857,0.71,SZ
77590,20230626,300590.SZ,移為通信,3044996,0.66,SZ
77590,20230624,300590.SZ,移為通信,3551526,0.77,SZ
77590,20230623,300590.SZ,移為通信,3551526,0.77,SZ
77590,20230621,300590.SZ,移為通信,3551526,0.77,SZ
77590,20230620,300590.SZ,移為通信,3437516,0.75,SZ
77590,20230619,300590.SZ,移為通信,2718825,0.59,SZ
77590,20230617,300590.SZ,移為通信,3459811,0.75,SZ
77590,20230616,300590.SZ,移為通信,3459811,0.75,SZ
77590,20230615,300590.SZ,移為通信,3190761,0.69,SZ
77590,20230614,300590.SZ,移為通信,3432611,0.74,SZ
77590,20230613,300590.SZ,移為通信,3690699,0.8,SZ
77590,20230612,300590.SZ,移為通信,3768899,0.82,SZ
77590,20230610,300590.SZ,移為通信,3373589,0.73,SZ
77590,20230609,300590.SZ,移為通信,3373589,0.73,SZ
77590,20230608,300590.SZ,移為通信,2158569,0.47,SZ
77590,20230607,300590.SZ,移為通信,2255703,0.49,SZ
77590,20230606,300590.SZ,移為通信,1977303,0.43,SZ
77590,20230605,300590.SZ,移為通信,1752373,0.38,SZ
77590,20230603,300590.SZ,移為通信,1593273,0.34,SZ
77590,20230602,300590.SZ,移為通信,1593273,0.34,SZ
77590,20230601,300590.SZ,移為通信,2904723,0.63,SZ
77590,20230531,300590.SZ,移為通信,2531733,0.55,SZ
77590,20230530,300590.SZ,移為通信,3049286,0.66,SZ
77590,20230529,300590.SZ,移為通信,2950286,0.64,SZ
77590,20230527,300590.SZ,移為通信,2508486,0.54,SZ
77590,20230525,300590.SZ,移為通信,2508486,0.54,SZ
77590,20230524,300590.SZ,移為通信,2622686,0.57,SZ
77590,20230523,300590.SZ,移為通信,2467886,0.53,SZ
77590,20230522,300590.SZ,移為通信,2737686,0.59,SZ
77590,20230520,300590.SZ,移為通信,2693586,0.58,SZ
77590,20230519,300590.SZ,移為通信,2693586,0.58,SZ
77590,20230518,300590.SZ,移為通信,2623786,0.57,SZ
77590,20230517,300590.SZ,移為通信,2345487,0.51,SZ
77590,20230516,300590.SZ,移為通信,2175387,0.47,SZ
77590,20230515,300590.SZ,移為通信,2555827,0.55,SZ
77590,20230513,300590.SZ,移為通信,2854827,0.62,SZ
77590,20230512,300590.SZ,移為通信,2854827,0.62,SZ
77590,20230511,300590.SZ,移為通信,2551227,0.55,SZ
77590,20230510,300590.SZ,移為通信,2451627,0.53,SZ
77590,20230509,300590.SZ,移為通信,2494627,0.54,SZ
77590,20230508,300590.SZ,移為通信,2795207,0.61,SZ
77590,20230506,300590.SZ,移為通信,2175234,0.47,SZ
77590,20230505,300590.SZ,移為通信,2175234,0.47,SZ
77590,20230504,300590.SZ,移為通信,1837734,0.4,SZ
77590,20230503,300590.SZ,移為通信,2167534,0.47,SZ
77590,20230502,300590.SZ,移為通信,2167534,0.47,SZ
77590,20230429,300590.SZ,移為通信,2167534,0.47,SZ
77590,20230428,300590.SZ,移為通信,2167534,0.47,SZ
77590,20230427,300590.SZ,移為通信,1828911,0.39,SZ
77590,20230426,300590.SZ,移為通信,2277841,0.49,SZ
77590,20230425,300590.SZ,移為通信,3230307,0.7,SZ
77590,20230424,300590.SZ,移為通信,2831857,0.61,SZ
77590,20230422,300590.SZ,移為通信,2574427,0.56,SZ
77590,20230421,300590.SZ,移為通信,2574427,0.56,SZ
77590,20230420,300590.SZ,移為通信,2543619,0.55,SZ
77590,20230419,300590.SZ,移為通信,2199794,0.48,SZ
77590,20230418,300590.SZ,移為通信,1213626,0.26,SZ
77590,20230417,300590.SZ,移為通信,375514,0.08,SZ
77590,20230415,300590.SZ,移為通信,516814,0.11,SZ
77590,20230414,300590.SZ,移為通信,516814,0.11,SZ
77590,20230413,300590.SZ,移為通信,471434,0.1,SZ
77590,20230412,300590.SZ,移為通信,1314764,0.28,SZ
77590,20230411,300590.SZ,移為通信,1182384,0.25,SZ
77590,20230406,300590.SZ,移為通信,1893334,0.41,SZ
77590,20230404,300590.SZ,移為通信,1893334,0.41,SZ
77590,20230403,300590.SZ,移為通信,1578284,0.34,SZ
77590,20230401,300590.SZ,移為通信,869984,0.19,SZ
77590,20230331,300590.SZ,移為通信,869984,0.19,SZ
77590,20230330,300590.SZ,移為通信,462854,0.1,SZ
77590,20230329,300590.SZ,移為通信,502726,0.1,SZ
77590,20230328,300590.SZ,移為通信,619276,0.13,SZ
77590,20230327,300590.SZ,移為通信,659376,0.14,SZ
77590,20230325,300590.SZ,移為通信,798726,0.17,SZ
77590,20230324,300590.SZ,移為通信,798726,0.17,SZ
77590,20230323,300590.SZ,移為通信,503566,0.1,SZ
77590,20230322,300590.SZ,移為通信,983656,0.21,SZ
77590,20230321,300590.SZ,移為通信,703636,0.15,SZ
77590,20230320,300590.SZ,移為通信,596236,0.13,SZ
77590,20230318,300590.SZ,移為通信,942286,0.2,SZ
77590,20230317,300590.SZ,移為通信,942286,0.2,SZ
77590,20230316,300590.SZ,移為通信,338686,0.07,SZ
77590,20230315,300590.SZ,移為通信,539946,0.11,SZ
77590,20230314,300590.SZ,移為通信,582046,0.12,SZ
77590,20230313,300590.SZ,移為通信,366316,0.08,SZ
77590,20230311,300590.SZ,移為通信,162916,0.03,SZ
77590,20230310,300590.SZ,移為通信,162916,0.03,SZ
77590,20230309,300590.SZ,移為通信,162916,0.03,SZ
77590,20230308,300590.SZ,移為通信,162916,0.03,SZ
77590,20230307,300590.SZ,移為通信,162916,0.03,SZ
77590,20230306,300590.SZ,移為通信,162916,0.03,SZ
77590,20230304,300590.SZ,移為通信,162916,0.03,SZ
77590,20230303,300590.SZ,移為通信,162916,0.03,SZ
77590,20230302,300590.SZ,移為通信,187416,0.04,SZ
77590,20230301,300590.SZ,移為通信,195816,0.04,SZ
77590,20230228,300590.SZ,移為通信,196116,0.04,SZ
77590,20230227,300590.SZ,移為通信,198916,0.04,SZ
77590,20230225,300590.SZ,移為通信,201816,0.04,SZ
77590,20230224,300590.SZ,移為通信,201816,0.04,SZ
77590,20230223,300590.SZ,移為通信,202016,0.04,SZ
77590,20230222,300590.SZ,移為通信,202016,0.04,SZ
77590,20230221,300590.SZ,移為通信,204116,0.04,SZ
77590,20230220,300590.SZ,移為通信,235816,0.05,SZ
77590,20230218,300590.SZ,移為通信,235816,0.05,SZ
77590,20230217,300590.SZ,移為通信,235816,0.05,SZ
77590,20230216,300590.SZ,移為通信,236016,0.05,SZ
77590,20230215,300590.SZ,移為通信,257216,0.05,SZ
77590,20230214,300590.SZ,移為通信,257216,0.05,SZ
77590,20230213,300590.SZ,移為通信,289916,0.06,SZ
77590,20230211,300590.SZ,移為通信,332966,0.07,SZ
77590,20230210,300590.SZ,移為通信,332966,0.07,SZ
77590,20230209,300590.SZ,移為通信,339966,0.07,SZ
77590,20230208,300590.SZ,移為通信,534766,0.11,SZ
77590,20230207,300590.SZ,移為通信,554166,0.12,SZ
77590,20230206,300590.SZ,移為通信,574566,0.12,SZ
77590,20230204,300590.SZ,移為通信,744766,0.16,SZ
77590,20230203,300590.SZ,移為通信,744766,0.16,SZ
77590,20230202,300590.SZ,移為通信,754466,0.16,SZ
77590,20230201,300590.SZ,移為通信,891966,0.19,SZ
77590,20230131,300590.SZ,移為通信,892466,0.19,SZ
77590,20230130,300590.SZ,移為通信,901366,0.19,SZ
77590,20230128,300590.SZ,移為通信,907466,0.19,SZ
77590,20230127,300590.SZ,移為通信,907466,0.19,SZ
77590,20230126,300590.SZ,移為通信,907466,0.19,SZ
77590,20230121,300590.SZ,移為通信,907466,0.19,SZ
77590,20230120,300590.SZ,移為通信,907466,0.19,SZ
77590,20230119,300590.SZ,移為通信,924271,0.2,SZ
77590,20230118,300590.SZ,移為通信,1032171,0.22,SZ
77590,20230117,300590.SZ,移為通信,1054071,0.23,SZ
77590,20230116,300590.SZ,移為通信,1061171,0.23,SZ
77590,20230114,300590.SZ,移為通信,1141141,0.24,SZ
77590,20230113,300590.SZ,移為通信,1141141,0.24,SZ
77590,20230112,300590.SZ,移為通信,1144741,0.25,SZ
77590,20230111,300590.SZ,移為通信,1144941,0.25,SZ
77590,20230110,300590.SZ,移為通信,1153641,0.25,SZ
77590,20230109,300590.SZ,移為通信,1177541,0.25,SZ
77590,20230107,300590.SZ,移為通信,1201841,0.26,SZ
77590,20230106,300590.SZ,移為通信,1201841,0.26,SZ
77590,20230105,300590.SZ,移為通信,1217941,0.26,SZ
77590,20230104,300590.SZ,移為通信,1255141,0.27,SZ
77590,20230103,300590.SZ,移為通信,1300241,0.28,SZ
77590,20241231,300590.SZ,移為通信,1150578,0.25,SZ
77590,20240930,300590.SZ,移為通信,6281617,1.36,SZ
77590,20240817,300590.SZ,移為通信,8838186,1.92,SZ
77590,20240816,300590.SZ,移為通信,8838186,1.92,SZ
77590,20240815,300590.SZ,移為通信,8850311,1.92,SZ
77590,20240814,300590.SZ,移為通信,8730811,1.9,SZ
77590,20240813,300590.SZ,移為通信,8805861,1.91,SZ
77590,20240812,300590.SZ,移為通信,9272611,2.02,SZ
77590,20240810,300590.SZ,移為通信,9229421,2.01,SZ
77590,20240809,300590.SZ,移為通信,9229421,2.01,SZ
77590,20240808,300590.SZ,移為通信,8946021,1.94,SZ
77590,20240807,300590.SZ,移為通信,10105178,2.2,SZ
77590,20240806,300590.SZ,移為通信,7426878,1.61,SZ
77590,20240805,300590.SZ,移為通信,7407828,1.61,SZ
77590,20240803,300590.SZ,移為通信,8580228,1.87,SZ
77590,20240802,300590.SZ,移為通信,8580228,1.87,SZ
77590,20240801,300590.SZ,移為通信,7257754,1.58,SZ
77590,20240731,300590.SZ,移為通信,7229154,1.57,SZ
77590,20240730,300590.SZ,移為通信,10313154,2.24,SZ
77590,20240729,300590.SZ,移為通信,10681554,2.32,SZ
77590,20240727,300590.SZ,移為通信,6719234,1.46,SZ
77590,20240726,300590.SZ,移為通信,6719234,1.46,SZ
77590,20240725,300590.SZ,移為通信,7166534,1.56,SZ
77590,20240724,300590.SZ,移為通信,7943104,1.73,SZ
77590,20240723,300590.SZ,移為通信,8430604,1.83,SZ
77590,20240722,300590.SZ,移為通信,8009034,1.74,SZ
77590,20240720,300590.SZ,移為通信,8263834,1.8,SZ
77590,20240719,300590.SZ,移為通信,8263834,1.8,SZ
77590,20240718,300590.SZ,移為通信,7986906,1.74,SZ
77590,20240717,300590.SZ,移為通信,6908456,1.5,SZ
77590,20240716,300590.SZ,移為通信,5913182,1.28,SZ
77590,20240715,300590.SZ,移為通信,5123802,1.11,SZ
77590,20240713,300590.SZ,移為通信,3254652,0.7,SZ
77590,20240712,300590.SZ,移為通信,3254652,0.7,SZ
77590,20240711,300590.SZ,移為通信,3517122,0.76,SZ
77590,20240710,300590.SZ,移為通信,5838822,1.27,SZ
77590,20240709,300590.SZ,移為通信,5652912,1.23,SZ
77590,20240708,300590.SZ,移為通信,1954232,0.42,SZ
77590,20240706,300590.SZ,移為通信,2968882,0.64,SZ
77590,20240705,300590.SZ,移為通信,2968882,0.64,SZ
77590,20240704,300590.SZ,移為通信,2976678,0.64,SZ
77590,20240703,300590.SZ,移為通信,1860598,0.4,SZ
77590,20240702,300590.SZ,移為通信,1799048,0.39,SZ
77590,20240629,300590.SZ,移為通信,1732348,0.37,SZ
77590,20240628,300590.SZ,移為通信,1732348,0.37,SZ
77590,20240627,300590.SZ,移為通信,1543838,0.33,SZ
77590,20240626,300590.SZ,移為通信,2520728,0.54,SZ
77590,20240625,300590.SZ,移為通信,2610048,0.56,SZ
77590,20240624,300590.SZ,移為通信,4877568,1.06,SZ
77590,20240622,300590.SZ,移為通信,4011168,0.87,SZ
77590,20240621,300590.SZ,移為通信,4011168,0.87,SZ
77590,20240620,300590.SZ,移為通信,4846338,1.05,SZ
77590,20240619,300590.SZ,移為通信,3525198,0.76,SZ
77590,20240618,300590.SZ,移為通信,2697648,0.58,SZ
77590,20240617,300590.SZ,移為通信,2962198,0.64,SZ
77590,20240615,300590.SZ,移為通信,4346636,0.94,SZ
77590,20240614,300590.SZ,移為通信,4346636,0.94,SZ
77590,20240613,300590.SZ,移為通信,4380226,0.95,SZ
77590,20240612,300590.SZ,移為通信,4791526,1.04,SZ
77590,20240611,300590.SZ,移為通信,5003263,1.09,SZ
77590,20240608,300590.SZ,移為通信,4623950,1.0,SZ
77590,20240607,300590.SZ,移為通信,4623950,1.0,SZ
77590,20240606,300590.SZ,移為通信,4218423,0.91,SZ
77590,20240605,300590.SZ,移為通信,3733673,0.81,SZ
77590,20240604,300590.SZ,移為通信,4221713,0.92,SZ
77590,20240603,300590.SZ,移為通信,3165613,0.68,SZ
77590,20240601,300590.SZ,移為通信,3046163,0.66,SZ
77590,20240531,300590.SZ,移為通信,3046163,0.66,SZ
77590,20240530,300590.SZ,移為通信,2991813,0.65,SZ
77590,20240529,300590.SZ,移為通信,2711133,0.59,SZ
77590,20240528,300590.SZ,移為通信,2715823,0.59,SZ
77590,20240527,300590.SZ,移為通信,2930263,0.63,SZ
77590,20240525,300590.SZ,移為通信,3352763,0.73,SZ
77590,20240524,300590.SZ,移為通信,3352763,0.73,SZ
77590,20240523,300590.SZ,移為通信,3621863,0.78,SZ
77590,20240522,300590.SZ,移為通信,2310013,0.5,SZ
77590,20240521,300590.SZ,移為通信,2240741,0.48,SZ
77590,20240520,300590.SZ,移為通信,2138241,0.46,SZ
77590,20240518,300590.SZ,移為通信,1700691,0.37,SZ
77590,20240517,300590.SZ,移為通信,1700691,0.37,SZ
77590,20240516,300590.SZ,移為通信,1251791,0.27,SZ
77590,20240514,300590.SZ,移為通信,543091,0.11,SZ
77590,20240513,300590.SZ,移為通信,570141,0.12,SZ
77590,20240511,300590.SZ,移為通信,1656571,0.36,SZ
77590,20240510,300590.SZ,移為通信,1656571,0.36,SZ
77590,20240509,300590.SZ,移為通信,431241,0.09,SZ
77590,20240508,300590.SZ,移為通信,756191,0.16,SZ
77590,20240507,300590.SZ,移為通信,1724391,0.37,SZ
77590,20240506,300590.SZ,移為通信,1596844,0.34,SZ
77590,20240504,300590.SZ,移為通信,550379,0.11,SZ
77590,20240503,300590.SZ,移為通信,550379,0.11,SZ
77590,20240502,300590.SZ,移為通信,550379,0.11,SZ
77590,20240430,300590.SZ,移為通信,550379,0.11,SZ
77590,20240429,300590.SZ,移為通信,741229,0.16,SZ
77590,20240427,300590.SZ,移為通信,683379,0.14,SZ
77590,20240426,300590.SZ,移為通信,683379,0.14,SZ
77590,20240425,300590.SZ,移為通信,1805379,0.39,SZ
77590,20240424,300590.SZ,移為通信,1293094,0.28,SZ
77590,20240423,300590.SZ,移為通信,1615979,0.35,SZ
77590,20240422,300590.SZ,移為通信,1757269,0.38,SZ
77590,20240420,300590.SZ,移為通信,591169,0.12,SZ
77590,20240419,300590.SZ,移為通信,591169,0.12,SZ
77590,20240418,300590.SZ,移為通信,889369,0.19,SZ
77590,20240417,300590.SZ,移為通信,1075969,0.23,SZ
77590,20240416,300590.SZ,移為通信,698169,0.15,SZ
77590,20240415,300590.SZ,移為通信,2297469,0.5,SZ
77590,20240413,300590.SZ,移為通信,1384269,0.3,SZ
77590,20240412,300590.SZ,移為通信,1384269,0.3,SZ
77590,20240411,300590.SZ,移為通信,1249893,0.27,SZ
77590,20240410,300590.SZ,移為通信,1478121,0.32,SZ
77590,20240409,300590.SZ,移為通信,2986196,0.65,SZ
77590,20240408,300590.SZ,移為通信,2854046,0.62,SZ
77590,20240406,300590.SZ,移為通信,3075596,0.67,SZ
77590,20240405,300590.SZ,移為通信,3075596,0.67,SZ
77590,20240403,300590.SZ,移為通信,3075596,0.67,SZ
77590,20240402,300590.SZ,移為通信,3034546,0.66,SZ
77590,20240328,300590.SZ,移為通信,3096896,0.67,SZ
77590,20240327,300590.SZ,移為通信,2651046,0.57,SZ
77590,20240326,300590.SZ,移為通信,2697596,0.58,SZ
77590,20240325,300590.SZ,移為通信,3064026,0.66,SZ
77590,20240323,300590.SZ,移為通信,2806766,0.61,SZ
77590,20240322,300590.SZ,移為通信,2806766,0.61,SZ
77590,20240321,300590.SZ,移為通信,2883266,0.62,SZ
77590,20240320,300590.SZ,移為通信,2775566,0.6,SZ
77590,20240319,300590.SZ,移為通信,2953066,0.64,SZ
77590,20240318,300590.SZ,移為通信,3219426,0.7,SZ
77590,20240316,300590.SZ,移為通信,3075146,0.67,SZ
77590,20240315,300590.SZ,移為通信,3075146,0.67,SZ
77590,20240314,300590.SZ,移為通信,2897046,0.63,SZ
77590,20240313,300590.SZ,移為通信,2993862,0.65,SZ
77590,20240312,300590.SZ,移為通信,3003412,0.65,SZ
77590,20240311,300590.SZ,移為通信,3140262,0.68,SZ
77590,20240309,300590.SZ,移為通信,3197312,0.69,SZ
77590,20240308,300590.SZ,移為通信,3197312,0.69,SZ
77590,20240307,300590.SZ,移為通信,3004362,0.65,SZ
77590,20240306,300590.SZ,移為通信,3417912,0.74,SZ
77590,20240305,300590.SZ,移為通信,3618512,0.78,SZ
77590,20240304,300590.SZ,移為通信,3667912,0.79,SZ
77590,20240302,300590.SZ,移為通信,3537574,0.77,SZ
77590,20240301,300590.SZ,移為通信,3537574,0.77,SZ
77590,20240229,300590.SZ,移為通信,3280674,0.71,SZ
77590,20240228,300590.SZ,移為通信,3132883,0.68,SZ
77590,20240227,300590.SZ,移為通信,3159663,0.68,SZ
77590,20240226,300590.SZ,移為通信,3191763,0.69,SZ
77590,20240224,300590.SZ,移為通信,2994863,0.65,SZ
77590,20240223,300590.SZ,移為通信,2994863,0.65,SZ
77590,20240222,300590.SZ,移為通信,3073023,0.66,SZ
77590,20240221,300590.SZ,移為通信,2935723,0.63,SZ
77590,20240220,300590.SZ,移為通信,3381293,0.73,SZ
77590,20240219,300590.SZ,移為通信,3661893,0.79,SZ
77590,20240217,300590.SZ,移為通信,4262607,0.92,SZ
77590,20240216,300590.SZ,移為通信,4262607,0.92,SZ
77590,20240215,300590.SZ,移為通信,4262607,0.92,SZ
77590,20240214,300590.SZ,移為通信,4262607,0.92,SZ
77590,20240209,300590.SZ,移為通信,4262607,0.92,SZ
77590,20240208,300590.SZ,移為通信,4262607,0.92,SZ
77590,20240207,300590.SZ,移為通信,3582444,0.78,SZ
77590,20240206,300590.SZ,移為通信,3340040,0.72,SZ
77590,20240205,300590.SZ,移為通信,2815394,0.61,SZ
77590,20240203,300590.SZ,移為通信,2147426,0.46,SZ
77590,20240202,300590.SZ,移為通信,2147426,0.46,SZ
77590,20240201,300590.SZ,移為通信,1658846,0.36,SZ
77590,20240131,300590.SZ,移為通信,1864875,0.4,SZ
77590,20240130,300590.SZ,移為通信,1755575,0.38,SZ
77590,20240129,300590.SZ,移為通信,1599695,0.34,SZ
77590,20240127,300590.SZ,移為通信,1635695,0.35,SZ
77590,20240126,300590.SZ,移為通信,1635695,0.35,SZ
77590,20240125,300590.SZ,移為通信,1590895,0.34,SZ
77590,20240124,300590.SZ,移為通信,1666985,0.36,SZ
77590,20240123,300590.SZ,移為通信,1545195,0.33,SZ
77590,20240122,300590.SZ,移為通信,2095865,0.45,SZ
77590,20240120,300590.SZ,移為通信,1947435,0.42,SZ
77590,20240119,300590.SZ,移為通信,1947435,0.42,SZ
77590,20240118,300590.SZ,移為通信,1409855,0.3,SZ
77590,20240117,300590.SZ,移為通信,1866815,0.4,SZ
77590,20240116,300590.SZ,移為通信,1818680,0.39,SZ
77590,20240115,300590.SZ,移為通信,1652980,0.36,SZ
77590,20240113,300590.SZ,移為通信,1642051,0.35,SZ
77590,20240112,300590.SZ,移為通信,1642051,0.35,SZ
77590,20240111,300590.SZ,移為通信,1490371,0.32,SZ
77590,20240110,300590.SZ,移為通信,1536441,0.33,SZ
77590,20240109,300590.SZ,移為通信,1463041,0.31,SZ
77590,20240108,300590.SZ,移為通信,2094741,0.45,SZ
77590,20240106,300590.SZ,移為通信,2350431,0.51,SZ
77590,20240105,300590.SZ,移為通信,2350431,0.51,SZ
77590,20240104,300590.SZ,移為通信,1980850,0.43,SZ
77590,20240103,300590.SZ,移為通信,2165660,0.47,SZ
77590,20240102,300590.SZ,移為通信,2795510,0.6,SZ
77590,20251231,300590.SZ,移為通信,3492363,0.75,SZ
77590,20250930,300590.SZ,移為通信,2248181,0.48,SZ
77590,20250630,300590.SZ,移為通信,1900272,0.41,SZ
77590,20250331,300590.SZ,移為通信,1965872,0.42,SZ
