ts_code,ann_date,f_ann_date,end_date,comp_type,report_type,end_type,net_profit,finan_exp,c_fr_sale_sg,recp_tax_rends,n_depos_incr_fi,n_incr_loans_cb,n_inc_borr_oth_fi,prem_fr_orig_contr,n_incr_insured_dep,n_reinsur_prem,n_incr_disp_tfa,ifc_cash_incr,n_incr_disp_faas,n_incr_loans_oth_bank,n_cap_incr_repur,c_fr_oth_operate_a,c_inf_fr_operate_a,c_paid_goods_s,c_paid_to_for_empl,c_paid_for_taxes,n_incr_clt_loan_adv,n_incr_dep_cbob,c_pay_claims_orig_inco,pay_handling_chrg,pay_comm_insur_plcy,oth_cash_pay_oper_act,st_cash_out_act,n_cashflow_act,oth_recp_ral_inv_act,c_disp_withdrwl_invest,c_recp_return_invest,n_recp_disp_fiolta,n_recp_disp_sobu,stot_inflows_inv_act,c_pay_acq_const_fiolta,c_paid_invest,n_disp_subs_oth_biz,oth_pay_ral_inv_act,n_incr_pledge_loan,stot_out_inv_act,n_cashflow_inv_act,c_recp_borrow,proc_issue_bonds,oth_cash_recp_ral_fnc_act,stot_cash_in_fnc_act,free_cashflow,c_prepay_amt_borr,c_pay_dist_dpcp_int_exp,incl_dvd_profit_paid_sc_ms,oth_cashpay_ral_fnc_act,stot_cashout_fnc_act,n_cash_flows_fnc_act,eff_fx_flu_cash,n_incr_cash_cash_equ,c_cash_equ_beg_period,c_cash_equ_end_period,c_recp_cap_contrib,incl_cash_rec_saims,uncon_invest_loss,prov_depr_assets,depr_fa_coga_dpba,amort_intang_assets,lt_amort_deferred_exp,decr_deferred_exp,incr_acc_exp,loss_disp_fiolta,loss_scr_fa,loss_fv_chg,invest_loss,decr_def_inc_tax_assets,incr_def_inc_tax_liab,decr_inventories,decr_oper_payable,incr_oper_payable,others,im_net_cashflow_oper_act,conv_debt_into_cap,conv_copbonds_due_within_1y,fa_fnc_leases,im_n_incr_cash_equ,net_dism_capital_add,net_cash_rece_sec,credit_impa_loss,use_right_asset_dep,oth_loss_asset,end_bal_cash,beg_bal_cash,end_bal_cash_equ,beg_bal_cash_equ,update_flag
002881.SZ,20260430,20260430,20260331,1,1,1,,,997871696.02,39085699.18,,,,,,,,,,,,6823148.19,1043780543.39,1130785600.68,62231683.13,10788876.93,,,,,,31736244.6,1235542405.34,-191761861.95,907094.0,,,18000.0,,925094.0,4631512.39,44675000.0,,,,49306512.39,-48381418.39,395000000.0,,,1391846124.57,,135000000.0,2811036.43,,10870664.45,148681700.88,1243164423.69,-1142207.21,1001878936.14,311427109.47,1313306045.61,996846124.57,,,,,,,,,,,,,,,,,,,,,,,,,,,,,,,,,0
002881.SZ,20260430,20260430,20260331,1,1,1,,,997871696.02,39085699.18,,,,,,,,,,,,6823148.19,1043780543.39,1130785600.68,62231683.13,10788876.93,,,,,,31736244.6,1235542405.34,-191761861.95,907094.0,,,18000.0,,925094.0,4631512.39,44675000.0,,,,49306512.39,-48381418.39,395000000.0,,,1391846124.57,-179597421.534,135000000.0,2811036.43,,10870664.45,148681700.88,1243164423.69,-1142207.21,1001878936.14,311427109.47,1313306045.61,996846124.57,,,,,,,,,,,,,,,,,,,,,,,,,,,,,,,,,1
002881.SZ,20260331,20260331,20251231,1,1,4,142720411.53,3634978.42,4387178114.38,148486050.39,,,,,,,,,,,,17699447.96,4553363612.73,4132577002.79,237503621.87,73883858.57,,,,,,76904254.97,4520868738.2,32494874.53,5502564.0,12668888.89,,10070.0,,18181522.89,46061815.09,15658885.8,,,,61720700.89,-43539178.0,907623388.89,,,930593517.89,-39832364.2041,875123388.89,42223964.79,,41626396.15,958973749.83,-28380231.94,7159417.47,-32265117.94,341879366.49,309614248.55,22970129.0,,,20231977.07,5283286.45,39268481.3,4502035.85,,,-978804.14,8075.6,-4664162.32,9434669.18,-3590117.79,498818.35,-271622169.88,1033449707.31,-965404557.77,,32494874.53,,,,-32265117.94,,,,6533878.2,,309614248.55,341879366.49,,,1
002881.SZ,20260331,20260331,20251231,1,1,4,142720411.53,3634978.42,4387178114.38,148486050.39,,,,,,,,,,,,17699447.96,4553363612.73,4132577002.79,237503621.87,73883858.57,,,,,,76904254.97,4520868738.2,32494874.53,5502564.0,12668888.89,,10070.0,,18181522.89,46061815.09,15658885.8,,,,61720700.89,-43539178.0,907623388.89,,,930593517.89,,875123388.89,42223964.79,,41626396.15,958973749.83,-28380231.94,7159417.47,-32265117.94,341879366.49,309614248.55,22970129.0,,,20231977.07,5283286.45,39268481.3,4502035.85,,,-978804.14,8075.6,-4664162.32,9434669.18,-3590117.79,498818.35,-271622169.88,1033449707.31,-965404557.77,,32494874.53,,,,-32265117.94,,,,6533878.2,,309614248.55,341879366.49,,,0
002881.SZ,20251028,20251028,20250930,1,1,3,,,3262472243.13,97423627.72,,,,,,,,,,,,20116831.84,3380012702.69,3071554845.18,165749792.45,58619936.42,,,,,,42756958.68,3338681532.73,41331169.96,4141923.0,12668888.89,,400.0,,16811211.89,27265894.48,15658885.8,,,,42924780.28,-26113568.39,860000000.0,,7946868.62,889212136.62,,865000000.0,40329919.43,,33354082.82,938684002.25,-49471865.63,8229479.25,-26024784.81,341879366.49,315854581.68,21265268.0,,,,,,,,,,,,,,,,,,,,,,,,,,,,,,,,,0
002881.SZ,20251028,20251028,20250930,1,1,3,,,3262472243.13,97423627.72,,,,,,,,,,,,20116831.84,3380012702.69,3071554845.18,165749792.45,58619936.42,,,,,,42756958.68,3338681532.73,41331169.96,4141923.0,12668888.89,,400.0,,16811211.89,27265894.48,15658885.8,,,,42924780.28,-26113568.39,860000000.0,,7946868.62,889212136.62,-39247809.1392,865000000.0,40329919.43,,33354082.82,938684002.25,-49471865.63,8229479.25,-26024784.81,341879366.49,315854581.68,21265268.0,,,,,,,,,,,,,,,,,,,,,,,,,,,,,,,,,1
002881.SZ,20250828,20250828,20250630,1,1,2,84166774.08,-8480374.86,2083824368.27,67200639.88,,,,,,,,,,,,9054546.64,2160079554.79,2070880921.38,106516537.57,41209327.62,,,,,,25450966.83,2244057753.4,-83978198.61,2781282.0,12668888.89,,400.0,,15450570.89,17522542.47,15658885.8,,,,33181428.27,-17730857.38,700000000.0,,7946868.62,709728388.62,-141832367.3596,550000000.0,38496399.99,,21886075.2,610382475.19,99345913.43,9194543.7,6831401.14,341879366.49,348710767.63,1781520.0,,,8826712.87,2670481.7,19154374.22,-4221997.3,,,-988995.44,,1164517.04,5030681.13,3282531.23,-958351.48,-153503482.09,-69481824.35,31017079.43,,-83978198.61,,,,6831401.14,,,,-11939716.93,,348710767.63,341879366.49,,,1
002881.SZ,20250828,20250828,20250630,1,1,2,84166774.08,-8480374.86,2083824368.27,67200639.88,,,,,,,,,,,,9054546.64,2160079554.79,2070880921.38,106516537.57,41209327.62,,,,,,25450966.83,2244057753.4,-83978198.61,2781282.0,12668888.89,,400.0,,15450570.89,17522542.47,15658885.8,,,,33181428.27,-17730857.38,700000000.0,,7946868.62,709728388.62,,550000000.0,38496399.99,,21886075.2,610382475.19,99345913.43,9194543.7,6831401.14,341879366.49,348710767.63,1781520.0,,,8826712.87,2670481.7,19154374.22,-4221997.3,,,-988995.44,,1164517.04,5030681.13,3282531.23,-958351.48,-153503482.09,-69481824.35,31017079.43,,-83978198.61,,,,6831401.14,,,,-11939716.93,,348710767.63,341879366.49,,,0
002881.SZ,20250428,20250428,20250331,1,1,1,,,932058751.32,27284816.9,,,,,,,,,,,,4934163.64,964277731.86,945611286.29,55981830.51,18693486.95,,,,,,10880214.94,1031166818.69,-66889086.83,,11855555.56,,,,11855555.56,2229557.2,14308885.8,,,,16538443.0,-4682887.44,390000000.0,,,390000000.0,-92339800.9045,205000000.0,2452200.16,,3655408.2,211107608.36,178892391.64,3152451.09,110472868.46,341879366.49,452352234.95,,,,,,,,,,,,,,,,,,,,,,,,,,,,,,,,,,1
002881.SZ,20250428,20250428,20250331,1,1,1,,,932058751.32,27284816.9,,,,,,,,,,,,4934163.64,964277731.86,945611286.29,55981830.51,18693486.95,,,,,,10880214.94,1031166818.69,-66889086.83,,11855555.56,,,,11855555.56,2229557.2,14308885.8,,,,16538443.0,-4682887.44,390000000.0,,,390000000.0,,205000000.0,2452200.16,,3655408.2,211107608.36,178892391.64,3152451.09,110472868.46,341879366.49,452352234.95,,,,,,,,,,,,,,,,,,,,,,,,,,,,,,,,,,0
002881.SZ,20250428,20250428,20241231,1,1,4,134374787.86,-6340759.39,2801431207.79,109291454.75,,,,,,,,,,,,16795296.63,2927517959.17,2689897676.88,228862743.54,69115790.68,,,,,,69532223.36,3057408434.46,-129890475.29,,46000000.0,,20000.0,,46020000.0,27517588.22,450000.0,,1293779.32,,29261367.54,16758632.46,727095800.0,,36565603.26,804502710.35,-71228923.67,382000000.0,26491704.92,,89538008.85,498029713.77,306472996.58,9611805.35,202952959.1,138926407.39,341879366.49,40841307.09,,,16342527.03,6134229.64,38115058.32,3823282.02,,,-92237.94,13255.58,-1725017.6,7940581.3,-28845310.5,-8066447.66,-145807928.76,-345911134.96,181345042.6,,-129890475.29,,,,202952959.1,,,,14247971.89,,341879366.49,138926407.39,,,1
002881.SZ,20241029,20241029,20240930,1,1,3,,,2166745020.3,75884282.49,,,,,,,,,,,,21408040.9,2264037343.69,2047065610.49,171992667.26,42068555.95,,,,,,44574857.48,2305701691.18,-41664347.49,,,,20000.0,46000000.0,46020000.0,8848749.89,450000.0,,,,9298749.89,36721250.11,537000000.0,,36565592.18,614920528.98,-20900604.9043,412000000.0,30146852.63,,68536394.56,510683247.19,104237281.79,7390383.42,106684567.83,138926407.39,245610975.22,41354936.8,,,,,,,,,,,,,,,,,,,,,,,,,,,,,,,,,1
002881.SZ,20241029,20241029,20240930,1,1,3,,,2166745020.3,75884282.49,,,,,,,,,,,,21408040.9,2264037343.69,2047065610.49,171992667.26,42068555.95,,,,,,44574857.48,2305701691.18,-41664347.49,,,,20000.0,46000000.0,46020000.0,8848749.89,450000.0,,,,9298749.89,36721250.11,537000000.0,,36565592.18,614920528.98,,412000000.0,30146852.63,,68536394.56,510683247.19,104237281.79,7390383.42,106684567.83,138926407.39,245610975.22,41354936.8,,,,,,,,,,,,,,,,,,,,,,,,,,,,,,,,,0
002881.SZ,20240829,20240829,20240630,1,1,2,32823423.99,15355248.73,1399238367.62,49104168.35,,,,,,,,,,,,15684087.92,1464026623.89,1342629177.08,116607887.45,26462460.81,,,,,,28646862.72,1514346388.06,-50319764.17,,,,20000.0,,20000.0,6478532.29,450000.0,,,,6928532.29,-6908532.29,437000000.0,,32849035.17,508406705.97,,209000000.0,28184397.54,,62726314.33,299910711.87,208495994.1,7568349.85,158836047.49,138926407.39,297762454.88,38557670.8,,,7611497.13,3318349.2,19087649.82,-2042499.16,,,-78264.82,,,5280553.54,-396767.01,-79.4,-49632368.8,11244050.26,-97414027.54,,-50319764.17,,,,158836047.49,,,,5267842.68,,297762454.88,138926407.39,,,0
002881.SZ,20240829,20240829,20240630,1,1,2,32823423.99,15355248.73,1399238367.62,49104168.35,,,,,,,,,,,,15684087.92,1464026623.89,1342629177.08,116607887.45,26462460.81,,,,,,28646862.72,1514346388.06,-50319764.17,,,,20000.0,,20000.0,6478532.29,450000.0,,,,6928532.29,-6908532.29,437000000.0,,32849035.17,508406705.97,-8399180.2423,209000000.0,28184397.54,,62726314.33,299910711.87,208495994.1,7568349.85,158836047.49,138926407.39,297762454.88,38557670.8,,,7611497.13,3318349.2,19087649.82,-2042499.16,,,-78264.82,,,5280553.54,-396767.01,-79.4,-49632368.8,11244050.26,-97414027.54,,-50319764.17,,,,158836047.49,,,,5267842.68,,297762454.88,138926407.39,,,1
002881.SZ,20240425,20240425,20240331,1,1,1,,,664570110.14,21866248.99,,,,,,,,,,,,7000605.97,693436965.1,590918292.87,57610349.77,13789444.73,,,,,,13861965.86,676180053.23,17256911.87,,,,,,,1692120.0,450000.0,,,,2142120.0,-2142120.0,382000000.0,,35793103.24,418882273.24,-1714124.5726,9000000.0,1072483.33,,78012633.53,88085116.86,330797156.38,1781270.93,347693219.18,138926407.39,486619626.57,1089170.0,,,,,,,,,,,,,,,,,,,,,,,,,,,,,,,,,1
002881.SZ,20240425,20240425,20231231,1,1,4,62609353.79,4407944.66,2002096641.84,50956766.92,,,,,,,,,,,,28725132.19,2081778540.95,1766302940.28,228711721.38,51342357.43,,,,,,66734583.8,2113091602.89,-31313061.94,,,,26200.0,,26200.0,88418645.13,10000000.0,,,,98418645.13,-98392445.13,74900000.0,,48227167.1,730437030.28,-170122541.54,439900000.0,32263350.42,,66946868.64,539110219.06,191326811.22,5017604.94,66638909.09,72287498.3,138926407.39,607309863.18,,,15216017.07,6670156.64,30746990.53,3597391.35,,,118922.38,70900.32,-25371000.54,6081325.97,-17991721.64,6340452.2,-51130259.42,-210311958.28,103691279.79,,-31313061.94,,,,66638909.09,,,,16933603.32,,138926407.39,72287498.3,,,0
002881.SZ,20240425,20240425,20231231,1,1,4,62609353.79,4407944.66,2002096641.84,50956766.92,,,,,,,,,,,,28725132.19,2081778540.95,1766302940.28,228711721.38,51342357.43,,,,,,66734583.8,2113091602.89,-31313061.94,,,,26200.0,,26200.0,88418645.13,10000000.0,,,,98418645.13,-98392445.13,74900000.0,,48227167.1,730437030.28,-115262159.2567,439900000.0,32263350.42,,66946868.64,539110219.06,191326811.22,5017604.94,66638909.09,72287498.3,138926407.39,607309863.18,,,15216017.07,6670156.64,30746990.53,3597391.35,,,118922.38,70900.32,-25371000.54,6081325.97,-17991721.64,6340452.2,-51130259.42,-210311958.28,103691279.79,,-31313061.94,,,,66638909.09,,,,16933603.32,,138926407.39,72287498.3,,,1
002881.SZ,20231031,20231031,20230930,1,1,3,,,1402898269.68,49745603.33,,,,,,,,,,,,34510638.19,1487154511.2,1253428999.7,180333404.74,30938210.68,,,,,,50355498.55,1515056113.67,-27901602.47,,,,26200.0,,26200.0,45087819.44,,,,,45087819.44,-45061619.44,74900000.0,,41103812.83,719226699.21,-111475246.32,389900000.0,32215322.64,,52051754.8,474167077.44,245059621.77,4046151.39,176142551.25,72287498.3,248430049.55,603222886.38,,,,,,,,,,,,,,,,,,,,,,,,,,,,,,,,,1
002881.SZ,20231031,20231031,20230930,1,1,3,,,1402898269.68,49745603.33,,,,,,,,,,,,34510638.19,1487154511.2,1253428999.7,180333404.74,30938210.68,,,,,,50355498.55,1515056113.67,-27901602.47,,,,26200.0,,26200.0,45087819.44,,,,,45087819.44,-45061619.44,74900000.0,,41103812.83,719226699.21,,389900000.0,32215322.64,,52051754.8,474167077.44,245059621.77,4046151.39,176142551.25,72287498.3,248430049.55,603222886.38,,,,,,,,,,,,,,,,,,,,,,,,,,,,,,,,,0
002881.SZ,20230831,20230831,20230630,1,1,2,48276722.52,4650914.22,895853225.83,33521676.55,,,,,,,,,,,,23423386.26,952798288.64,798359235.88,119606989.89,17555574.05,,,,,,35182904.36,970704704.18,-17906415.54,,,,26200.0,,26200.0,39524307.0,,,,,39524307.0,-39498107.0,69900000.0,,33452652.25,703552499.26,-40470499.1842,300000000.0,32027126.84,,39980152.76,372007279.6,331545219.66,3592762.95,277733460.07,72287498.3,350020958.37,600199847.01,,,5256203.69,2805010.17,13849039.45,651262.84,,,44458.26,,-22998074.55,3818308.69,-1746802.47,4675009.45,29997387.28,-224092489.9,97623972.48,,-17906415.54,,,,277733460.07,,,,8379907.86,,350020958.37,72287498.3,,,1
002881.SZ,20230426,20230426,20230331,1,1,1,,,382407600.16,17533724.77,,,,,,,,,,,,7698359.46,407639684.39,365017588.32,59407563.06,7501663.65,,,,,,16115817.78,448042632.81,-40402948.42,,,,25000.0,,25000.0,5716095.0,,,,,5716095.0,-5691095.0,69900000.0,,12842260.47,679184887.53,-30209430.1785,20000000.0,3085132.52,,26702690.89,49787823.41,629397064.12,-443796.0,582859224.7,72287498.3,655146723.0,596442627.06,,,,,,,,,,,,,,,,,,,,,,,,,,,,,,,,,1
002881.SZ,20230426,20230426,20230331,1,1,1,,,382407600.16,17533724.77,,,,,,,,,,,,7698359.46,407639684.39,365017588.32,59407563.06,7501663.65,,,,,,16115817.78,448042632.81,-40402948.42,,,,25000.0,,25000.0,5716095.0,,,,,5716095.0,-5691095.0,69900000.0,,12842260.47,679184887.53,-30209430.1785,20000000.0,3085132.52,,26702690.89,49787823.41,629397064.12,-443796.0,582859224.7,72287498.3,655146723.0,596442627.06,,,,,,,,,,,,,,,,,,,,,,,,,,,,,,,,,0
002881.SZ,20230426,20230426,20221231,1,1,4,126614582.46,15605264.52,2383315228.69,59947239.84,,,,,,,,,,,,50661884.96,2493924353.49,2147575697.88,208575943.4,45984670.44,,,,,,59963776.21,2462100087.93,31824265.56,,,,,,,61512153.66,91900000.0,,,,153412153.66,-153412153.66,513325500.0,,60043869.26,578207163.6,-70442557.9323,437072400.0,37733602.54,,86592016.91,561398019.45,16809144.15,3974138.18,-100804605.77,173092104.07,72287498.3,4837794.34,,,6362235.41,6153997.32,15652762.96,4417068.94,,,,25606.92,-43874592.44,5897610.7,5819621.57,10968648.11,-100885650.66,-57135538.88,-6665806.64,,31824265.56,,,,-100804605.77,,,,19039880.9,,72287498.3,173092104.07,,,0
002881.SZ,20230426,20230426,20221231,1,1,4,126614582.46,15605264.52,2383315228.69,59947239.84,,,,,,,,,,,,50661884.96,2493924353.49,2147575697.88,208575943.4,45984670.44,,,,,,59963776.21,2462100087.93,31824265.56,,,,,,,61512153.66,91900000.0,,,,153412153.66,-153412153.66,513325500.0,,60043869.26,578207163.6,-70442557.9323,437072400.0,37733602.54,,86592016.91,561398019.45,16809144.15,3974138.18,-100804605.77,173092104.07,72287498.3,4837794.34,,,6362235.41,6153997.32,15652762.96,4417068.94,,,,25606.92,-43874592.44,5897610.7,5819621.57,10968648.11,-100885650.66,-57135538.88,-6665806.64,,31824265.56,,,,-100804605.77,,,,19039880.9,,72287498.3,173092104.07,,,1
002881.SZ,20221028,20221028,20220930,1,1,3,,,1877433893.22,51648117.55,,,,,,,,,,,,31231257.32,1960313268.09,1636337328.95,164180675.72,34668328.01,,,,,,44952600.04,1880138932.72,80174335.37,,,,,,,4028758.91,81900000.0,,,,85928758.91,-85928758.91,328325500.0,,42624112.56,371394710.9,23907437.4904,251459900.0,32922321.16,,69547742.96,353929964.12,17464746.78,5452106.77,17162430.01,173092104.07,190254534.08,445098.34,,,,,,,,,,,,,,,,,,,,,,,,,,,,,,,,,1
002881.SZ,20220816,20220816,20220630,1,1,2,85754432.12,8375693.87,1195418521.66,41071446.55,,,,,,,,,,,,19640279.72,1256130247.93,982568961.86,99892208.78,23078789.74,,,,,,26059427.21,1131599387.59,124530860.34,,,,,,,1748524.6,56000000.0,,,,57748524.6,-57748524.6,213325500.0,,25885703.31,239656301.65,110170004.073,251459900.0,30598290.63,,35252741.0,317310931.63,-77654629.98,2257913.67,-8614380.57,173092104.07,164477723.5,445098.34,,,2155905.28,2803260.21,7007807.38,149417.65,,,,,-41952781.26,6112077.68,8026171.95,10488195.32,-87493293.22,47808491.44,57657322.49,,124530860.34,,,,-8614380.57,,,,9911892.83,,164477723.5,173092104.07,,,1
002881.SZ,20220428,20220428,20220331,1,1,1,,,501892279.17,10676811.65,,,,,,,,,,,,12221244.25,524790335.07,422533755.53,49373767.8,8651399.63,,,,,,11902536.86,492461459.82,32328875.25,,,,,,,503698.98,,,,,503698.98,-503698.98,40000000.0,,12645610.09,52730170.09,10534638.3723,60000000.0,2943569.45,,21174810.1,84118379.55,-31388209.46,-559904.27,-122937.46,173092104.07,172969166.61,84560.0,,,,,,,,,,,,,,,,,,,,,,,,,,,,,,,,,1
002881.SZ,20220428,20220428,20211231,1,1,4,117744340.27,9438253.26,1995363917.0,148244423.14,,,,,,,,,,,,44806927.04,2188415267.18,2105338704.66,184344546.75,35233251.47,,,,,,63107591.57,2388024094.45,-199608827.27,,,,18041212.63,,18041212.63,18102049.25,31000000.0,,,,49102049.25,-31060836.62,337285050.0,,76429865.55,420844051.35,-195456405.87,66924898.12,10562933.24,,141598565.86,219086397.22,201757654.13,-1814731.08,-30726740.84,203818844.91,173092104.07,7129135.8,,,7993199.9,4831564.85,11580064.05,3004171.73,,,-53097.35,4367.5,-40000000.0,3300920.2,-16065019.97,10000000.0,-187798511.98,-285195672.62,85935760.86,,-199608827.27,,,,-30726740.84,,,,19575764.43,,173092104.07,203818844.91,,,1
002881.SZ,20220428,20220428,20211231,1,1,4,117744340.27,9438253.26,1995363917.0,148244423.14,,,,,,,,,,,,44806927.04,2188415267.18,2105338704.66,184344546.75,35233251.47,,,,,,63107591.57,2388024094.45,-199608827.27,,,,18041212.63,,18041212.63,18102049.25,31000000.0,,,,49102049.25,-31060836.62,337285050.0,,76429865.55,420844051.35,-195456405.87,66924898.12,10562933.24,,141598565.86,219086397.22,201757654.13,-1814731.08,-30726740.84,203818844.91,173092104.07,7129135.8,,,7993199.9,4831564.85,11580064.05,3004171.73,,,-53097.35,4367.5,-40000000.0,3300920.2,-16065019.97,10000000.0,-187798511.98,-285195672.62,85935760.86,,-199608827.27,,,,-30726740.84,,,,19575764.43,,173092104.07,203818844.91,,,0
002881.SZ,20211029,20211029,20210930,1,1,3,,,1443104604.15,78855634.47,,,,,,,,,,,,43127887.49,1565088126.11,1625815083.72,137997515.64,10459210.57,,,,,,53505697.41,1827777507.34,-262689381.23,,,,11683015.28,,11683015.28,8434891.53,10000000.0,,,,18434891.53,-6751876.25,257285050.0,,64090308.27,321774956.17,-286221741.0274,32941800.0,7491381.02,,112490428.03,152923609.05,168851347.12,-611748.59,-101201658.95,203818844.91,102617185.96,399597.9,,,,,,,,,,,,,,,,,,,,,,,,,,,,,,,,,1
002881.SZ,20210827,20210827,20210630,1,1,2,47537207.97,6554648.79,801392109.91,70197176.75,,,,,,,,,,,,23198978.65,894788265.31,946367558.31,82858792.73,16444977.4,,,,,,30826344.56,1076497673.0,-181709407.69,,,,10623015.28,,10623015.28,6057663.13,,,,,6057663.13,4565352.15,252285050.0,,47665626.06,299950676.06,-148138418.1473,20000000.0,5789424.66,,100162638.35,125952063.01,173998613.05,-800862.54,-3946305.03,203818844.91,199872539.88,,,,93669.76,2230997.36,4841607.89,1555297.07,,,-53097.35,,-40000000.0,4046535.04,6413727.34,10000000.0,-247914678.77,-34815745.76,30642412.41,,-181709407.69,,,,-3946305.03,,,,9727847.13,,199872539.88,203818844.91,,,1
002881.SZ,20210428,20210428,20210331,1,1,1,,,318624912.11,10051363.05,,,,,,,,,,,,12957739.02,341634014.18,356511317.83,39191203.48,7884492.23,,,,,,12453326.28,416040339.82,-74406325.64,,,,5257915.28,,5257915.28,2780540.74,,,,,2780540.74,2477374.54,20000000.0,,19539667.77,39539667.77,-80533416.4081,,274083.32,,65849265.36,66123348.68,-26583680.91,-444912.81,-98957544.82,203818844.91,104861300.09,,,,,,,,,,,,,,,,,,,,,,,,,,,,,,,,,,1
002881.SZ,20210428,20210428,20201231,1,1,4,27439978.81,10619095.54,1112824716.34,26223150.12,,,,,,,,,,,,16168606.96,1155216473.42,861648919.33,159526081.02,23324952.76,,,,,,42271378.5,1086771331.61,68445141.81,120000000.0,,1303218.81,6957465.38,,128260684.19,9675627.6,68310840.0,,85000000.0,,162986467.6,-34725783.41,50000000.0,,61673929.13,150361929.13,123865145.7,45000000.0,5117569.55,,69449390.34,119566959.89,30794969.24,-10213689.82,54300637.82,149518207.09,203818844.91,38688000.0,,,5908465.55,3338745.06,6710370.5,3750036.29,,,-464825.05,14235.01,242841.67,-428998.72,-13085173.29,-60710.42,-69523102.41,36487552.41,17135145.83,,68445141.81,,,,54300637.82,,,,,,203818844.91,149518207.09,,,0
002881.SZ,20210428,20210428,20201231,1,1,4,27439978.81,10619095.54,1112824716.34,26223150.12,,,,,,,,,,,,16168606.96,1155216473.42,861648919.33,159526081.02,23324952.76,,,,,,42271378.5,1086771331.61,68445141.81,120000000.0,,1303218.81,6957465.38,,128260684.19,9675627.6,68310840.0,,85000000.0,,162986467.6,-34725783.41,50000000.0,,61673929.13,150361929.13,123865145.7,45000000.0,5117569.55,,69449390.34,119566959.89,30794969.24,-10213689.82,54300637.82,149518207.09,203818844.91,38688000.0,,,5908465.55,3338745.06,6710370.5,3750036.29,,,-464825.05,14235.01,242841.67,-428998.72,-13085173.29,-60710.42,-69523102.41,36487552.41,17135145.83,,68445141.81,,,,54300637.82,,,,,,203818844.91,149518207.09,,,1
002881.SZ,20201030,20201030,20200930,1,1,3,,,692537721.99,,,,,,,,,,,,,26205481.31,718743203.3,575192629.8,122590335.41,9991751.0,,,,,,45999542.84,753774259.05,-35031055.75,100000000.0,,922032.87,702000.0,,101624032.87,5473816.79,,3310840.0,85000000.0,,93784656.79,7839376.08,50000000.0,,47015706.7,135703706.7,22573835.42,15000000.0,3984537.39,,48081702.19,67066239.58,68637467.12,-3455871.55,37989915.9,149518207.09,187508122.99,38688000.0,,,,,,,,,,,,,,,,,,,,,,,,,,,,,,,,,1
002881.SZ,20200828,20200828,20200630,1,1,2,14272225.94,-441180.17,397883343.42,,,,,,,,,,,,,17084116.78,414967460.2,346908405.09,76880521.34,5675378.49,,,,,,28499803.44,457964108.36,-42996648.16,70000000.0,,619567.11,100000.0,,70719567.11,2876532.93,,3310840.0,85000000.0,,91187372.93,-20467805.82,50000000.0,,24206510.28,74206510.28,-50328066.34,10000000.0,3808241.57,,25001975.11,38810216.68,35396293.6,911688.34,-27156472.04,149518207.09,122361735.05,,,,41132.78,1554777.92,3216185.21,-1871052.46,,,,,-88563.81,-619567.11,-1795241.74,-10999.6,-1124918.42,-21342042.72,-46760774.38,,-42996648.16,,,,-27156472.04,,,,,,122361735.05,149518207.09,,,1
002881.SZ,20200828,20200828,20200630,1,1,2,14272225.94,-441180.17,397883343.42,,,,,,,,,,,,,17084116.78,414967460.2,346908405.09,76880521.34,5675378.49,,,,,,28499803.44,457964108.36,-42996648.16,70000000.0,,619567.11,100000.0,,70719567.11,2876532.93,,3310840.0,85000000.0,,91187372.93,-20467805.82,50000000.0,,24206510.28,74206510.28,-50328066.34,10000000.0,3808241.57,,25001975.11,38810216.68,35396293.6,911688.34,-27156472.04,149518207.09,122361735.05,,,,41132.78,1554777.92,3216185.21,-1871052.46,,,,,-88563.81,-619567.11,-1795241.74,-10999.6,-1124918.42,-21342042.72,-46760774.38,,-42996648.16,,,,-27156472.04,,,,,,122361735.05,149518207.09,,,0
002881.SZ,20200428,20200428,20200331,1,1,1,,,211831328.89,455326.09,,,,,,,,,,,,2959637.0,215246291.98,192347345.9,35107897.28,4847618.19,,,,,,30649156.91,262952018.28,-47705726.3,35000000.0,,312410.95,,,35312410.95,1030751.92,,,35000000.0,,36030751.92,-718340.97,,,,,-24797296.18,,60477.08,,,60477.08,-60477.08,975383.12,-47509161.23,149517688.86,102008527.63,,,,,,,,,,,,,,,,,,,,,,,,,,,,,,,,,,1
002881.SZ,20200428,20200428,20191231,1,1,4,24453253.08,1710714.85,933944481.91,,,,,,,,,,,,,9481027.44,943425509.35,701321284.1,147426570.5,22810814.17,,,,,,41014976.87,912573645.64,30851863.71,311000000.0,,2483497.27,26201151.67,,339684648.94,36842130.24,,,223000000.0,,259842130.24,79842518.7,35000000.0,,38988980.88,73988980.88,85483241.98,89485324.14,7471966.83,,32202774.54,129160065.51,-55171084.63,733879.33,56257177.11,93261029.98,149518207.09,,,,5125261.34,11943287.33,2067977.49,3669374.71,,,4525067.3,126551.24,-242841.67,-2483497.27,-6799501.23,60710.42,19883784.86,27769092.73,-83988045.88,,30851863.71,,,,56257177.11,,,,,,149518207.09,93261029.98,,,0
002881.SZ,20200428,20200428,20191231,1,1,4,24453253.08,1710714.85,933944481.91,,,,,,,,,,,,,9481027.44,943425509.35,701321284.1,147426570.5,22810814.17,,,,,,41014976.87,912573645.64,30851863.71,311000000.0,,2483497.27,26201151.67,,339684648.94,36842130.24,,,223000000.0,,259842130.24,79842518.7,35000000.0,,38988980.88,73988980.88,85483241.98,89485324.14,7471966.83,,32202774.54,129160065.51,-55171084.63,733879.33,56257177.11,93261029.98,149518207.09,,,,5125261.34,11943287.33,2067977.49,3669374.71,,,4525067.3,126551.24,-242841.67,-2483497.27,-6799501.23,60710.42,19883784.86,27769092.73,-83988045.88,,30851863.71,,,,56257177.11,,,,,,149518207.09,93261029.98,,,1
002881.SZ,20191025,20191025,20190930,1,1,3,,,710285435.09,,,,,,,,,,,,,15185025.77,725470460.86,526869274.13,100820851.84,20466033.66,,,,,,73890219.59,722046379.22,3424081.64,271000000.0,,2630145.91,22733379.28,,296363525.19,26103186.55,,,188000000.0,,214103186.55,82260338.64,25000000.0,,30463415.96,55463415.96,24086143.9287,69996934.39,6968802.89,,30943709.45,107909446.73,-52446030.77,1425777.88,34664167.39,93261029.98,127925197.37,,,,,,,,,,,,,,,,,,,,,,,,,,,,,,,,,,0
002881.SZ,20191025,20191025,20190930,1,1,3,,,710285435.09,,,,,,,,,,,,,15185025.77,725470460.86,526869274.13,100820851.84,20466033.66,,,,,,73890219.59,722046379.22,3424081.64,271000000.0,,2630145.91,22733379.28,,296363525.19,26103186.55,,,188000000.0,,214103186.55,82260338.64,25000000.0,,30463415.96,55463415.96,23145039.3107,69996934.39,6968802.89,,30943709.45,107909446.73,-52446030.77,1425777.88,34664167.39,93261029.98,127925197.37,,,,,,,,,,,,,,,,,,,,,,,,,,,,,,,,,,1
002881.SZ,20190822,20190822,20190630,1,1,2,12381623.05,1071420.49,407516371.47,,,,,,,,,,,,,13848163.51,421364534.98,323675158.24,66511365.46,14796786.95,,,,,,21263829.73,426247140.38,-4882605.4,123000000.0,,1731298.64,4245675.56,,128976974.2,9916411.9,,,65000000.0,,74916411.9,54060562.3,20000000.0,,30360906.44,50360906.44,44785593.7427,49331414.73,6596685.23,,20937325.09,76865425.05,-26504518.61,641278.14,23314716.43,93261029.98,116575746.41,,,,-1240848.02,6528721.59,230722.52,791459.17,,,214547.12,,,-1731298.64,-654560.52,,20186969.14,56352474.44,-99013835.74,,-4882605.4,,,,23314716.43,,,,,,116575746.41,93261029.98,,,1
002881.SZ,20190822,20190822,20190630,1,1,2,12381623.05,1071420.49,407516371.47,,,,,,,,,,,,,13848163.51,421364534.98,323675158.24,66511365.46,14796786.95,,,,,,21263829.73,426247140.38,-4882605.4,123000000.0,,1731298.64,4245675.56,,128976974.2,9916411.9,,,65000000.0,,74916411.9,54060562.3,20000000.0,,30360906.44,50360906.44,45561555.4963,49331414.73,6596685.23,,20937325.09,76865425.05,-26504518.61,641278.14,23314716.43,93261029.98,116575746.41,,,,-1240848.02,6528721.59,230722.52,791459.17,,,214547.12,,,-1731298.64,-654560.52,,20186969.14,56352474.44,-99013835.74,,-4882605.4,,,,23314716.43,,,,,,116575746.41,93261029.98,,,0
002881.SZ,20190426,20190426,20190331,1,1,1,,,208913146.53,,,,,,,,,,,,,3910150.11,212823296.64,174758851.62,33941801.78,5800028.95,,,,,,19105205.01,233605887.36,-20782590.72,123000000.0,,1222752.77,902500.0,,125125252.77,4473595.73,,,55000000.0,,59473595.73,65651657.04,20000000.0,,,20000000.0,39080905.4309,25388042.37,961598.98,,,26349641.35,-6349641.35,78153.37,38597578.34,93261029.98,131858608.32,,,,,,,,,,,,,,,,,,,,,,,,,,,,,,,,,,1
002881.SZ,20190426,20190426,20181231,1,1,4,46655571.85,6418298.07,1053473095.4,,,,,,,,,,,,,7515115.72,1060988211.12,803104039.71,173822706.78,28616454.04,,,,,,18744702.41,1024287902.94,36700308.18,430000000.0,,6426824.64,323632.16,,436750456.8,8647430.68,,,453000000.0,,461647430.68,-24896973.88,84558442.65,,93693749.43,178252192.08,11217709.4082,72240044.31,13555481.25,,107884737.0,193680262.56,-15428070.48,-679025.99,-4303762.17,97564792.15,93261029.98,,,,17950589.07,13377166.34,452006.8,2601104.29,,,93953.42,,,-6426824.64,-7268649.13,,-34760248.06,-191217967.43,188825307.6,,36700308.18,,,,-4303762.17,,,,,,93261029.98,97564792.15,,,0
002881.SZ,20190426,20190426,20181231,1,1,4,46655571.85,6418298.07,1053473095.4,,,,,,,,,,,,,7515115.72,1060988211.12,803104039.71,173822706.78,28616454.04,,,,,,18744702.41,1024287902.94,36700308.18,430000000.0,,6426824.64,323632.16,,436750456.8,8647430.68,,,453000000.0,,461647430.68,-24896973.88,84558442.65,,93693749.43,178252192.08,11217709.4082,72240044.31,13555481.25,,107884737.0,193680262.56,-15428070.48,-679025.99,-4303762.17,97564792.15,93261029.98,,,,17950589.07,13377166.34,452006.8,2601104.29,,,93953.42,,,-6426824.64,-7268649.13,,-34760248.06,-191217967.43,188825307.6,,36700308.18,,,,-4303762.17,,,,,,93261029.98,97564792.15,,,1
002881.SZ,20181026,20181026,20180930,1,1,3,,,686079351.66,,,,,,,,,,,,,8152876.82,694232228.48,449661280.14,125285775.21,20653584.33,,,,,,39280798.85,634881438.53,59350789.95,340000000.0,,4250304.09,,,344250304.09,5881083.34,,,330000000.0,,335881083.34,8369220.75,84558442.65,,1100001.31,85658443.96,61197925.9639,42518370.01,11693509.65,,1975000.0,56186879.66,29471564.3,-498813.67,96692761.33,97564792.15,194257553.48,,,,,,,,,,,,,,,,,,,,,,,,,,,,,,,,,,1
002881.SZ,20180828,20180828,20180630,1,1,2,18177591.34,2177662.29,342617937.13,,,,,,,,,,,,,5162909.01,347780846.14,202581906.49,79304250.05,15366960.74,,,,,,22828062.51,320081179.79,27699666.35,246000000.0,,3696024.64,,,249696024.64,4910270.02,,,282000000.0,,286910270.02,-37214245.38,28882030.11,,1000001.31,29882031.42,697185.1485,22163668.22,10918588.69,,1975000.0,35057256.91,-5175225.49,7888.82,-14681915.7,97564792.15,82882876.45,,,,-1497987.23,6606784.72,227789.57,522288.98,,,,150.8,,-3696024.64,-482016.35,,-69340880.31,41258164.26,33746142.92,,27699666.35,,,,-14681915.7,,,,,,82882876.45,97564792.15,,,0
002881.SZ,20180427,20180427,20180331,1,1,1,,,149461911.23,,,,,,,,,,,,,444249.35,149906160.58,79839708.26,38362496.64,9045843.53,,,,,,11902982.5,139151030.93,10755129.65,100000000.0,,2080684.93,,,102080684.93,2111094.58,,,146000000.0,,148111094.58,-46030409.65,20000000.0,,809000.0,20809000.0,-40298331.8712,15000000.0,338856.9,,975000.0,16313856.9,4495143.1,-37910.08,-30818046.98,97564792.15,66746745.17,,,,,,,,,,,,,,,,,,,,,,,,,,,,,,,,,,0
002881.SZ,20180427,20180427,20171231,1,1,4,56285183.37,2621823.33,469281263.97,,,,,,,,,,,,,10249097.66,479530361.63,257011803.32,186578006.03,31647289.54,,,,,,21256156.11,496493255.0,-16962893.37,90000000.0,,591082.2,28000.0,,90619082.2,7732955.33,,,190000000.0,,197732955.33,-107113873.13,67140711.88,,4177560.0,290461271.88,-105397340.0818,63223941.35,2565747.64,,17313268.6,83102957.59,207358314.29,-35609.53,83245938.26,14318853.89,97564792.15,219143000.0,,,3562425.07,12896400.24,373387.7,1517139.79,,,55641.2,,,-591082.2,-1215353.13,,-55200366.27,-126618461.71,87403287.78,1947081.46,-16962893.37,,,,83245938.26,,,,,,97564792.15,14318853.89,,,0
002881.SZ,20171024,20171024,20170930,1,1,3,,,321910585.84,,,,,,,,,,,,,15866103.49,337776689.33,145665536.1,137194776.4,29849079.14,,,,,,39943149.53,352652541.17,-14875851.84,,20000000.0,113534.25,,,20113534.25,13362677.49,150000000.0,,,,163362677.49,-143249143.24,40486530.56,,5152560.0,264782090.56,-168430897.5664,53223941.35,2332799.88,,24340535.3,79897276.53,184884814.03,373036.23,27132855.18,14318853.89,41451709.07,219143000.0,,,,,,,,,,,,,,,,,,,,,,,,,,,,,,,,,0
002881.SZ,20170825,20170825,20170630,1,1,2,16777531.3,1700399.6,231942126.84,,,,,,,,,,,,,5441161.92,237383288.76,104678461.1,81518650.42,22882498.97,,,,,,14451029.86,223530640.35,13852648.41,,,,,,,6068739.94,,,,,6068739.94,-6068739.94,21099773.78,,5152560.0,245395333.78,24118744.1918,18644497.74,1626934.88,,9005751.52,29277184.14,216118149.64,27785.0,223929843.11,14318853.89,238248697.0,219143000.0,,,1664960.22,6410050.47,169648.34,839757.66,,,,,,,-634120.34,,-37782417.48,10346694.98,14360143.66,,13852648.41,,,,223929843.11,,,,,,238248697.0,14318853.89,,,0
002881.SZ,20170531,20170531,20170331,1,1,1,7186160.71,893538.68,115135873.38,30431.94,,,,,,,,,,,,2505209.17,117671514.49,53168775.08,35653247.18,11956314.61,,,,,,7089108.82,107867445.69,9804068.8,,,,,,,4843032.77,,,,,4843032.77,-4843032.77,27000000.0,,5152560.0,32152560.0,3001776.6431,18644497.74,808224.97,,2672585.09,22125307.8,10027252.2,42656.12,15030944.35,14318853.89,29349798.24,,,,-684590.49,3198579.29,137223.11,471440.03,,,,,,,-441202.65,,-5265908.05,-3254794.9,5805220.86,1758402.21,9804068.8,,,,15030944.35,,,,,,29349798.24,14318853.89,,,0
002881.SZ,20170531,20170531,20161231,1,1,4,46713381.77,3851340.22,387581172.33,30431.94,,,,,,,,,,,,8890820.97,396502425.24,194824651.02,138415477.2,41861247.01,,,,,,18005995.07,393107370.3,3395054.94,,,,,,,9846723.5,,,,,9846723.5,-9846723.5,48570000.0,,14040637.87,62610637.87,-24070284.9746,18172094.91,1969706.17,,27345403.82,47487204.9,15123432.97,-242575.6,8429188.81,5889665.08,14318853.89,,,,2165449.79,12746737.59,1363684.44,2026865.07,,,,,,,3075168.94,,24157700.07,-65070116.32,-25876754.42,-1758402.21,3395054.94,,,,8429188.81,,,,,,14318853.89,5889665.08,,,0
002881.SZ,20171024,20171024,20160930,1,1,3,,,311822141.18,30431.94,,,,,,,,,,,,8634268.75,320486841.87,163340577.25,112690997.1,28498438.8,,,,,,13014548.71,317544561.86,2942280.01,,,,,,,5699733.97,,,,,5699733.97,-5699733.97,38570000.0,,9481852.71,48051852.71,,18098373.53,1252589.82,,22897162.39,42248125.74,5803726.97,16280.5,3062553.51,5889665.08,8952218.59,,,,,,,,,,,,,,,,,,,,,,,,,,,,,,,,,,0
002881.SZ,20170825,20170825,20160630,1,1,2,14144664.76,1807408.46,183488561.49,30431.94,,,,,,,,,,,,6523961.07,190042954.5,77244763.01,66523720.27,21973932.71,,,,,,8952345.66,174694761.65,15348192.85,,,,,,,4586144.24,,,,,4586144.24,-4586144.24,3570000.0,,9481852.71,13051852.71,,1597194.39,797420.99,,18853259.56,21247874.94,-8196022.23,15063.75,2581090.13,5889665.08,8470755.21,,,,783895.42,6326448.91,681842.22,828799.88,,,,,,,1602221.23,,12416010.92,-48864888.81,25621789.86,,15348192.85,,,,2581090.13,,,,,,8470755.21,5889665.08,,,0
002881.SZ,20170531,20170531,20160331,1,1,1,4556585.42,860541.41,96336543.27,30431.94,,,,,,,,,,,,1932893.28,98299868.49,42139098.19,31861945.07,10660289.13,,,,,,6568235.13,91229567.52,7070300.97,,,,,,,1798212.96,,,,,1798212.96,-1798212.96,,,1331571.63,1331571.63,,71486.32,401106.02,,5466414.62,5939006.96,-4607435.33,-195694.79,468957.89,5889665.08,6358622.97,,,,3503945.28,3155031.23,340921.11,477432.51,,,,,,,-70146.89,,13662148.77,-7699769.6,-11716388.27,,7070300.97,,,,468957.89,,,,,,6358622.97,5889665.08,,,0
002881.SZ,20170531,20170531,20151231,1,1,4,31848328.41,4211346.51,314465644.04,,,,,,,,,,,,,3677310.01,318142954.05,163286761.26,117814016.86,24717486.11,,,,,,10749604.18,316567868.41,1575085.64,,,,11925537.46,10000000.0,21925537.46,13333016.5,,,,,13333016.5,8592520.96,41540000.0,,3886877.53,45426877.53,-18737327.6442,31827224.56,2157710.78,,18871084.15,52856019.49,-7429141.96,-28078.45,2710386.19,3179278.89,5889665.08,,,,3035085.48,11934231.09,1531953.61,1730933.09,,,1418355.52,,,,-4454442.09,,-45440798.24,-76405869.85,67907486.59,4258475.52,1575085.64,,,17922302.45,2710386.19,,,,,,5889665.08,3179278.89,,,0
002881.SZ,20170531,20170531,20141231,1,1,4,24624953.91,2023959.33,311326529.89,60325.4,,,,,,,,,,,,1255416.46,312642271.75,196332683.86,79738774.39,10685359.42,,,,,,14066534.11,300823351.78,11818919.97,,100000.0,147.22,,,100147.22,25958601.93,100000.0,,57971.92,,26116573.85,-26016426.63,26980000.0,,19672132.64,65652132.64,-138522372.9285,20600000.0,1461991.81,,32501510.36,54563502.17,11088630.47,-13243.94,-3122120.13,6301399.02,3179278.89,19000000.0,,,924339.47,9793805.62,3145937.32,1162590.36,,,83165.85,,,-2201736.88,-138650.92,,-36703509.24,-34348238.27,43452303.42,,11818919.97,,,11753191.19,-3122120.13,,,,,,3179278.89,6301399.02,,,0
002881.SZ,20160401,20160401,20131231,1,1,4,17890600.0,1707000.0,204599545.22,138655.18,,,,,,,,,,,,1129830.86,205868031.26,117365714.32,33344294.28,9151923.79,,,,,,7042445.12,166904377.51,38963653.75,,,,44064.1,,44064.1,140795443.59,,,,,140795443.59,-140751379.49,20500000.0,,107000000.0,167500000.0,,26200000.0,1625556.07,,32964258.49,60789814.56,106710185.44,-81459.62,4841000.08,1460398.94,6301399.02,40000000.0,,,3275300.0,7137500.0,1853400.0,602600.0,,,,,,,-433500.0,,-21978500.0,-64737800.0,93647100.0,,38963700.0,,,,,,,,,,,,,,0
