事件日期,公司,事件类型,事件标题,事件前市值（亿元）,事件后20日市值（亿元）,"客观市值变化[0,+20]（亿元）","客观涨跌幅[0,+20]",同期竞品平均涨跌幅,同期竞品排名,可比公司数,"CAR[0,+20]",客观变化综合评分
2019-12-17,锐明技术,其他,关于“N锐明”盘中临时停牌的公告,47.27808,131.976,84.69792,1.7914839181286548,0.0736783705617875,1.0,7.0,1.4435216666666664,189.6676734502924
2019-12-17,锐明技术,风险事件,上市首日风险提示公告,47.27808,131.976,84.69792,1.7914839181286548,0.0736783705617875,1.0,7.0,1.4435216666666664,189.6676734502924
2015-12-03,高新兴,资本动作,发行股份及支付现金购买资产并募集配套资金暨关联交易实施情况暨新增股份上市公告书摘要,152.29911715,224.75453295,72.45541580000001,0.4757441615937825,,1.0,1.0,0.0,78.92724082750262
2019-07-16,移远通信,其他,关于N移远(603236)盘中临时停牌的公告,56.415268000000005,122.89003999999998,66.47477199999999,1.1783117293708505,0.0963241467612794,1.0,6.0,1.1773272,131.50232434966802
2019-12-23,锐明技术,其他,关于股票交易异常波动的公告(2019/12/23),62.92511999999999,126.80928,63.88416000000001,1.015240972126871,0.0901607485504461,1.0,7.0,0.6558501666666665,117.16135777014968
2022-07-12,移远通信,其他,:部分首次公开发行限售股上市流通公告,243.12544077,304.79029217,61.6648514,0.2536338904094195,0.2034898257077291,3.0,8.0,0.0486652857142857,55.98313693275356
2022-07-12,移远通信,产品/技术创新,:招商证券股份有限公司关于上海移远通信技术股份有限公司部分首次公开发行限售股上市流通的核查意见,243.12544077,304.79029217,61.6648514,0.2536338904094195,0.2034898257077291,3.0,8.0,0.0486652857142857,55.98313693275356
2019-07-19,移远通信,其他,:移远通信股票交易异常波动公告(2019/07/19),68.26729,123.541054,55.273764,0.809666884389288,0.1931205095684768,2.0,6.0,0.4728556,96.41023275114304
2019-07-19,移远通信,产品/技术创新,:移远通信:《关于上海移远通信技术股份有限公司股票交易异常波动的询证函》的回函(2019/07/19),68.26729,123.541054,55.273764,0.809666884389288,0.1931205095684768,2.0,6.0,0.4728556,96.41023275114304
2021-07-13,广和通,风险事件,关于发行股份及支付现金购买资产并募集配套资金的一般风险提示暨公司股票复牌公告,187.49561761,234.36952201,46.8739044,0.2499999999866664,0.0540368492344627,2.0,8.0,0.1812858571428572,49.84695219893331
2025-01-22,广和通,其他,股票交易异常波动公告,219.64055919,265.61237907,45.97181987999999,0.2093047843692297,0.2035272103179517,4.0,9.0,0.0314271249999999,45.70029268953837
2020-01-04,移远通信,产品/技术创新,:移远通信:招商证券股份有限公司关于上海移远通信技术股份有限公司首次公开发行股票并上市持续督导之2019年度定期现场检查报告,143.25875200000002,188.25898,45.000228,0.3141185258964143,-0.0270205061880098,2.0,7.0,0.0319379285714285,53.52959607171314
2025-04-09,移远通信,产品/技术创新,《关于上海移远通信技术股份有限公司股票交易异常波动的询证函》的回函,159.55883741,202.49685843,42.93802102000001,0.2691046244569151,0.3116228665582034,3.0,9.0,-0.021478875,48.38738046655321
2025-04-09,移远通信,其他,股票交易异常波动公告,159.55883741,202.49685843,42.93802102000001,0.2691046244569151,0.3116228665582034,3.0,9.0,-0.021478875,48.38738046655321
2019-12-25,锐明技术,其他,关于股票交易异常波动的公告(2019/12/25),76.13568000000001,118.96416,42.828480000000006,0.5625283704039945,0.0661528635163857,1.0,7.0,0.1588678095238094,75.41650963231956
2019-07-23,移远通信,产品/技术创新,:移远通信:《关于上海移远通信技术股份有限公司股票交易异常波动的询证函》的回函(2019/07/23),82.607434,122.35496,39.747526000000015,0.4811616107092735,0.2902997602808673,2.0,6.0,0.1745892,67.3666918567419
2019-07-23,移远通信,其他,:移远通信股票交易异常波动公告(2019/07/23),82.607434,122.35496,39.747526000000015,0.4811616107092735,0.2902997602808673,2.0,6.0,0.1745892,67.3666918567419
2025-02-05,美格智能,其他,股票交易异常波动公告,105.34906203,141.00647318,35.65741114999999,0.338469184849941,0.2046663588084279,4.0,9.0,0.1497925,48.93624036299528
2020-02-04,有方科技,其他,关于有方科技(688159)盘中临时停牌的公告(1),41.53997918,75.00299486,33.46301568,0.8055616863696271,0.3386114303180138,1.0,8.0,0.4643498571428573,85.17644274957016
2025-12-26,移远通信,资本动作,上海移远通信技术股份有限公司向特定对象发行A股股票上市公告书,249.41207579,278.12376978000003,28.71169399000001,0.1151174974148994,0.0833300139009067,3.0,9.0,-0.068368375,28.445246788191955
2025-12-26,移远通信,其他,国联民生证券承销保荐有限公司关于公司向特定对象发行股票之上市保荐书,249.41207579,278.12376978000003,28.71169399000001,0.1151174974148994,0.0833300139009067,3.0,9.0,-0.068368375,28.445246788191955
2017-01-11,移为通信,其他,关于“N移为”盘中临时停牌的公告,32.808,58.92,26.112,0.7959034381858083,-0.1444444444444445,1.0,2.0,1.3268499999999996,80.72827505486467
2024-12-11,移远通信,其他,股票交易异常波动公告,155.29381765,177.92720472,22.633387069999987,0.1457455770777105,-0.0654967434275282,1.0,9.0,0.2168912500000001,28.20633970121684
2024-12-11,移远通信,产品/技术创新,《关于上海移远通信技术股份有限公司股票交易异常波动的询证函》的回函,155.29381765,177.92720472,22.633387069999987,0.1457455770777105,-0.0654967434275282,1.0,9.0,0.2168912500000001,28.20633970121684
2020-01-09,移为通信,其他,国信证券股份有限公司关于公司首次公开发行前已发行股份上市流通的核查意见,61.495392,82.505241,21.009849,0.3416491596638655,-0.0027172066553441,2.0,7.0,0.0005807142857141,42.78685727310925
2025-01-24,博实结,其他,民生证券股份有限公司关于深圳市博实结科技股份有限公司首次公开发行网下发行限售股份上市流通的核查意见,63.62785,84.00656,20.37871,0.3202797202797203,0.1606444049921311,2.0,9.0,0.126101375,40.46173262237762
2020-04-09,广和通,其他,首次公开发行前已发行股份上市流通提示性公告,96.6230388,116.21604389,19.59300508999999,0.2027777777777777,0.0496436728258596,2.0,8.0,0.1385525714285714,31.08872476722221
2026-04-07,移为通信,其他,请问截至2026年3月31日，公司最新股东数是多少？,51.09683847,70.67596666,19.57912819,0.3831769004944465,0.1582940146373767,1.0,9.0,0.1853699999999999,44.16371613455572
2017-04-13,广和通,其他,关于“N广和通”盘中临时停牌的公告,12.04,30.728,18.688,1.5521594684385382,-0.0481051769177556,1.0,4.0,1.5005000000000002,137.51675747508307
2019-02-27,广和通,风险事件,股票交易异常波动及风险提示公告,49.84487118,68.36248926,18.51761808,0.3715049841964504,0.0649613260861796,1.0,5.0,0.26778725,44.59920777571603
2017-01-13,移为通信,其他,股票交易异常波动公告(2017/1/13),36.088,54.464,18.376,0.5091997339835956,-0.102422439439014,1.0,2.0,0.6686000000000001,53.92397871868765
2022-07-16,移远通信,产品/技术创新,:《关于上海移远通信技术股份有限公司股票交易异常波动的询证函》的回函,281.92346098,299.53659046,17.61312947999998,0.0624748625700557,0.1683341482237549,8.0,8.0,-0.1014615714285714,19.15455374560445
2022-07-16,移远通信,其他,:股票交易异常波动公告,281.92346098,299.53659046,17.61312947999998,0.0624748625700557,0.1683341482237549,8.0,8.0,-0.1014615714285714,19.15455374560445
2017-04-18,广和通,其他,股票交易异常波动公告(2017/4/18),14.576,31.576,17.0,1.1663007683863884,0.0093326507992929,1.0,4.0,0.8268666666666666,105.80406147091108
2016-06-20,日海智能,产品/技术创新,关于深圳日海通讯技术股份有限公司股票临时停牌的公告,42.4008,58.3128,15.912,0.3752759381898454,-0.101123595506923,1.0,2.0,0.4495999999999999,42.04807505518763
2015-06-12,高新兴,其他,关于公司股票交易异常波动公告(2015-6-12),83.26051315000001,97.96908758,14.708574430000002,0.1766572637319856,-0.5350034317089911,1.0,2.0,1.0488,25.496868313558853
2025-06-09,移远通信,产品/技术创新,3-2民生证券股份有限公司关于上海移远通信技术股份有限公司向特定对象发行股票之上市保荐书(申报稿)(上海移远通信技术股份有限公司),201.89504583,216.39087986,14.49583402999998,0.0717988595034955,-0.0352341462778806,1.0,9.0,0.103946875,18.291825775279637
2025-01-10,日海智能,其他,股票交易异常波动公告,35.45568,49.7952,14.339520000000002,0.4044350580781415,0.4119399392143539,4.0,9.0,0.0276643749999999,45.63456464625133
2021-09-06,高新兴,其他,向特定对象发行股票之上市保荐书(2021/09/06),72.11796441,86.19400084,14.076036430000002,0.1951807229329978,-0.0046126421650878,1.0,8.0,0.1880372857142857,27.302476049639825
2017-06-22,美格智能,风险事件,上市首日风险提示公告,13.76043,27.360855,13.600425,0.9883720930232558,0.00666727443457,1.0,4.0,1.2579333333333331,89.86997994186046
2019-11-27,广和通,资本动作,关于公司非公开发行股票上市公告书的提示性公告,72.8343486,86.41354318,13.57919458,0.1864394319577946,0.0670763427051544,1.0,6.0,-0.1714055666666666,26.21475184662357
2017-04-20,广和通,其他,股票交易异常波动公告(2017/4/20),17.632,30.176,12.544,0.7114337568058076,0.0048883075131201,1.0,4.0,0.5865,68.48670054446461
2019-08-15,移为通信,其他,国信证券股份有限公司关于公司首次公开发行股票2019年上半年度跟踪报告,53.582382,66.065559,12.483177,0.2329716696805304,0.200943270215974,2.0,6.0,0.0198242,29.969322074442434
2015-07-09,日海智能,其他,日海通讯:股票交易异常波动公告(2015-7-9),31.7616,43.8048,12.0432,0.3791748526522593,,1.0,1.0,-0.1844,41.295588212180746
2017-01-17,移为通信,其他,股票交易异常波动公告(2017/1/17),43.664,55.424,11.76,0.2693294246976914,-0.0124342419894787,1.0,2.0,0.3776499999999999,31.42635397581531
2023-11-02,日海智能,风险事件,*ST日海:关于公司股票交易撤销退市风险警示和其他风险警示暨停复牌公告,28.4544,39.98592,11.53152,0.405263157894737,0.0964162898018639,1.0,8.0,0.2703525714285714,42.40681263157896
2015-07-10,日海智能,其他,日海通讯:股票交易异常波动公告的更正公告,34.944,46.176,11.232,0.3214285714285714,,1.0,1.0,-0.2118,35.63028571428571
2015-03-27,高新兴,资本动作,关于重大资产重组延期复牌公告,62.661903300000006,73.60158902,10.939685719999996,0.1745827232158139,-0.6009408075264602,1.0,2.0,1.0077,23.446460717265115
2015-04-27,高新兴,资本动作,关于重大资产重组延期复牌公告,62.661903300000006,73.60158902,10.939685719999996,0.1745827232158139,-0.6009408075264602,1.0,2.0,1.0077,23.446460717265115
2017-12-08,日海智能,产品/技术创新,关于深圳日海通讯技术股份有限公司股票临时停牌的公告,83.928,94.38,10.452,0.1245353159851301,-0.1047157035932347,1.0,5.0,0.246675,21.838825278810408
2019-12-30,锐明技术,其他,关于股票交易异常波动的公告,101.32992,111.60288,10.27296000000001,0.101381309686221,-0.0059060539261376,3.0,7.0,-0.1931611428571429,19.50698477489769
2020-12-16,锐明技术,资本动作,国信证券股份有限公司关于公司首次公开发行部分限售股解禁上市流通的核查意见,93.84768,103.21344,9.365759999999998,0.0997974590314858,-0.059732013612924,3.0,8.0,0.1753018571428572,18.57667672251887
2020-12-16,锐明技术,其他,部分首次公开发行前已发行股份上市流通提示性公告,93.84768,103.21344,9.365759999999998,0.0997974590314858,-0.059732013612924,3.0,8.0,0.1753018571428572,18.57667672251887
2017-09-06,广和通,其他,国信证券股份有限公司关于公司首次公开发行股票2017年上半年度跟踪报告,27.864,37.208,9.344,0.3353430950330176,0.0857712654290503,1.0,4.0,0.2224333333333333,36.24944760264141
2025-07-30,博实结,其他,关于部分首次公开发行前已发行股份及首次公开发行战略配售股份上市流通的提示性公告,70.809343,79.227797,8.418453999999992,0.1188890285283397,0.1927505819432418,7.0,9.0,-0.0654118749999999,18.80034928226717
2017-06-28,美格智能,其他,股票交易异常波动公告(2017/6/28),18.315239,26.507495,8.192256,0.4472917880023295,-0.0263227137509557,1.0,4.0,0.4902000000000001,43.87947104018636
2023-06-13,有方科技,其他,财通证券股份有限公司关于深圳市有方科技股份有限公司2023年度向特定对象发行A股股票之上市保荐书,28.13634777,35.68175341,7.54540564,0.2681728880265401,-0.021266572334452,1.0,8.0,0.2708297142857143,30.896533862123214
2019-08-05,美格智能,其他,股票交易异常波动公告,52.4432388,59.878137800000005,7.434898999999999,0.1417704011065006,0.0951735837303474,3.0,6.0,0.0717537999999999,20.289081588520048
2023-05-18,日海智能,其他,*ST日海:股票交易异常波动公告,26.32032,33.1344,6.814079999999999,0.258890469416785,0.1714602732377708,1.0,8.0,0.0712217142857142,29.668277553342804
2023-06-12,有方科技,其他,3-2财通证券股份有限公司关于深圳市有方科技股份有限公司2023年度向特定对象发行A股股票之上市保荐书,28.36667151,35.128976439999995,6.762304930000002,0.238389087264472,-0.0055790372696464,1.0,8.0,0.2307417142857143,27.382279446157764
2021-09-01,移为通信,资本动作,向特定对象发行股票上市公告书,71.1622503,77.59347935000001,6.431229050000001,0.0903741663998503,-0.0203275728212687,2.0,8.0,0.0611944285714285,15.315547836988022
2024-11-07,高新兴,其他,关于公司股票交易异常波动的公告,122.16609393,127.90077544,5.734681510000001,0.0469416785420504,-0.0174883190309943,2.0,9.0,0.095388875,11.882675038364036
2017-04-24,广和通,其他,股票交易异常波动公告(2017/4/24),21.328,27.048,5.72,0.268192048012003,-0.0271910387684814,1.0,4.0,0.3155,33.315363840960245
2023-05-17,有方科技,风险事件,公司控股股东及实际控制人关于《有方科技股票交易异常波动问询函》的回函,24.53343286,30.09870602,5.56527316,0.2268444531084672,0.2156711895353175,5.0,8.0,0.0027342857142856,27.490192828677376
2023-05-17,有方科技,其他,股票交易异常波动公告,24.53343286,30.09870602,5.56527316,0.2268444531084672,0.2156711895353175,5.0,8.0,0.0027342857142856,27.490192828677376
2019-07-25,日海智能,资本动作,公司与中信证券股份有限公司关于公司上市公司非公开发行新股核准申请文件反馈意见的回复,54.756,59.8104,5.0544,0.0923076923076922,0.2480323231838613,4.0,6.0,-0.1233465999999999,15.151815384615375
2023-04-27,美格智能,其他,股票交易异常波动公告,77.45738779,82.26759996,4.810212170000002,0.0621013993273475,0.0477999794376619,5.0,8.0,0.0201739999999999,11.943218031187808
2017-06-30,美格智能,其他,股票交易异常波动公告(2017/6/30),22.166026,26.955509000000003,4.7894830000000015,0.2160731472569779,-0.0381742254963751,1.0,4.0,0.2802333333333334,27.570593280558235
2016-07-07,日海智能,其他,日海通讯:股票交易异常波动公告(2016/7/7),56.472,61.0272,4.5552,0.0806629834254144,-0.1032138442755846,1.0,2.0,0.1982,13.630638674033156
2019-07-26,移远通信,产品/技术创新,:移远通信:《关于上海移远通信技术股份有限公司股票交易异常波动的询证函》的回函,109.950022,114.46253,4.512508000000008,0.04104144699489,0.2152227272525235,5.0,6.0,-0.1273364,13.919569759591212
2019-07-26,移远通信,其他,:移远通信股票交易异常波动公告,109.950022,114.46253,4.512508000000008,0.04104144699489,0.2152227272525235,5.0,6.0,-0.1273364,13.919569759591212
2013-03-25,高新兴,其他,高新兴自2013年3月25日开市起临时停牌,16.201224,20.042568,3.841344,0.2371020856201975,0.237919621749409,2.0,2.0,-0.0144999999999999,25.398838849615803
2021-06-09,美格智能,其他,股票交易异常波动公告(2021/06/09),48.4414875,52.0769058,3.6354183000000018,0.075047619047619,0.0286754995496675,3.0,8.0,0.0851533095238095,13.771518673809522
2017-01-19,移为通信,其他,股票交易异常波动公告,52.832,56.16,3.328,0.062992125984252,-0.0124999999999999,1.0,2.0,0.18065,15.703370078740166
2021-04-26,移为通信,其他,国信证券股份有限公司关于公司首次公开发行股票之保荐总结报告书,51.9555465,55.0801458,3.124599299999996,0.0601398601398599,0.0405837000032581,4.0,8.0,0.0148219999999999,11.513488461188793
2023-01-14,有方科技,其他,首次公开发行部分限售股上市流通公告,14.063634529999998,16.520645000000002,2.4570104700000024,0.1747066496046099,0.1505344660669061,2.0,8.0,0.0231157142857142,20.4750372033688
2021-07-20,移为通信,其他,关于公司股票交易异常波动的公告,72.72323208,75.13342272,2.410190639999998,0.0331419626309876,-0.0122342920697019,3.0,8.0,0.0578871428571428,11.146452330479011
2018-08-17,移为通信,其他,国信证券股份有限公司关于公司首次公开发行股票2018年上半年度跟踪报告,33.6,35.808,2.208,0.0657142857142856,-0.0776534594132621,1.0,5.0,0.155483,11.03114285714285
2013-03-04,高新兴,其他,高新兴自2013年3月4日开市起临时停牌,16.27236,18.281952,2.0095919999999983,0.1234972677595627,0.0498888685537659,1.0,2.0,-0.1578,15.644577420765016
2023-12-04,日海智能,其他,股票交易异常波动公告,39.98592,41.89536,1.9094399999999965,0.0477528089887639,-0.0758658167265498,1.0,8.0,0.1754722857142857,9.914944719101118
2017-04-26,广和通,其他,股票交易异常波动公告(2017/4/26),25.808,27.296,1.488,0.0576565406075635,-0.0141542097104742,2.0,4.0,0.1075,11.176523248605085
2012-09-05,高新兴,其他,高新兴自2012年9月5日13:00起临时停牌,12.235392,13.462488,1.2270960000000006,0.1002906976744186,0.0834141610087293,1.0,2.0,0.0466999999999999,16.116803813953496
2014-05-05,高新兴,其他,恒泰证券股份有限公司关于公司首次公开发行并在创业板上市的持续督导保荐总结报告书,30.731340000000003,31.761852,1.0305119999999994,0.0335329341317365,0.0296934865900382,1.0,2.0,0.0016999999999999,8.407890730538922
2025-02-10,美格智能,其他,股票交易异常波动公告,140.22106765,140.74467133,0.5236036799999886,0.0037341298905735,0.0907967305948859,6.0,9.0,-0.0534138749999999,4.970532231245877
2023-04-28,移远通信,产品/技术创新,《关于上海移远通信技术股份有限公司股票交易异常波动的询证函》的回函,149.54151674,149.95727731000002,0.4157605700000189,0.0027802350749381,0.0844717328002255,7.0,8.0,-0.0775931428571428,6.340299090995064
2020-06-19,美格智能,资本动作,东莞证券股份有限公司关于公司首次公开发行限售股解禁流通的专项核查意见,44.1741804,44.4461889,0.2720085000000021,0.0061576354679804,0.075748437527716,7.0,8.0,-0.0221854285714285,5.498615087438435
2020-06-19,美格智能,其他,首次公开发行前已发行股份上市流通提示性公告,44.1741804,44.4461889,0.2720085000000021,0.0061576354679804,0.075748437527716,7.0,8.0,-0.0221854285714285,5.498615087438435
2017-12-20,高新兴,资本动作,发行股份及支付现金购买资产并募集配套资金实施情况暨新增股份上市公告书摘要,145.78654891,145.84464079,0.0580918800000101,0.0003984721528449,-0.1328423359215102,1.0,4.0,0.0148083333333333,4.9409237122276
2018-03-29,美格智能,其他,股票交易异常波动公告,34.966426,34.934425,-0.0320010000000009,-0.0009151921903599,-0.0453942715865366,2.0,5.0,0.0532,7.549215875228797
2022-05-14,有方科技,风险事件,:有方科技:控股股东、实际控制人关于股票交易异常波动问询函的回复,20.05947351,19.80277092,-0.2567025899999979,-0.0127970751511512,0.1397547251616443,7.0,8.0,-0.1304124285714285,7.152117307092099
2017-01-26,高新兴,其他,关于公司股票交易异常波动公告,138.42967674,137.99977092,-0.4299058200000086,-0.0031055900015388,0.0261184902367737,2.0,3.0,-0.03155,4.963400110123114
2011-07-26,高新兴,其他,兴业证券股份有限公司关于公司首次公开发行前已发行股份上市流通的核查意见,24.36408,23.91948,-0.4446,-0.0182481751824817,0.0411777256240666,2.0,2.0,-0.1149,5.902154014598542
2011-08-29,高新兴,其他,高新兴自2011年8月29日开市起临时停牌,24.043968,23.492664,-0.5513039999999979,-0.0229289940828401,-0.1109521863506334,1.0,2.0,0.1352,10.079971526627208
2023-02-23,锐明技术,其他,关于股票交易异常波动公告(2023/02/23),44.6156684,43.8198868,-0.7957815999999992,-0.0178363706863124,0.071612548786071,7.0,8.0,-0.0788418571428571,6.474800454904999
2021-01-16,有方科技,其他,:有方科技首次公开发行部分限售股上市流通公告,23.084896840000003,21.93890315,-1.14599369,-0.049642573581455,-0.0280780048759253,3.0,8.0,-0.0190612857142857,10.184402731516409
2023-11-08,日海智能,其他,股票交易异常波动公告,37.88928,36.504,-1.3852799999999987,-0.0365612648221344,-0.0351036565035455,5.0,8.0,0.0207321428571428,12.617541185770753
2023-07-17,日海智能,其他,*ST日海:股票交易异常波动公告,29.35296,27.93024,-1.422719999999995,-0.0484693877551019,-0.100212272384425,1.0,8.0,0.0599881428571428,13.58891102040815
2022-05-16,日海智能,其他,*ST日海:关于《股票交易异常波动公告》的更正公告,22.6512,21.22848,-1.422720000000001,-0.062809917355372,0.1468994169051044,8.0,8.0,-0.2008992857142857,12.06615338842976
2013-08-01,高新兴,其他,恒泰证券股份有限公司关于公司首次公开发行前已发行股份上市流通的核查意见,26.830116,25.30275,-1.5273659999999971,-0.0569272976680382,0.0576631259484066,2.0,2.0,-0.1212,10.37786681344306
2013-12-30,高新兴,其他,高新兴自2013年12月30日开市起临时停牌,29.737632,28.15506,-1.582572000000003,-0.0532178217821782,-0.1699266503667481,1.0,2.0,0.1228,10.158711742574262
