review_rank,analysis_group_id,company,symbol,event_date,title,primary_category,manual_review_status,manual_keep_for_model,manual_is_noise,manual_corrected_category,manual_confidence,manual_note_label,manual_reviewer,manual_review_date,keep_code,noise_code,category_code,confidence_code,note_code,review_reason,suggested_action
1,300590|2017-01-11|其他,移为通信,300590,2017-01-11,关于“N移为”盘中临时停牌的公告,其他,noise,0,1,交易机制/IPO,很确定,极端标签但事件本身可信,user_numeric_review,2026-06-14,0,1,8,1,1,top_positive_label|extreme_relative_label|large_mv_impact|category_other|subject_company|overlap_dirty_p20|not_default_training,排除默认建模，保留为审计/案例
2,300590|2017-01-13|其他,移为通信,300590,2017-01-13,股票交易异常波动公告(2017/1/13),其他,noise,0,1,交易机制/IPO,很确定,无特殊备注,user_numeric_review,2026-06-14,0,1,8,1,0,top_positive_label|extreme_relative_label|large_mv_impact|category_other|subject_company|overlap_dirty_p20|not_default_training,排除默认建模，保留为审计/案例
3,300590|2021-06-28|其他,移为通信,300590,2021-06-28,关于召开公司2021年第三次临时股东大会的通知,其他,noise,0,1,纯流程/其他,很确定,无特殊备注,user_numeric_review,2026-06-14,0,1,9,1,0,top_positive_label|extreme_relative_label|category_other|subject_company|overlap_dirty_p20,优先人工重分类
4,300590|2020-11-04|其他,移为通信,300590,2020-11-04,国信证券股份有限公司关于公司2020年度持续督导培训工作报告,其他,noise,0,1,纯流程/其他,很确定,无特殊备注,user_numeric_review,2026-06-14,0,1,9,1,0,top_positive_label|extreme_relative_label|category_other|subject_company|overlap_dirty_p20,优先人工重分类
5,300590|2020-11-02|其他,移为通信,300590,2020-11-02,2020年第二次临时股东大会的法律意见书,其他,noise,0,1,纯流程/其他,很确定,无特殊备注,user_numeric_review,2026-06-14,0,1,9,1,0,top_positive_label|extreme_relative_label|category_other|subject_company|overlap_dirty_p20,优先人工重分类
6,300590|2020-10-29|其他,移为通信,300590,2020-10-29,第二届董事会第三十次会议决议公告,其他,noise,0,1,纯流程/其他,很确定,无特殊备注,user_numeric_review,2026-06-14,0,1,9,1,0,extreme_relative_label|category_other|subject_company|overlap_dirty_p20,优先人工重分类
7,300590|2021-07-13|其他,移为通信,300590,2021-07-13,2021年第三次临时股东大会的法律意见书,其他,noise,0,1,纯流程/其他,很确定,无特殊备注,user_numeric_review,2026-06-14,0,1,9,1,0,category_other|subject_company|overlap_dirty_p20,优先人工重分类
8,300590|2021-07-16|其他,移为通信,300590,2021-07-16,第三届监事会第七次会议决议公告,其他,noise,0,1,纯流程/其他,很确定,无特殊备注,user_numeric_review,2026-06-14,0,1,9,1,0,extreme_relative_label|category_other|subject_company|overlap_dirty_p20,优先人工重分类
9,300590|2017-01-17|其他,移为通信,300590,2017-01-17,股票交易异常波动公告(2017/1/17),其他,noise,0,1,交易机制/IPO,很确定,无特殊备注,user_numeric_review,2026-06-14,0,1,8,1,0,category_other|subject_company|overlap_dirty_p20|not_default_training,排除默认建模，保留为审计/案例
10,300590|2017-06-15|其他,移为通信,300590,2017-06-15,关于公司完成工商变更登记的公告,其他,noise,0,1,纯流程/其他,很确定,无特殊备注,user_numeric_review,2026-06-14,0,1,9,1,0,category_other|subject_company|overlap_dirty_p20,优先人工重分类
11,300590|2020-10-17|其他,移为通信,300590,2020-10-17,关于公司董事会换届选举的公告,其他,noise,0,1,纯流程/其他,很确定,无特殊备注,user_numeric_review,2026-06-14,0,1,9,1,0,category_other|subject_company|overlap_dirty_p20,优先人工重分类
12,300590|2021-12-17|其他,移为通信,300590,2021-12-17,关于完成工商变更登记并换发营业执照的公告,其他,noise,0,1,纯流程/其他,很确定,无特殊备注,user_numeric_review,2026-06-14,0,1,9,1,0,category_other|subject_company|overlap_dirty_p20,优先人工重分类
13,300590|2020-12-18|其他,移为通信,300590,2020-12-18,关于召开公司2021年第一次临时股东大会的通知,其他,noise,0,1,纯流程/其他,很确定,无特殊备注,user_numeric_review,2026-06-14,0,1,9,1,0,category_other|subject_company|overlap_dirty_p20,优先人工重分类
14,300590|2026-03-30|其他,移为通信,300590,2026-03-30,第四届董事会第二十二次会议决议公告,其他,noise,0,1,纯流程/其他,很确定,无特殊备注,user_numeric_review,2026-06-14,0,1,9,1,0,category_other|subject_company|overlap_dirty_p20,优先人工重分类
15,300590|2020-12-10|其他,移为通信,300590,2020-12-10,关于完成工商变更登记并换发营业执照的公告,其他,noise,0,1,纯流程/其他,很确定,无特殊备注,user_numeric_review,2026-06-14,0,1,9,1,0,category_other|subject_company|overlap_dirty_p20,优先人工重分类
16,300590|2024-10-09|其他,移为通信,300590,2024-10-09,2024年第二次临时股东大会决议公告,其他,noise,0,1,纯流程/其他,很确定,无特殊备注,user_numeric_review,2026-06-14,0,1,9,1,0,category_other|subject_company|overlap_dirty_p20,优先人工重分类
17,300590|2024-04-03|其他,移为通信,300590,2024-04-03,关于香港全资子公司增资完成的公告,其他,reclassified,1,0,客户/订单,大致确定,无特殊备注,user_numeric_review,2026-06-14,1,0,5,2,0,category_other|subject_company|overlap_dirty_p20,优先人工重分类
18,300590|2026-03-27|其他,移为通信,300590,2026-03-27,2026年第二次临时股东会决议公告,其他,noise,0,1,纯流程/其他,很确定,无特殊备注,user_numeric_review,2026-06-14,0,1,9,1,0,category_other|subject_company|overlap_dirty_p20,优先人工重分类
19,300590|2021-10-20|其他,移为通信,300590,2021-10-20,关于全资子公司完成增资工商变更登记的公告,其他,noise,0,1,纯流程/其他,很确定,无特殊备注,user_numeric_review,2026-06-14,0,1,9,1,0,category_other|subject_company|overlap_dirty_p20,优先人工重分类
20,300590|2024-03-29|其他,移为通信,300590,2024-03-29,第四届监事会第二次会议决议公告,其他,noise,0,1,纯流程/其他,很确定,无特殊备注,user_numeric_review,2026-06-14,0,1,9,1,0,category_other|subject_company|overlap_dirty_p20,优先人工重分类
21,300590|2026-04-23|其他,移为通信,300590,2026-04-23,关于“质量回报双提升”行动方案的进展公告,其他,reclassified,1,0,资本动作,大致确定,无特殊备注,user_numeric_review,2026-06-14,1,0,2,2,0,category_other|subject_company|overlap_dirty_p20,优先人工重分类
22,300590|2020-11-18|其他,移为通信,300590,2020-11-18,关于公司申请向特定对象发行股票的发行注册环节反馈意见落实函回复报告,其他,reclassified,1,0,风险事件,大致确定,标题像流程公告，但可能包含重大事项,user_numeric_review,2026-06-14,1,0,7,2,3,category_other|subject_company|overlap_dirty_p20,优先人工重分类
23,002970|2019-12-17|其他,锐明技术,2970,2019-12-17,关于“N锐明”盘中临时停牌的公告,其他,noise,0,1,交易机制/IPO,很确定,极端标签但事件本身可信,user_numeric_review,2026-06-14,0,1,8,1,1,top_positive_label|extreme_relative_label|large_mv_impact|category_other|overlap_dirty_p20|not_default_training,排除默认建模，保留为审计/案例
24,603236|2019-07-16|其他,移远通信,603236,2019-07-16,关于N移远(603236)盘中临时停牌的公告,其他,noise,0,1,交易机制/IPO,很确定,极端标签但事件本身可信,user_numeric_review,2026-06-14,0,1,8,1,1,top_positive_label|extreme_relative_label|large_mv_impact|category_other|overlap_dirty_p20|not_default_training,排除默认建模，保留为审计/案例
25,300590|2020-10-23|其他,移为通信,300590,2020-10-23,关于公司申请向特定对象发行股票的审核中心意见落实函回复报告,其他,reclassified,1,0,风险事件,大致确定,标题像流程公告，但可能包含重大事项,user_numeric_review,2026-06-14,1,0,7,2,3,category_other|subject_company|overlap_dirty_p20,优先人工重分类
26,300098|2015-06-12|其他,高新兴,300098,2015-06-12,关于公司股票交易异常波动公告(2015-6-12),其他,noise,0,1,交易机制/IPO,很确定,极端标签但事件本身可信,user_numeric_review,2026-06-14,0,1,8,1,1,top_positive_label|extreme_relative_label|large_mv_impact|category_other|overlap_dirty_p20|not_default_training,排除默认建模，保留为审计/案例
27,300098|2015-06-11|其他,高新兴,300098,2015-06-11,关于公司第三届董事第二十一次会议决议公告的更正公告,其他,noise,0,1,纯流程/其他,很确定,无特殊备注,user_numeric_review,2026-06-14,0,1,9,1,0,top_positive_label|extreme_relative_label|large_mv_impact|category_other|overlap_dirty_p20,优先人工重分类
28,300098|2015-05-01|其他,高新兴,300098,2015-05-01,关于公司子公司讯美电子完成工商变更登记的公告,其他,noise,0,1,纯流程/其他,很确定,无特殊备注,user_numeric_review,2026-06-14,0,1,9,1,0,top_positive_label|extreme_relative_label|large_mv_impact|category_other|overlap_dirty_p20,优先人工重分类
29,300098|2015-04-25|其他,高新兴,300098,2015-04-25,2014年年度股东大会的法律意见书,其他,noise,0,1,纯流程/其他,很确定,无特殊备注,user_numeric_review,2026-06-14,0,1,9,1,0,top_positive_label|extreme_relative_label|large_mv_impact|category_other|overlap_dirty_p20,优先人工重分类
30,300098|2015-05-28|其他,高新兴,300098,2015-05-28,关于本次发行股份及支付现金购买资产并募集配套资金履行法定程序的完备性、合规性及提交的法律文件的有效性的说明,其他,reclassified,1,0,资本动作,大致确定,无特殊备注,user_numeric_review,2026-06-14,1,0,2,2,0,top_positive_label|extreme_relative_label|large_mv_impact|category_other|overlap_dirty_p20,优先人工重分类
31,300098|2015-04-01|其他,高新兴,300098,2015-04-01,募集资金存放与使用情况的鉴证报告,其他,noise,0,1,纯流程/其他,很确定,无特殊备注,user_numeric_review,2026-06-14,0,1,9,1,0,top_positive_label|extreme_relative_label|large_mv_impact|category_other|overlap_dirty_p20,优先人工重分类
32,300098|2015-03-13|其他,高新兴,300098,2015-03-13,公司章程(2015年3月),其他,noise,0,1,纯流程/其他,很确定,无特殊备注,user_numeric_review,2026-06-14,0,1,9,1,0,top_positive_label|extreme_relative_label|large_mv_impact|category_other|overlap_dirty_p20,优先人工重分类
33,300098|2015-06-09|其他,高新兴,300098,2015-06-09,独立董事关于发行股份及支付现金购买资产并募集配套资金暨关联交易的事前认可意见,其他,reclassified,1,0,资本动作,大致确定,无特殊备注,user_numeric_review,2026-06-14,1,0,2,2,0,top_positive_label|extreme_relative_label|large_mv_impact|category_other|overlap_dirty_p20,优先人工重分类
34,300098|2015-02-13|其他,高新兴,300098,2015-02-13,关于重大事项停牌公告,其他,noise,0,1,交易机制/IPO,很确定,极端标签但事件本身可信,user_numeric_review,2026-06-14,0,1,8,1,1,top_positive_label|extreme_relative_label|large_mv_impact|category_other|overlap_dirty_p20,排除默认建模，保留为审计/案例
35,300098|2015-03-18|其他,高新兴,300098,2015-03-18,讯美电子科技有限公司审计报告,其他,noise,0,1,纯流程/其他,很确定,无特殊备注,user_numeric_review,2026-06-14,0,1,9,1,0,top_positive_label|extreme_relative_label|large_mv_impact|category_other|overlap_dirty_p20,优先人工重分类
36,300098|2015-04-18|其他,高新兴,300098,2015-04-18,第三届董事会第十八次会议决议的公告,其他,noise,0,1,纯流程/其他,很确定,无特殊备注,user_numeric_review,2026-06-14,0,1,9,1,0,top_positive_label|extreme_relative_label|large_mv_impact|category_other|overlap_dirty_p20,优先人工重分类
37,300098|2015-03-31|其他,高新兴,300098,2015-03-31,2015年第一次临时股东大会决议公告,其他,noise,0,1,纯流程/其他,很确定,无特殊备注,user_numeric_review,2026-06-14,0,1,9,1,0,top_positive_label|extreme_relative_label|large_mv_impact|category_other|overlap_dirty_p20,优先人工重分类
38,300098|2015-03-26|其他,高新兴,300098,2015-03-26,关于召开2015年第一次临时股东大会的提示性公告,其他,noise,0,1,纯流程/其他,很确定,无特殊备注,user_numeric_review,2026-06-14,0,1,9,1,0,top_positive_label|extreme_relative_label|large_mv_impact|category_other|overlap_dirty_p20,优先人工重分类
39,300098|2015-05-29|其他,高新兴,300098,2015-05-29,关于取消召开2015年第二次临时股东大会通知的公告,其他,noise,0,1,纯流程/其他,很确定,无特殊备注,user_numeric_review,2026-06-14,0,1,9,1,0,top_positive_label|extreme_relative_label|large_mv_impact|category_other|overlap_dirty_p20,优先人工重分类
40,300098|2015-05-09|其他,高新兴,300098,2015-05-09,第三届董事会第十九次会议决议的公告,其他,noise,0,1,纯流程/其他,很确定,无特殊备注,user_numeric_review,2026-06-14,0,1,9,1,0,top_positive_label|extreme_relative_label|large_mv_impact|category_other|overlap_dirty_p20,优先人工重分类
41,300098|2015-04-22|其他,高新兴,300098,2015-04-22,关于召开2014年度股东大会的提示性公告,其他,noise,0,1,纯流程/其他,很确定,无特殊备注,user_numeric_review,2026-06-14,0,1,9,1,0,top_positive_label|extreme_relative_label|large_mv_impact|category_other|overlap_dirty_p20,优先人工重分类
42,300590|2017-04-18|其他,移为通信,300590,2017-04-18,独立董事关于第一届董事会第十九次会议相关事项的独立意见,其他,noise,0,1,纯流程/其他,很确定,无特殊备注,user_numeric_review,2026-06-14,0,1,9,1,0,top_negative_label|category_other|subject_company|overlap_dirty_p20,优先人工重分类
43,300638|2025-01-06|其他,广和通,300638,2025-01-06,广东信达律师事务所关于深圳市广和通无线股份有限公司2025年第一次临时股东大会法律意见书,其他,noise,0,1,纯流程/其他,很确定,无特殊备注,user_numeric_review,2026-06-14,0,1,9,1,0,top_positive_label|extreme_relative_label|large_mv_impact|category_other|overlap_dirty_p20,优先人工重分类
44,603236|2021-01-07|其他,移远通信,603236,2021-01-07,:关于为全资子公司提供担保的公告,其他,reclassified,1,0,资本动作,大致确定,无特殊备注,user_numeric_review,2026-06-14,1,0,2,2,0,top_positive_label|extreme_relative_label|large_mv_impact|category_other|overlap_dirty_p20,优先人工重分类
45,300638|2021-06-16|其他,广和通,300638,2021-06-16,关于选举产生第三届监事会职工代表监事的公告,其他,noise,0,1,纯流程/其他,很确定,无特殊备注,user_numeric_review,2026-06-14,0,1,9,1,0,top_positive_label|extreme_relative_label|large_mv_impact|category_other|overlap_dirty_p20,优先人工重分类
46,300098|2015-06-16|其他,高新兴,300098,2015-06-16,关于公司股票交易异常波动公告(2015-6-16),其他,noise,0,1,交易机制/IPO,很确定,极端标签但事件本身可信,user_numeric_review,2026-06-14,0,1,8,1,1,top_positive_label|extreme_relative_label|large_mv_impact|category_other|overlap_dirty_p20|not_default_training,排除默认建模，保留为审计/案例
47,002970|2019-12-23|其他,锐明技术,2970,2019-12-23,关于股票交易异常波动的公告(2019/12/23),其他,noise,0,1,交易机制/IPO,很确定,极端标签但事件本身可信,user_numeric_review,2026-06-14,0,1,8,1,1,top_positive_label|extreme_relative_label|large_mv_impact|category_other|overlap_dirty_p20|not_default_training,排除默认建模，保留为审计/案例
48,300638|2021-06-22|其他,广和通,300638,2021-06-22,第三届董事会第一次会议决议公告,其他,noise,0,1,纯流程/其他,很确定,无特殊备注,user_numeric_review,2026-06-14,0,1,9,1,0,top_positive_label|extreme_relative_label|large_mv_impact|category_other|overlap_dirty_p20,优先人工重分类
49,300098|2016-07-05|其他,高新兴,300098,2016-07-05,关于控股子公司挂牌新三板的公告,其他,reclassified,1,0,产品/技术创新,大致确定,无特殊备注,user_numeric_review,2026-06-14,1,0,4,2,0,top_negative_label|extreme_relative_label|large_mv_impact|category_other|overlap_dirty_p20,优先人工重分类
50,300638|2021-06-21|其他,广和通,300638,2021-06-21,2021年第二次临时股东大会决议公告,其他,noise,0,1,纯流程/其他,很确定,无特殊备注,user_numeric_review,2026-06-14,0,1,9,1,0,extreme_relative_label|large_mv_impact|category_other|overlap_dirty_p20,优先人工重分类
51,300098|2020-02-15|其他,高新兴,300098,2020-02-15,广东广信君达律师事务所关于公司第二期股票期权激励计划(草案)的法律意见书,其他,noise,0,1,纯流程/其他,很确定,无特殊备注,user_numeric_review,2026-06-14,0,1,9,1,0,top_positive_label|extreme_relative_label|large_mv_impact|category_other|overlap_dirty_p20,优先人工重分类
52,300098|2015-01-31|其他,高新兴,300098,2015-01-31,关于更换保荐代表人的公告,其他,noise,0,1,纯流程/其他,很确定,无特殊备注,user_numeric_review,2026-06-14,0,1,9,1,0,top_positive_label|extreme_relative_label|large_mv_impact|category_other|overlap_dirty_p20,优先人工重分类
53,002313|2015-06-16|其他,日海智能,2313,2015-06-16,日海通讯:第三届董事会第二十一次会议决议公告,其他,noise,0,1,纯流程/其他,很确定,无特殊备注,user_numeric_review,2026-06-14,0,1,9,1,0,top_negative_label|extreme_relative_label|large_mv_impact|category_other|overlap_dirty_p20,优先人工重分类
54,300590|2026-04-07|其他,移为通信,300590,2026-04-07,请问截至2026年3月31日，公司最新股东数是多少？,其他,reclassified,1,0,管理层/投关信号,大致确定,建议作为报告案例，不进入模型,user_numeric_review,2026-06-14,1,0,3,2,4,category_other|subject_company|overlap_dirty_p20|not_default_training,排除默认建模，保留为审计/案例
55,300590|2021-03-25|其他,移为通信,300590,2021-03-25,关于公司监事亲属短线交易的公告,其他,reclassified,1,0,风险事件,大致确定,无特殊备注,user_numeric_review,2026-06-14,1,0,7,2,0,category_other|subject_company|overlap_dirty_p20,优先人工重分类
56,300638|2020-07-08|其他,广和通,300638,2020-07-08,关于使用部分自有闲置资金进行现金管理的进展公告,其他,reclassified,1,0,资本动作,大致确定,无特殊备注,user_numeric_review,2026-06-14,1,0,2,2,0,extreme_relative_label|large_mv_impact|category_other|overlap_dirty_p20,优先人工重分类
57,002881|2025-02-13|其他,美格智能,2881,2025-02-13,股票交易异常波动暨严重异常波动公告,其他,noise,0,1,交易机制/IPO,很确定,极端标签但事件本身可信,user_numeric_review,2026-06-14,0,1,8,1,1,top_negative_label|extreme_relative_label|large_mv_impact|category_other|overlap_dirty_p20|not_default_training,排除默认建模，保留为审计/案例
58,603236|2023-04-25|其他,移远通信,603236,2023-04-25,2022年度独立董事述职报告,其他,noise,0,1,纯流程/其他,很确定,无特殊备注,user_numeric_review,2026-06-14,0,1,9,1,0,top_negative_label|extreme_relative_label|large_mv_impact|category_other|overlap_dirty_p20,优先人工重分类
59,300590|2021-10-25|其他,移为通信,300590,2021-10-25,第三届董事会第十四次会议决议公告,其他,noise,0,1,纯流程/其他,很确定,无特殊备注,user_numeric_review,2026-06-14,0,1,9,1,0,category_other|subject_company|overlap_dirty_p20,优先人工重分类
60,603236|2019-07-19|其他,移远通信,603236,2019-07-19,:移远通信股票交易异常波动公告(2019/07/19),其他,noise,0,1,交易机制/IPO,很确定,极端标签但事件本身可信,user_numeric_review,2026-06-14,0,1,8,1,1,top_positive_label|extreme_relative_label|large_mv_impact|category_other|overlap_dirty_p20|not_default_training,排除默认建模，保留为审计/案例
61,300098|2016-07-06|其他,高新兴,300098,2016-07-06,关于使用部分暂时闲置募集资金进行现金管理的实施公告,其他,reclassified,1,0,资本动作,大致确定,无特殊备注,user_numeric_review,2026-06-14,1,0,2,2,0,top_negative_label|extreme_relative_label|large_mv_impact|category_other|overlap_dirty_p20,优先人工重分类
62,603236|2019-08-29|其他,移远通信,603236,2019-08-29,:移远通信关于使用募集资金向全资子公司增资的公告,其他,reclassified,1,0,资本动作,大致确定,无特殊备注,user_numeric_review,2026-06-14,1,0,2,2,0,top_positive_label|extreme_relative_label|large_mv_impact|category_other|overlap_dirty_p20,优先人工重分类
63,603236|2025-01-22|其他,移远通信,603236,2025-01-22,股票交易异常波动公告,其他,noise,0,1,交易机制/IPO,很确定,极端标签但事件本身可信,user_numeric_review,2026-06-14,0,1,8,1,1,top_negative_label|extreme_relative_label|large_mv_impact|category_other|overlap_dirty_p20|not_default_training,排除默认建模，保留为审计/案例
64,300590|2024-04-22|其他,移为通信,300590,2024-04-22,董事会决议公告,其他,noise,0,1,纯流程/其他,大致确定,标题像流程公告，但可能包含重大事项,user_numeric_review,2026-06-14,0,1,9,2,3,category_other|subject_company|overlap_dirty_p20,优先人工重分类
65,300098|2024-05-21|其他,高新兴,300098,2024-05-21,关于召开2024年第一次临时股东大会通知的公告,其他,noise,0,1,纯流程/其他,很确定,无特殊备注,user_numeric_review,2026-06-14,0,1,9,1,0,top_positive_label|extreme_relative_label|large_mv_impact|category_other|overlap_dirty_p20,优先人工重分类
66,300098|2020-02-26|其他,高新兴,300098,2020-02-26,监事会关于公司第二期股票期权激励计划激励对象名单的审核及公示情况说明,其他,noise,0,1,纯流程/其他,很确定,无特殊备注,user_numeric_review,2026-06-14,0,1,9,1,0,extreme_relative_label|large_mv_impact|category_other|overlap_dirty_p20,优先人工重分类
67,300098|2015-06-30|其他,高新兴,300098,2015-06-30,关于召开2015年第三次临时股东大会通知的提示性公告,其他,noise,0,1,纯流程/其他,很确定,无特殊备注,user_numeric_review,2026-06-14,0,1,9,1,0,extreme_relative_label|large_mv_impact|category_other|overlap_dirty_p20,优先人工重分类
68,300098|2016-07-23|其他,高新兴,300098,2016-07-23,独立董事候选人声明(吴向能),其他,noise,0,1,纯流程/其他,很确定,无特殊备注,user_numeric_review,2026-06-14,0,1,9,1,0,top_negative_label|extreme_relative_label|large_mv_impact|category_other|overlap_dirty_p20,优先人工重分类
69,300098|2015-06-17|其他,高新兴,300098,2015-06-17,股东大会议事规则(2015年6月),其他,noise,0,1,纯流程/其他,很确定,无特殊备注,user_numeric_review,2026-06-14,0,1,9,1,0,large_mv_impact|category_other|overlap_dirty_p20,优先人工重分类
70,300098|2017-04-14|其他,高新兴,300098,2017-04-14,2017年第四次临时股东大会的法律意见书,其他,noise,0,1,纯流程/其他,很确定,无特殊备注,user_numeric_review,2026-06-14,0,1,9,1,0,top_negative_label|extreme_relative_label|large_mv_impact|category_other|overlap_dirty_p20,优先人工重分类
71,300638|2020-07-06|其他,广和通,300638,2020-07-06,关于使用暂时闲置的募集资金进行现金管理的进展公告(2020/07/06),其他,reclassified,1,0,资本动作,大致确定,无特殊备注,user_numeric_review,2026-06-14,1,0,2,2,0,extreme_relative_label|large_mv_impact|category_other|overlap_dirty_p20,优先人工重分类
72,300098|2016-07-22|其他,高新兴,300098,2016-07-22,关于使用部分暂时闲置募集资金进行现金管理的实施公告,其他,reclassified,1,0,资本动作,大致确定,无特殊备注,user_numeric_review,2026-06-14,1,0,2,2,0,top_negative_label|large_mv_impact|category_other|overlap_dirty_p20,优先人工重分类
73,300098|2020-02-12|其他,高新兴,300098,2020-02-12,关于为全资子公司申请银行授信提供担保的进展公告,其他,reclassified,1,0,资本动作,大致确定,无特殊备注,user_numeric_review,2026-06-14,1,0,2,2,0,top_positive_label|extreme_relative_label|large_mv_impact|category_other|overlap_dirty_p20,优先人工重分类
74,300098|2024-05-18|其他,高新兴,300098,2024-05-18,关于控股子公司进入创新层的提示性公告,其他,reclassified,1,0,产品/技术创新,大致确定,无特殊备注,user_numeric_review,2026-06-14,1,0,4,2,0,top_positive_label|extreme_relative_label|large_mv_impact|category_other|overlap_dirty_p20,优先人工重分类
75,300590|2019-10-28|其他,移为通信,300590,2019-10-28,第二届董事会第二十次会议决议公告,其他,noise,0,1,纯流程/其他,很确定,无特殊备注,user_numeric_review,2026-06-14,0,1,9,1,0,category_other|subject_company|overlap_dirty_p20,优先人工重分类
76,300098|2021-07-09|其他,高新兴,300098,2021-07-09,高新兴科技集团股份有限公司章程修正案(2021年7月),其他,noise,0,1,纯流程/其他,很确定,无特殊备注,user_numeric_review,2026-06-14,0,1,9,1,0,top_negative_label|extreme_relative_label|large_mv_impact|category_other|overlap_dirty_p20,优先人工重分类
77,603236|2025-01-23|其他,移远通信,603236,2025-01-23,关于控股股东权益变动的提示性公告,其他,reclassified,1,0,资本动作,大致确定,无特殊备注,user_numeric_review,2026-06-14,1,0,2,2,0,top_negative_label|large_mv_impact|category_other|overlap_dirty_p20,优先人工重分类
78,300638|2021-06-05|其他,广和通,300638,2021-06-05,第二届监事会第二十九次会议决议公告,其他,noise,0,1,纯流程/其他,很确定,无特殊备注,user_numeric_review,2026-06-14,0,1,9,1,0,extreme_relative_label|large_mv_impact|category_other|overlap_dirty_p20,优先人工重分类
79,603236|2020-04-15|其他,移远通信,603236,2020-04-15,:移远通信关于公司2019年度利润分配及资本公积金转增股本方案的公告,其他,reclassified,1,0,资本动作,很确定,无特殊备注,user_numeric_review,2026-06-14,1,0,2,1,0,extreme_relative_label|large_mv_impact|category_other|overlap_dirty_p20,优先人工重分类
80,002313|2013-05-18|其他,日海智能,2313,2013-05-18,日海通讯:简式权益变动报告书(2013-5-18),其他,reclassified,1,0,资本动作,大致确定,无特殊备注,user_numeric_review,2026-06-14,1,0,2,2,0,top_negative_label|extreme_relative_label|large_mv_impact|category_other|overlap_dirty_p20,优先人工重分类
81,002313|2013-05-17|其他,日海智能,2313,2013-05-17,日海通讯:第二届监事会第二十三次会议决议公告,其他,noise,0,1,纯流程/其他,很确定,无特殊备注,user_numeric_review,2026-06-14,0,1,9,1,0,top_negative_label|extreme_relative_label|large_mv_impact|category_other|overlap_dirty_p20,优先人工重分类
82,603236|2019-09-17|其他,移远通信,603236,2019-09-17,:移远通信2019年第三次临时股东大会的法律意见书,其他,noise,0,1,纯流程/其他,很确定,无特殊备注,user_numeric_review,2026-06-14,0,1,9,1,0,large_mv_impact|category_other|overlap_dirty_p20,优先人工重分类
83,300098|2015-07-01|其他,高新兴,300098,2015-07-01,关于收到《中国证监会行政许可申请受理通知书》的公告,其他,reclassified,1,0,风险事件,很确定,无特殊备注,user_numeric_review,2026-06-14,1,0,7,1,0,extreme_relative_label|large_mv_impact|category_other|overlap_dirty_p20,优先人工重分类
84,300098|2017-04-15|其他,高新兴,300098,2017-04-15,关于使用部分暂时闲置自有资金进行现金管理的实施公告,其他,reclassified,1,0,资本动作,大致确定,无特殊备注,user_numeric_review,2026-06-14,1,0,2,2,0,top_negative_label|extreme_relative_label|large_mv_impact|category_other|overlap_dirty_p20,优先人工重分类
85,300098|2020-01-11|其他,高新兴,300098,2020-01-11,关于为全资子公司申请银行授信提供担保的公告,其他,reclassified,1,0,资本动作,大致确定,无特殊备注,user_numeric_review,2026-06-14,1,0,2,2,0,top_negative_label|large_mv_impact|category_other|overlap_dirty_p20,优先人工重分类
86,002313|2012-08-10|其他,日海智能,2313,2012-08-10,日海通讯：第二届董事会第二十四次会议决议公告,其他,noise,0,1,纯流程/其他,很确定,无特殊备注,user_numeric_review,2026-06-14,0,1,9,1,0,top_negative_label|extreme_relative_label|large_mv_impact|category_other|overlap_dirty_p20,优先人工重分类
87,603236|2021-04-20|其他,移远通信,603236,2021-04-20,:关于召开2020年年度股东大会的通知,其他,noise,0,1,纯流程/其他,很确定,无特殊备注,user_numeric_review,2026-06-14,0,1,9,1,0,large_mv_impact|category_other|overlap_dirty_p20,优先人工重分类
88,300098|2024-05-31|其他,高新兴,300098,2024-05-31,关于召开2024年第一次临时股东大会通知的提示性公告,其他,noise,0,1,纯流程/其他,很确定,无特殊备注,user_numeric_review,2026-06-14,0,1,9,1,0,top_positive_label|extreme_relative_label|large_mv_impact|category_other|overlap_dirty_p20,优先人工重分类
89,300638|2020-10-20|其他,广和通,300638,2020-10-20,关于部分募集资金专项账户销户完成的公告,其他,reclassified,1,0,资本动作,大致确定,无特殊备注,user_numeric_review,2026-06-14,1,0,2,2,0,top_negative_label|large_mv_impact|category_other|overlap_dirty_p20,优先人工重分类
90,300590|2017-04-19|其他,移为通信,300590,2017-04-19,关于召开2016年年度股东大会通知的更正公告,其他,noise,0,1,纯流程/其他,很确定,无特殊备注,user_numeric_review,2026-06-14,0,1,9,1,0,category_other|subject_company|overlap_dirty_p20,优先人工重分类
91,300098|2016-12-08|其他,高新兴,300098,2016-12-08,关于召开2016年第六次临时股东大会的提示性公告,其他,noise,0,1,纯流程/其他,很确定,无特殊备注,user_numeric_review,2026-06-14,0,1,9,1,0,top_negative_label|large_mv_impact|category_other|overlap_dirty_p20,优先人工重分类
92,300098|2017-01-18|其他,高新兴,300098,2017-01-18,关于收到PPP项目成交通知书的公告(2017/1/18),其他,reclassified,1,0,客户/订单,很确定,无特殊备注,user_numeric_review,2026-06-14,1,0,5,1,0,top_negative_label|large_mv_impact|category_other|overlap_dirty_p20,优先人工重分类
93,300098|2017-01-14|其他,高新兴,300098,2017-01-14,关于使用部分暂时闲置自有资金进行现金管理的实施公告,其他,reclassified,1,0,资本动作,大致确定,无特殊备注,user_numeric_review,2026-06-14,1,0,2,2,0,top_negative_label|large_mv_impact|category_other|overlap_dirty_p20,优先人工重分类
94,300098|2017-01-13|其他,高新兴,300098,2017-01-13,关于收到PPP项目成交通知书的公告(2017/1/13),其他,reclassified,1,0,客户/订单,很确定,无特殊备注,user_numeric_review,2026-06-14,1,0,5,1,0,top_negative_label|large_mv_impact|category_other|overlap_dirty_p20,优先人工重分类
95,300098|2017-01-06|其他,高新兴,300098,2017-01-06,关于召开2017年第一次临时股东大会的提示性公告,其他,noise,0,1,纯流程/其他,很确定,无特殊备注,user_numeric_review,2026-06-14,0,1,9,1,0,top_negative_label|large_mv_impact|category_other|overlap_dirty_p20,优先人工重分类
96,300098|2016-11-17|其他,高新兴,300098,2016-11-17,广发证券股份有限公司关于公司发行股份及支付现金购买资产并募集配套资金暨关联交易限售股份上市流通事项的核查意见,其他,reclassified,1,0,资本动作,大致确定,标题像流程公告，但可能包含重大事项,user_numeric_review,2026-06-14,1,0,2,2,3,top_negative_label|large_mv_impact|category_other|overlap_dirty_p20,优先人工重分类
97,300098|2016-12-13|其他,高新兴,300098,2016-12-13,2016年第六次临时股东大会决议公告,其他,noise,0,1,纯流程/其他,很确定,无特殊备注,user_numeric_review,2026-06-14,0,1,9,1,0,top_negative_label|large_mv_impact|category_other|overlap_dirty_p20,优先人工重分类
98,300098|2017-01-21|其他,高新兴,300098,2017-01-21,第四届董事会第七次会议决议的公告,其他,noise,0,1,纯流程/其他,很确定,无特殊备注,user_numeric_review,2026-06-14,0,1,9,1,0,top_negative_label|large_mv_impact|category_other|overlap_dirty_p20,优先人工重分类
99,300098|2016-12-01|其他,高新兴,300098,2016-12-01,关于受让深圳市中兴物联科技有限公司11.43%股权的公告,其他,reclassified,1,0,资本动作,很确定,无特殊备注,user_numeric_review,2026-06-14,1,0,2,1,0,top_negative_label|large_mv_impact|category_other|overlap_dirty_p20,优先人工重分类
100,300098|2016-12-27|其他,高新兴,300098,2016-12-27,关于PPP项目预成交的提示性公告,其他,reclassified,1,0,客户/订单,大致确定,无特殊备注,user_numeric_review,2026-06-14,1,0,5,2,0,top_negative_label|large_mv_impact|category_other|overlap_dirty_p20,优先人工重分类
