ts_code,end_date,pledge_count,unrest_pledge,rest_pledge,total_share,pledge_ratio
300101.SZ,20260612,0,0.0,0.0,56790.57,0.0
300101.SZ,20260605,0,0.0,0.0,56790.57,0.0
300101.SZ,20260529,0,0.0,0.0,56790.57,0.0
300101.SZ,20260522,0,0.0,0.0,56790.57,0.0
300101.SZ,20260515,0,0.0,0.0,56790.57,0.0
300101.SZ,20260508,0,0.0,0.0,56790.57,0.0
300101.SZ,20260430,0,0.0,0.0,56790.57,0.0
300101.SZ,20260424,0,0.0,0.0,56790.57,0.0
300101.SZ,20260417,0,0.0,0.0,56790.57,0.0
300101.SZ,20260410,0,0.0,0.0,56790.57,0.0
300101.SZ,20260403,0,0.0,0.0,56790.57,0.0
300101.SZ,20260327,0,0.0,0.0,56790.57,0.0
300101.SZ,20260320,0,0.0,0.0,56790.57,0.0
300101.SZ,20260313,0,0.0,0.0,56790.57,0.0
300101.SZ,20260306,0,0.0,0.0,56790.57,0.0
300101.SZ,20260227,0,0.0,0.0,56790.57,0.0
300101.SZ,20260213,0,0.0,0.0,56790.57,0.0
300101.SZ,20260206,0,0.0,0.0,56790.57,0.0
300101.SZ,20260130,0,0.0,0.0,56790.57,0.0
300101.SZ,20260123,0,0.0,0.0,56790.57,0.0
300101.SZ,20260116,0,0.0,0.0,56790.57,0.0
300101.SZ,20260109,0,0.0,0.0,56790.57,0.0
300101.SZ,20251231,0,0.0,0.0,56790.57,0.0
300101.SZ,20251226,0,0.0,0.0,56790.57,0.0
300101.SZ,20251219,0,0.0,0.0,56790.57,0.0
300101.SZ,20251212,0,0.0,0.0,56790.57,0.0
300101.SZ,20251205,0,0.0,0.0,56790.57,0.0
300101.SZ,20251129,0,0.0,0.0,56790.57,0.0
300101.SZ,20251128,0,0.0,0.0,56790.57,0.0
300101.SZ,20251121,0,0.0,0.0,56790.57,0.0
300101.SZ,20251115,0,0.0,0.0,56790.57,0.0
300101.SZ,20251114,0,0.0,0.0,56790.57,0.0
300101.SZ,20251107,0,0.0,0.0,56790.57,0.0
300101.SZ,20251031,0,0.0,0.0,56790.57,0.0
300101.SZ,20251024,0,0.0,0.0,56790.57,0.0
300101.SZ,20251017,0,0.0,0.0,56790.57,0.0
300101.SZ,20251010,0,0.0,0.0,56790.57,0.0
300101.SZ,20250930,0,0.0,0.0,56790.57,0.0
300101.SZ,20250926,0,0.0,0.0,56790.57,0.0
300101.SZ,20250919,0,0.0,0.0,56790.57,0.0
300101.SZ,20250912,0,0.0,0.0,56790.57,0.0
300101.SZ,20250905,0,0.0,0.0,56790.57,0.0
300101.SZ,20250829,0,0.0,0.0,56790.57,0.0
300101.SZ,20250822,0,0.0,0.0,56790.57,0.0
300101.SZ,20250815,0,0.0,0.0,56790.57,0.0
300101.SZ,20250808,0,0.0,0.0,56790.57,0.0
300101.SZ,20250801,0,0.0,0.0,56790.57,0.0
300101.SZ,20250725,0,0.0,0.0,56790.57,0.0
300101.SZ,20250718,0,0.0,0.0,56790.57,0.0
300101.SZ,20250711,0,0.0,0.0,56790.57,0.0
300101.SZ,20250704,0,0.0,0.0,56790.57,0.0
300101.SZ,20250627,0,0.0,0.0,56790.57,0.0
300101.SZ,20250620,0,0.0,0.0,56790.57,0.0
300101.SZ,20250613,0,0.0,0.0,56790.57,0.0
300101.SZ,20250606,0,0.0,0.0,56790.57,0.0
300101.SZ,20250530,0,0.0,0.0,56790.57,0.0
300101.SZ,20250523,0,0.0,0.0,56790.57,0.0
300101.SZ,20250516,0,0.0,0.0,56790.57,0.0
300101.SZ,20250509,0,0.0,0.0,56790.57,0.0
300101.SZ,20250430,0,0.0,0.0,56790.57,0.0
300101.SZ,20250425,0,0.0,0.0,56790.57,0.0
300101.SZ,20250418,0,0.0,0.0,56790.57,0.0
300101.SZ,20250411,0,0.0,0.0,56790.57,0.0
300101.SZ,20250403,0,0.0,0.0,56790.57,0.0
300101.SZ,20250328,0,0.0,0.0,56790.57,0.0
300101.SZ,20250321,0,0.0,0.0,56790.57,0.0
300101.SZ,20250314,0,0.0,0.0,56790.57,0.0
300101.SZ,20250307,0,0.0,0.0,56790.57,0.0
300101.SZ,20250228,0,0.0,0.0,56790.57,0.0
300101.SZ,20250221,0,0.0,0.0,56790.57,0.0
300101.SZ,20250214,0,0.0,0.0,56790.57,0.0
300101.SZ,20250207,0,0.0,0.0,56790.57,0.0
300101.SZ,20250127,0,0.0,0.0,56790.57,0.0
300101.SZ,20250124,0,0.0,0.0,56790.57,0.0
300101.SZ,20250117,0,0.0,0.0,56790.57,0.0
300101.SZ,20250110,0,0.0,0.0,56790.57,0.0
300101.SZ,20250103,0,0.0,0.0,56790.57,0.0
300101.SZ,20241227,0,0.0,0.0,56790.57,0.0
300101.SZ,20241220,0,0.0,0.0,56790.57,0.0
300101.SZ,20241213,0,0.0,0.0,56790.57,0.0
300101.SZ,20241206,0,0.0,0.0,56790.57,0.0
300101.SZ,20241129,0,0.0,0.0,56790.57,0.0
300101.SZ,20241122,0,0.0,0.0,56454.6,0.0
300101.SZ,20241115,0,0.0,0.0,56454.6,0.0
300101.SZ,20241108,0,0.0,0.0,56454.6,0.0
300101.SZ,20241101,0,0.0,0.0,56454.6,0.0
300101.SZ,20241025,0,0.0,0.0,56454.6,0.0
300101.SZ,20241018,0,0.0,0.0,56454.6,0.0
300101.SZ,20241011,0,0.0,0.0,56454.6,0.0
300101.SZ,20240930,0,0.0,0.0,56454.6,0.0
300101.SZ,20240927,0,0.0,0.0,56454.6,0.0
300101.SZ,20240920,0,0.0,0.0,56454.6,0.0
300101.SZ,20240913,0,0.0,0.0,56454.6,0.0
300101.SZ,20240906,0,0.0,0.0,56454.6,0.0
300101.SZ,20240830,0,0.0,0.0,56454.6,0.0
300101.SZ,20240823,0,0.0,0.0,56454.6,0.0
300101.SZ,20240816,0,0.0,0.0,56454.6,0.0
300101.SZ,20240809,0,0.0,0.0,56454.6,0.0
300101.SZ,20240802,0,0.0,0.0,56454.6,0.0
300101.SZ,20240726,0,0.0,0.0,56454.6,0.0
300101.SZ,20240719,0,0.0,0.0,56454.6,0.0
300101.SZ,20240712,0,0.0,0.0,56454.6,0.0
300101.SZ,20240705,0,0.0,0.0,56454.6,0.0
300101.SZ,20240628,0,0.0,0.0,56454.6,0.0
300101.SZ,20240621,0,0.0,0.0,56454.6,0.0
300101.SZ,20240614,0,0.0,0.0,56454.6,0.0
300101.SZ,20240607,0,0.0,0.0,56454.6,0.0
300101.SZ,20240531,0,0.0,0.0,56454.6,0.0
300101.SZ,20240524,0,0.0,0.0,56454.6,0.0
300101.SZ,20240517,0,0.0,0.0,56454.6,0.0
300101.SZ,20240510,0,0.0,0.0,56454.6,0.0
300101.SZ,20240430,0,0.0,0.0,56454.6,0.0
300101.SZ,20240426,0,0.0,0.0,56454.6,0.0
300101.SZ,20240419,0,0.0,0.0,56454.6,0.0
300101.SZ,20240412,0,0.0,0.0,56454.6,0.0
300101.SZ,20240403,0,0.0,0.0,56454.6,0.0
300101.SZ,20240329,0,0.0,0.0,56454.6,0.0
300101.SZ,20240322,0,0.0,0.0,56454.6,0.0
300101.SZ,20240315,0,0.0,0.0,56454.6,0.0
300101.SZ,20240308,0,0.0,0.0,56454.6,0.0
300101.SZ,20240301,0,0.0,0.0,56454.6,0.0
300101.SZ,20240223,0,0.0,0.0,56454.6,0.0
300101.SZ,20240208,0,0.0,0.0,56454.6,0.0
300101.SZ,20240202,0,0.0,0.0,56454.6,0.0
300101.SZ,20240126,0,0.0,0.0,56454.6,0.0
300101.SZ,20240119,0,0.0,0.0,56454.6,0.0
300101.SZ,20240112,0,0.0,0.0,56454.6,0.0
300101.SZ,20240105,0,0.0,0.0,56454.6,0.0
300101.SZ,20231229,0,0.0,0.0,56454.6,0.0
300101.SZ,20231222,0,0.0,0.0,56454.6,0.0
300101.SZ,20231215,0,0.0,0.0,56454.6,0.0
300101.SZ,20231208,0,0.0,0.0,56454.6,0.0
300101.SZ,20231201,0,0.0,0.0,56454.6,0.0
300101.SZ,20231124,0,0.0,0.0,56454.6,0.0
300101.SZ,20231117,0,0.0,0.0,56454.6,0.0
300101.SZ,20231110,0,0.0,0.0,56454.6,0.0
300101.SZ,20231103,0,0.0,0.0,56454.6,0.0
300101.SZ,20231027,0,0.0,0.0,56454.6,0.0
300101.SZ,20231020,0,0.0,0.0,56454.6,0.0
300101.SZ,20231013,0,0.0,0.0,56454.6,0.0
300101.SZ,20230928,0,0.0,0.0,56454.6,0.0
300101.SZ,20230922,0,0.0,0.0,56454.6,0.0
300101.SZ,20230915,0,0.0,0.0,56454.6,0.0
300101.SZ,20230908,0,0.0,0.0,56454.6,0.0
300101.SZ,20230901,0,0.0,0.0,56454.6,0.0
300101.SZ,20230825,0,0.0,0.0,56454.6,0.0
300101.SZ,20230818,0,0.0,0.0,56454.6,0.0
300101.SZ,20230811,0,0.0,0.0,56454.6,0.0
300101.SZ,20230804,0,0.0,0.0,56454.6,0.0
300101.SZ,20230728,0,0.0,0.0,56454.6,0.0
300101.SZ,20230721,0,0.0,0.0,56454.6,0.0
300101.SZ,20230714,0,0.0,0.0,56454.6,0.0
300101.SZ,20230707,0,0.0,0.0,56454.6,0.0
300101.SZ,20230630,0,0.0,0.0,56454.6,0.0
300101.SZ,20230621,0,0.0,0.0,56454.6,0.0
300101.SZ,20230616,0,0.0,0.0,56454.6,0.0
300101.SZ,20230609,0,0.0,0.0,56454.6,0.0
300101.SZ,20230602,0,0.0,0.0,56454.6,0.0
300101.SZ,20230526,0,0.0,0.0,56454.6,0.0
300101.SZ,20230519,0,0.0,0.0,56454.6,0.0
300101.SZ,20230512,0,0.0,0.0,56454.6,0.0
300101.SZ,20230505,0,0.0,0.0,56454.6,0.0
300101.SZ,20230428,0,0.0,0.0,56454.6,0.0
300101.SZ,20230421,0,0.0,0.0,56454.6,0.0
300101.SZ,20230414,0,0.0,0.0,56454.6,0.0
300101.SZ,20230407,0,0.0,0.0,56454.6,0.0
300101.SZ,20230331,0,0.0,0.0,56454.6,0.0
300101.SZ,20230324,0,0.0,0.0,56454.6,0.0
300101.SZ,20230317,0,0.0,0.0,56454.6,0.0
300101.SZ,20230310,0,0.0,0.0,56454.6,0.0
300101.SZ,20230303,0,0.0,0.0,56454.6,0.0
300101.SZ,20230224,0,0.0,0.0,56454.6,0.0
300101.SZ,20230217,0,0.0,0.0,56454.6,0.0
300101.SZ,20230210,0,0.0,0.0,56454.6,0.0
300101.SZ,20230203,0,0.0,0.0,56454.6,0.0
300101.SZ,20230120,0,0.0,0.0,56454.6,0.0
300101.SZ,20230113,0,0.0,0.0,56454.6,0.0
300101.SZ,20230106,0,0.0,0.0,56006.6,0.0
300101.SZ,20221230,0,0.0,0.0,56006.6,0.0
300101.SZ,20221223,0,0.0,0.0,56006.6,0.0
300101.SZ,20221216,0,0.0,0.0,56006.6,0.0
300101.SZ,20221209,0,0.0,0.0,56006.6,0.0
300101.SZ,20221202,0,0.0,0.0,56006.6,0.0
300101.SZ,20221125,0,0.0,0.0,56006.6,0.0
300101.SZ,20221118,0,0.0,0.0,56006.6,0.0
300101.SZ,20221111,0,0.0,0.0,56006.6,0.0
300101.SZ,20221104,0,0.0,0.0,56006.6,0.0
300101.SZ,20221028,0,0.0,0.0,56006.6,0.0
300101.SZ,20221021,0,0.0,0.0,56006.6,0.0
300101.SZ,20221014,0,0.0,0.0,56006.6,0.0
300101.SZ,20220930,0,0.0,0.0,56006.6,0.0
300101.SZ,20220923,0,0.0,0.0,56006.6,0.0
300101.SZ,20220916,0,0.0,0.0,56006.6,0.0
300101.SZ,20220909,0,0.0,0.0,56006.6,0.0
300101.SZ,20220902,0,0.0,0.0,56006.6,0.0
300101.SZ,20220826,0,0.0,0.0,56006.6,0.0
300101.SZ,20220819,0,0.0,0.0,56006.6,0.0
300101.SZ,20220812,0,0.0,0.0,56006.6,0.0
300101.SZ,20220805,0,0.0,0.0,56006.6,0.0
300101.SZ,20220729,0,0.0,0.0,56006.6,0.0
300101.SZ,20220722,0,0.0,0.0,56006.6,0.0
300101.SZ,20220715,0,0.0,0.0,56006.6,0.0
300101.SZ,20220708,0,0.0,0.0,56006.6,0.0
300101.SZ,20220701,0,0.0,0.0,56006.6,0.0
300101.SZ,20220624,0,0.0,0.0,56006.6,0.0
300101.SZ,20220617,0,0.0,0.0,56006.6,0.0
300101.SZ,20220610,0,0.0,0.0,56006.6,0.0
300101.SZ,20220602,0,0.0,0.0,56006.6,0.0
300101.SZ,20220527,0,0.0,0.0,56006.6,0.0
300101.SZ,20220520,0,0.0,0.0,56006.6,0.0
300101.SZ,20220513,0,0.0,0.0,56006.6,0.0
300101.SZ,20220506,0,0.0,0.0,56006.6,0.0
300101.SZ,20220429,0,0.0,0.0,56006.6,0.0
300101.SZ,20220422,0,0.0,0.0,56006.6,0.0
300101.SZ,20220415,0,0.0,0.0,56006.6,0.0
300101.SZ,20220408,0,0.0,0.0,56006.6,0.0
300101.SZ,20220401,0,0.0,0.0,56006.6,0.0
300101.SZ,20220325,0,0.0,0.0,56006.6,0.0
300101.SZ,20220318,0,0.0,0.0,56006.6,0.0
300101.SZ,20220311,0,0.0,0.0,56006.6,0.0
300101.SZ,20220304,0,0.0,0.0,56006.6,0.0
300101.SZ,20220225,0,0.0,0.0,56006.6,0.0
300101.SZ,20220218,0,0.0,0.0,56006.6,0.0
300101.SZ,20220211,0,0.0,0.0,56006.6,0.0
300101.SZ,20220128,0,0.0,0.0,56006.6,0.0
300101.SZ,20220121,0,0.0,0.0,56006.6,0.0
300101.SZ,20220114,0,0.0,0.0,56006.6,0.0
300101.SZ,20220107,0,0.0,0.0,56006.6,0.0
300101.SZ,20211231,0,0.0,0.0,56006.6,0.0
300101.SZ,20211224,0,0.0,0.0,56006.6,0.0
300101.SZ,20211217,0,0.0,0.0,56006.6,0.0
300101.SZ,20211210,0,0.0,0.0,56006.6,0.0
300101.SZ,20211203,0,0.0,0.0,56006.6,0.0
300101.SZ,20211126,0,0.0,0.0,56006.6,0.0
300101.SZ,20211119,0,0.0,0.0,56006.6,0.0
300101.SZ,20211112,0,0.0,0.0,56006.6,0.0
300101.SZ,20211105,0,0.0,0.0,56006.6,0.0
300101.SZ,20211029,0,0.0,0.0,56006.6,0.0
300101.SZ,20211022,0,0.0,0.0,56006.6,0.0
300101.SZ,20211015,0,0.0,0.0,56006.6,0.0
300101.SZ,20211008,0,0.0,0.0,55849.2,0.0
300101.SZ,20210930,0,0.0,0.0,55849.2,0.0
300101.SZ,20210924,0,0.0,0.0,55849.2,0.0
300101.SZ,20210917,0,0.0,0.0,55849.2,0.0
300101.SZ,20210910,0,0.0,0.0,55849.2,0.0
300101.SZ,20210903,0,0.0,0.0,55849.2,0.0
300101.SZ,20210827,0,0.0,0.0,55734.0,0.0
300101.SZ,20210820,0,0.0,0.0,55734.0,0.0
300101.SZ,20210813,0,0.0,0.0,55734.0,0.0
300101.SZ,20210806,0,0.0,0.0,55734.0,0.0
300101.SZ,20210730,0,0.0,0.0,55734.0,0.0
300101.SZ,20210723,0,0.0,0.0,55734.0,0.0
300101.SZ,20210716,0,0.0,0.0,55734.0,0.0
300101.SZ,20210709,0,0.0,0.0,55734.0,0.0
300101.SZ,20210702,0,0.0,0.0,55734.0,0.0
300101.SZ,20210625,0,0.0,0.0,55734.0,0.0
300101.SZ,20210618,0,0.0,0.0,55734.0,0.0
300101.SZ,20210611,0,0.0,0.0,55734.0,0.0
300101.SZ,20210604,0,0.0,0.0,55734.0,0.0
300101.SZ,20210528,0,0.0,0.0,55734.0,0.0
300101.SZ,20210521,0,0.0,0.0,55734.0,0.0
300101.SZ,20210514,0,0.0,0.0,55734.0,0.0
300101.SZ,20210507,0,0.0,0.0,55734.0,0.0
300101.SZ,20210430,0,0.0,0.0,55734.0,0.0
300101.SZ,20210423,0,0.0,0.0,55734.0,0.0
300101.SZ,20210416,0,0.0,0.0,55734.0,0.0
300101.SZ,20210409,0,0.0,0.0,55734.0,0.0
300101.SZ,20210402,0,0.0,0.0,55734.0,0.0
300101.SZ,20210326,0,0.0,0.0,55734.0,0.0
300101.SZ,20210319,0,0.0,0.0,55734.0,0.0
300101.SZ,20210312,0,0.0,0.0,55734.0,0.0
300101.SZ,20210305,0,0.0,0.0,55734.0,0.0
300101.SZ,20210226,0,0.0,0.0,55734.0,0.0
300101.SZ,20210219,0,0.0,0.0,55734.0,0.0
300101.SZ,20210210,0,0.0,0.0,55734.0,0.0
300101.SZ,20210205,0,0.0,0.0,55734.0,0.0
300101.SZ,20210129,0,0.0,0.0,55734.0,0.0
300101.SZ,20210122,0,0.0,0.0,55734.0,0.0
300101.SZ,20210115,0,0.0,0.0,55734.0,0.0
300101.SZ,20210108,0,0.0,0.0,55734.0,0.0
300101.SZ,20201231,0,0.0,0.0,55734.0,0.0
300101.SZ,20201225,0,0.0,0.0,55734.0,0.0
300101.SZ,20201218,0,0.0,0.0,55734.0,0.0
300101.SZ,20201211,0,0.0,0.0,55734.0,0.0
300101.SZ,20201204,0,0.0,0.0,55734.0,0.0
300101.SZ,20201127,0,0.0,0.0,55734.0,0.0
300101.SZ,20201120,0,0.0,0.0,55734.0,0.0
300101.SZ,20201113,0,0.0,0.0,55734.0,0.0
300101.SZ,20201106,0,0.0,0.0,55734.0,0.0
300101.SZ,20201030,0,0.0,0.0,55734.0,0.0
300101.SZ,20201023,0,0.0,0.0,55734.0,0.0
300101.SZ,20201016,0,0.0,0.0,55734.0,0.0
300101.SZ,20201009,0,0.0,0.0,55734.0,0.0
300101.SZ,20200930,0,0.0,0.0,55734.0,0.0
300101.SZ,20200925,0,0.0,0.0,55734.0,0.0
300101.SZ,20200918,0,0.0,0.0,55734.0,0.0
300101.SZ,20200911,0,0.0,0.0,55834.5,0.0
300101.SZ,20200904,0,0.0,0.0,55834.5,0.0
300101.SZ,20200828,0,0.0,0.0,55834.5,0.0
300101.SZ,20200821,0,0.0,0.0,55834.5,0.0
300101.SZ,20200814,0,0.0,0.0,55834.5,0.0
300101.SZ,20200807,0,0.0,0.0,55834.5,0.0
300101.SZ,20200731,0,0.0,0.0,55834.5,0.0
300101.SZ,20200724,2,750.0,0.0,55834.5,1.34
300101.SZ,20200717,4,1238.0,0.0,55834.5,2.22
300101.SZ,20200710,4,1238.0,0.0,55834.5,2.22
300101.SZ,20200703,4,1238.0,0.0,55834.5,2.22
300101.SZ,20200624,4,1238.0,0.0,55834.5,2.22
300101.SZ,20200619,4,1238.0,0.0,55834.5,2.22
300101.SZ,20200612,4,1238.0,0.0,55834.5,2.22
300101.SZ,20200605,4,1238.0,0.0,55834.5,2.22
300101.SZ,20200529,4,1238.0,0.0,55834.5,2.22
300101.SZ,20200522,4,1238.0,0.0,55834.5,2.22
300101.SZ,20200515,4,1238.0,0.0,55834.5,2.22
300101.SZ,20200508,4,1238.0,0.0,55834.5,2.22
300101.SZ,20200430,4,1238.0,0.0,55834.5,2.22
300101.SZ,20200424,4,1238.0,0.0,55834.5,2.22
300101.SZ,20200417,4,1238.0,0.0,55834.5,2.22
300101.SZ,20200410,4,1238.0,0.0,55834.5,2.22
300101.SZ,20200403,4,1238.0,0.0,55834.5,2.22
300101.SZ,20200403,4,1238.0,0.0,55834.5,2.22
300101.SZ,20200327,4,1238.0,0.0,55834.5,2.22
300101.SZ,20200320,4,1238.0,0.0,55834.5,2.22
300101.SZ,20200313,4,1238.0,0.0,55834.5,2.22
300101.SZ,20200306,4,1238.0,0.0,55834.5,2.22
300101.SZ,20200228,4,1238.0,0.0,55834.5,2.22
300101.SZ,20200221,4,1238.0,0.0,55834.5,2.22
300101.SZ,20200214,4,1238.0,0.0,55834.5,2.22
300101.SZ,20200207,4,1238.0,0.0,55834.5,2.22
300101.SZ,20200123,4,1238.0,0.0,55834.5,2.22
300101.SZ,20200117,4,1238.0,0.0,55834.5,2.22
300101.SZ,20200110,4,1238.0,0.0,55834.5,2.22
300101.SZ,20200103,5,1238.1,0.0,55834.5,2.22
300101.SZ,20191227,5,1238.1,0.0,55834.5,2.22
300101.SZ,20191220,5,1238.1,0.0,55834.5,2.22
300101.SZ,20191213,5,1238.1,0.0,55834.5,2.22
300101.SZ,20191206,5,1238.1,0.0,55834.5,2.22
300101.SZ,20191129,5,1238.1,0.0,55834.5,2.22
300101.SZ,20191122,5,1238.1,0.0,55834.5,2.22
300101.SZ,20191115,5,1238.1,0.0,55834.5,2.22
300101.SZ,20191108,5,1238.1,0.0,55834.5,2.22
300101.SZ,20191101,5,1238.1,0.0,55834.5,2.22
300101.SZ,20191025,5,1238.1,0.0,55834.5,2.22
300101.SZ,20191018,5,1238.1,0.0,55834.5,2.22
300101.SZ,20191011,5,1238.1,0.0,55834.5,2.22
300101.SZ,20190930,5,1238.1,0.0,55834.5,2.22
300101.SZ,20190927,5,1238.1,0.0,55834.5,2.22
300101.SZ,20190920,5,1238.1,0.0,55834.5,2.22
300101.SZ,20190912,5,1238.1,0.0,55834.5,2.22
300101.SZ,20190906,5,1238.1,0.0,55834.5,2.22
300101.SZ,20190830,5,1238.1,0.0,55834.5,2.22
300101.SZ,20190823,4,1196.1,0.0,55834.5,2.14
300101.SZ,20190816,2,230.61,0.0,55834.5,0.41
300101.SZ,20190816,2,230.61,0.0,55834.5,0.41
300101.SZ,20190809,4,2230.1,0.0,55834.5,3.99
300101.SZ,20190802,4,2230.1,0.0,55935.0,3.99
300101.SZ,20190726,4,2230.1,0.0,55935.0,3.99
300101.SZ,20190719,4,2230.1,0.0,55935.0,3.99
300101.SZ,20190712,4,2230.1,0.0,55935.0,3.99
300101.SZ,20190705,4,2230.1,0.0,55935.0,3.99
300101.SZ,20190628,4,2230.1,0.0,55935.0,3.99
300101.SZ,20190621,4,2230.1,0.0,55935.0,3.99
300101.SZ,20190614,4,2230.1,0.0,55935.0,3.99
300101.SZ,20190606,6,2230.12,0.0,55935.0,3.99
300101.SZ,20190531,6,2230.12,0.0,55935.0,3.99
300101.SZ,20190524,6,2230.12,0.0,55935.0,3.99
300101.SZ,20190517,6,2230.12,0.0,55935.0,3.99
300101.SZ,20190510,9,2718.12,0.0,55935.0,4.86
300101.SZ,20190430,9,2718.12,0.0,55935.0,4.86
300101.SZ,20190426,9,2718.12,0.0,55935.0,4.86
300101.SZ,20190419,9,2718.12,0.0,55935.0,4.86
300101.SZ,20190412,9,2718.12,0.0,55935.0,4.86
300101.SZ,20190404,9,2718.12,0.0,55935.0,4.86
300101.SZ,20190329,9,2718.12,0.0,55935.0,4.86
300101.SZ,20190322,9,2718.12,0.0,55935.0,4.86
300101.SZ,20190315,9,2718.12,0.0,55935.0,4.86
300101.SZ,20190308,9,2718.12,0.0,55935.0,4.86
300101.SZ,20190301,9,2718.12,0.0,55935.0,4.86
300101.SZ,20190222,9,2718.12,0.0,55935.0,4.86
300101.SZ,20190215,9,2718.12,0.0,55935.0,4.86
300101.SZ,20190201,10,2718.2,0.0,55935.0,4.86
300101.SZ,20190125,10,2718.2,0.0,55935.0,4.86
300101.SZ,20190118,10,2718.2,0.0,55935.0,4.86
300101.SZ,20190111,10,2718.2,0.0,55935.0,4.86
300101.SZ,20190104,10,2718.2,0.0,55935.0,4.86
300101.SZ,20181228,10,2718.2,0.0,55935.0,4.86
300101.SZ,20181221,11,2718.34,0.0,55935.0,4.86
300101.SZ,20181214,11,2718.34,0.0,55935.0,4.86
300101.SZ,20181207,11,2718.34,0.0,55935.0,4.86
300101.SZ,20181130,11,2718.34,0.0,55935.0,4.86
300101.SZ,20181123,11,2718.34,0.0,55935.0,4.86
300101.SZ,20181116,12,2718.51,0.0,55935.0,4.86
300101.SZ,20181109,14,2718.63,0.0,55935.0,4.86
300101.SZ,20181102,17,2718.8,0.0,55935.0,4.86
300101.SZ,20181026,17,2718.8,0.0,55935.0,4.86
300101.SZ,20181019,18,2718.85,0.0,55935.0,4.86
300101.SZ,20181012,17,2718.8,0.0,55935.0,4.86
300101.SZ,20180928,17,2718.69,0.0,55935.0,4.86
300101.SZ,20180921,17,2718.69,0.0,55935.0,4.86
300101.SZ,20180914,17,2718.69,0.0,55935.0,4.86
300101.SZ,20180907,16,2718.64,0.0,55935.0,4.86
300101.SZ,20180831,16,2720.56,0.0,55600.0,4.89
300101.SZ,20180824,16,2720.56,0.0,55600.0,4.89
300101.SZ,20180817,16,2720.56,0.0,55600.0,4.89
300101.SZ,20180810,14,1970.56,0.0,55600.0,3.54
300101.SZ,20180803,16,2670.56,0.0,55600.0,4.8
300101.SZ,20180727,16,2670.56,0.0,55600.0,4.8
300101.SZ,20180720,16,2670.56,0.0,55600.0,4.8
300101.SZ,20180713,16,2670.56,0.0,55600.0,4.8
300101.SZ,20180706,16,3020.56,0.0,55600.0,5.43
300101.SZ,20180629,15,3590.46,0.0,55600.0,6.46
300101.SZ,20180622,17,3605.51,0.0,55600.0,6.48
300101.SZ,20180615,15,3605.37,0.0,55600.0,6.48
300101.SZ,20180608,14,3605.33,0.0,55600.0,6.48
300101.SZ,20180601,15,3605.63,0.0,55600.0,6.48
300101.SZ,20180525,14,3606.19,0.0,55600.0,6.49
300101.SZ,20180518,14,3606.19,0.0,55600.0,6.49
300101.SZ,20180511,15,3607.99,0.0,55600.0,6.49
300101.SZ,20180504,15,3607.99,0.0,55600.0,6.49
300101.SZ,20180427,15,4111.19,0.0,55600.0,7.39
300101.SZ,20180420,15,4111.19,0.0,55600.0,7.39
300101.SZ,20180413,15,4111.19,0.0,55600.0,7.39
300101.SZ,20180404,16,4111.24,0.0,55600.0,7.39
300101.SZ,20180330,17,4111.37,0.0,55600.0,7.39
300101.SZ,20180323,18,4111.77,0.0,55600.0,7.4
300101.SZ,20180316,20,4112.07,0.0,55600.0,7.4
300101.SZ,20180309,22,4113.25,0.0,55600.0,7.4
300101.SZ,20180302,22,4113.25,0.0,55600.0,7.4
300101.SZ,20180223,22,4113.25,0.0,55600.0,7.4
300101.SZ,20180214,22,4113.25,0.0,55600.0,7.4
300101.SZ,20180209,24,5532.25,0.0,55600.0,9.95
300101.SZ,20180202,25,5532.62,0.0,55600.0,9.95
300101.SZ,20180126,25,5532.5,0.0,55600.0,9.95
300101.SZ,20180119,30,5534.68,0.0,55600.0,9.95
300101.SZ,20180112,31,5534.43,0.0,55600.0,9.95
300101.SZ,20180105,30,5534.3,0.0,55600.0,9.95
300101.SZ,20171229,30,5534.97,0.0,55600.0,9.95
300101.SZ,20171222,31,5537.03,0.0,55600.0,9.96
300101.SZ,20171215,31,5537.03,0.0,55600.0,9.96
300101.SZ,20171208,35,5537.72,0.0,55600.0,9.96
300101.SZ,20171201,37,5537.64,0.0,55600.0,9.96
300101.SZ,20171124,37,5537.64,0.0,55600.0,9.96
300101.SZ,20171117,38,5542.35,0.0,55600.0,9.97
300101.SZ,20171110,43,5543.7,0.0,55600.0,9.97
300101.SZ,20171103,44,5544.4,0.0,55600.0,9.97
300101.SZ,20171027,44,5544.41,0.0,55600.0,9.97
300101.SZ,20171020,44,5544.67,0.0,55600.0,9.97
300101.SZ,20171013,40,5543.05,0.0,55600.0,9.97
300101.SZ,20170929,40,5719.67,0.0,55600.0,10.29
300101.SZ,20170922,40,5718.47,0.0,55600.0,10.29
300101.SZ,20170915,38,5719.82,0.0,55600.0,10.29
300101.SZ,20170908,45,5718.13,0.0,55600.0,10.28
300101.SZ,20170901,48,5717.18,0.0,55600.0,10.28
300101.SZ,20170825,54,5725.77,0.0,55600.0,10.3
300101.SZ,20170818,55,2823.92,0.0,55600.0,5.08
300101.SZ,20170811,55,2824.18,0.0,55600.0,5.08
300101.SZ,20170804,63,2836.36,0.0,55600.0,5.1
300101.SZ,20170728,71,2143.96,0.0,55600.0,3.86
300101.SZ,20170721,74,2145.51,0.0,55600.0,3.86
300101.SZ,20170714,78,3528.27,0.0,55600.0,6.35
300101.SZ,20170707,77,3529.22,0.0,55600.0,6.35
300101.SZ,20170630,87,3537.44,0.0,55600.0,6.36
300101.SZ,20170623,89,3526.35,0.0,55600.0,6.34
300101.SZ,20170616,98,3546.96,0.0,55600.0,6.38
300101.SZ,20170609,98,3545.5,0.0,55600.0,6.38
300101.SZ,20170602,100,3568.41,0.0,55600.0,6.42
300101.SZ,20170526,99,3570.35,0.0,55600.0,6.42
300101.SZ,20170519,97,3568.53,0.0,55600.0,6.42
300101.SZ,20170512,100,3569.57,0.0,55600.0,6.42
300101.SZ,20170505,98,3568.7,0.0,55600.0,6.42
300101.SZ,20170428,98,3568.48,0.0,55600.0,6.42
300101.SZ,20170421,91,3560.06,0.0,55600.0,6.4
300101.SZ,20170414,89,3560.15,0.0,55600.0,6.4
300101.SZ,20170407,86,3536.59,0.0,55600.0,6.36
300101.SZ,20170331,86,3536.46,0.0,55600.0,6.36
300101.SZ,20170324,85,3535.76,0.0,55600.0,6.36
300101.SZ,20170317,82,3494.44,0.0,55600.0,6.28
300101.SZ,20170310,80,3048.9,0.0,55600.0,5.48
300101.SZ,20170303,84,3049.21,0.0,55600.0,5.48
300101.SZ,20170224,90,3059.71,0.0,55600.0,5.5
300101.SZ,20170217,90,3057.0,0.0,55600.0,5.5
300101.SZ,20170210,87,3052.6,0.0,55600.0,5.49
300101.SZ,20170203,86,3049.06,0.0,55600.0,5.48
300101.SZ,20170126,85,3042.04,0.0,55600.0,5.47
300101.SZ,20170120,94,3059.39,0.0,55600.0,5.5
300101.SZ,20170113,88,3053.7,0.0,55600.0,5.49
300101.SZ,20170106,82,3042.53,0.0,55600.0,5.47
300101.SZ,20161230,71,3026.06,0.0,55600.0,5.44
300101.SZ,20161223,61,3025.53,0.0,55600.0,5.44
300101.SZ,20161216,58,3026.05,0.0,55600.0,5.44
300101.SZ,20161209,54,3022.15,0.0,55600.0,5.44
300101.SZ,20161202,53,3015.22,0.0,55600.0,5.42
300101.SZ,20161125,56,3018.98,0.0,55600.0,5.43
300101.SZ,20161118,53,3014.2,0.0,55600.0,5.42
300101.SZ,20161111,54,3012.95,0.0,55600.0,5.42
300101.SZ,20161104,57,3012.46,0.0,55600.0,5.42
300101.SZ,20161028,57,2124.1,900.0,55600.0,5.44
300101.SZ,20161021,60,2114.93,900.0,55600.0,5.42
300101.SZ,20161014,54,2111.66,900.0,55600.0,5.42
300101.SZ,20160930,55,2110.38,900.0,55600.0,5.41
300101.SZ,20160923,49,2109.02,900.0,55600.0,5.41
300101.SZ,20160914,47,2108.5,900.0,55600.0,5.41
300101.SZ,20160909,42,1929.75,900.0,55600.0,5.09
300101.SZ,20160902,38,1927.84,900.0,55600.0,5.09
300101.SZ,20160826,41,1935.21,900.0,55600.0,5.1
300101.SZ,20160819,38,1931.45,900.0,55600.0,5.09
300101.SZ,20160812,39,1931.93,900.0,55600.0,5.09
300101.SZ,20160805,34,1931.17,900.0,55600.0,5.09
300101.SZ,20160729,43,1945.04,900.0,55600.0,5.12
300101.SZ,20160722,46,1950.08,900.0,55600.0,5.13
300101.SZ,20160715,41,1937.68,900.0,55600.0,5.1
300101.SZ,20160708,35,1934.13,1820.0,55600.0,6.75
300101.SZ,20160701,39,2600.61,1820.0,55600.0,7.95
300101.SZ,20160624,30,2609.29,1820.0,55600.0,7.97
300101.SZ,20160617,35,2614.24,1820.0,55600.0,7.98
300101.SZ,20160608,31,2613.67,1820.0,55600.0,7.97
300101.SZ,20160603,31,1192.32,1820.0,55600.0,5.42
300101.SZ,20160527,30,1194.71,1820.0,55600.0,5.42
300101.SZ,20160520,38,1197.78,1820.0,55600.0,5.43
300101.SZ,20160513,40,1200.68,1820.0,55600.0,5.43
300101.SZ,20160506,30,1199.45,1820.0,55600.0,5.43
300101.SZ,20160429,31,1200.15,1820.0,55600.0,5.43
300101.SZ,20160422,30,1200.08,1820.0,55600.0,5.43
300101.SZ,20160415,26,1195.69,1820.0,55600.0,5.42
300101.SZ,20160408,29,1200.87,1820.0,55600.0,5.43
300101.SZ,20160401,34,1207.32,1820.0,55600.0,5.44
300101.SZ,20160325,36,1210.53,1820.0,55600.0,5.45
300101.SZ,20160318,40,1213.63,1820.0,55600.0,5.46
300101.SZ,20160311,42,1613.25,1820.0,55600.0,6.17
300101.SZ,20160304,40,1608.99,1820.0,55600.0,6.17
300101.SZ,20160226,39,1608.71,1820.0,55600.0,6.17
300101.SZ,20160219,43,1610.96,1820.0,55600.0,6.17
300101.SZ,20160205,44,1609.35,1820.0,55600.0,6.17
300101.SZ,20160129,47,1611.22,1820.0,55600.0,6.17
300101.SZ,20160122,40,1595.37,1820.0,55600.0,6.14
300101.SZ,20160115,39,1594.56,1820.0,55600.0,6.14
300101.SZ,20160108,44,1591.07,2720.0,55600.0,7.75
300101.SZ,20151231,38,1587.75,2720.0,55600.0,7.75
300101.SZ,20151225,94,1625.61,2720.0,55600.0,7.82
300101.SZ,20151218,47,1592.34,2720.0,55600.0,7.76
300101.SZ,20151211,87,954.6,2720.0,55600.0,6.61
300101.SZ,20151204,64,534.84,2720.0,55600.0,5.85
300101.SZ,20151127,62,516.12,2720.0,55600.0,5.82
300101.SZ,20151120,32,907.53,2720.0,55600.0,6.52
300101.SZ,20151113,30,904.52,2720.0,55600.0,6.52
300101.SZ,20151106,29,907.31,2720.0,55600.0,6.52
300101.SZ,20151030,28,905.07,2720.0,55600.0,6.52
300101.SZ,20151023,31,905.98,2720.0,55600.0,6.52
300101.SZ,20151016,32,891.41,2720.0,55600.0,6.5
300101.SZ,20151009,30,891.45,2720.0,55600.0,6.5
300101.SZ,20150930,31,891.53,2720.0,55600.0,6.5
300101.SZ,20150925,31,890.15,2720.0,55600.0,6.49
300101.SZ,20150918,30,444.77,1360.0,27800.0,6.49
300101.SZ,20150911,29,444.66,1360.0,27800.0,6.49
300101.SZ,20150902,30,446.24,1360.0,27800.0,6.5
300101.SZ,20150828,27,445.59,1360.0,27800.0,6.49
300101.SZ,20150821,29,448.24,1360.0,27800.0,6.5
300101.SZ,20150814,25,446.64,1360.0,27800.0,6.5
300101.SZ,20150807,25,444.88,1360.0,27800.0,6.49
300101.SZ,20150731,26,445.05,1360.0,27800.0,6.49
300101.SZ,20150724,29,449.33,1360.0,27800.0,6.51
300101.SZ,20150717,30,448.75,1360.0,27800.0,6.51
300101.SZ,20150710,33,447.63,1360.0,27800.0,6.5
300101.SZ,20150703,41,455.67,1360.0,27800.0,6.53
300101.SZ,20150626,17,444.3,1360.0,27800.0,6.49
300101.SZ,20150619,38,462.06,1360.0,27800.0,6.55
300101.SZ,20150612,21,1077.85,1360.0,27800.0,8.77
300101.SZ,20150605,25,1084.11,1360.0,27800.0,8.79
300101.SZ,20150529,18,1080.71,1360.0,27800.0,8.78
300101.SZ,20150522,25,1087.12,900.0,27800.0,7.15
300101.SZ,20150515,18,1077.22,900.0,27800.0,7.11
300101.SZ,20150508,37,1089.78,900.0,27800.0,7.16
300101.SZ,20150430,15,1076.21,900.0,27800.0,7.11
300101.SZ,20150424,17,1080.58,900.0,27800.0,7.12
300101.SZ,20150417,39,1107.87,900.0,27800.0,7.22
300101.SZ,20150410,24,1087.87,900.0,27800.0,7.15
300101.SZ,20150403,18,1078.09,900.0,27800.0,7.12
300101.SZ,20150327,18,1077.63,900.0,27800.0,7.11
300101.SZ,20150320,18,1077.88,900.0,27800.0,7.11
300101.SZ,20150313,36,1099.26,900.0,27800.0,7.19
300101.SZ,20150306,10,1074.43,900.0,27800.0,7.1
300101.SZ,20150227,10,1073.58,900.0,27800.0,7.1
300101.SZ,20150217,9,1073.33,900.0,27800.0,7.1
300101.SZ,20150213,12,1074.83,900.0,27800.0,7.1
300101.SZ,20150206,12,1079.8,900.0,27800.0,7.12
300101.SZ,20150130,10,1074.17,900.0,27800.0,7.1
300101.SZ,20150123,12,1076.28,900.0,27800.0,7.11
300101.SZ,20150116,27,1092.73,900.0,27800.0,7.17
300101.SZ,20150109,18,1085.64,900.0,27800.0,7.14
300101.SZ,20141231,12,1094.52,900.0,27800.0,7.17
300101.SZ,20141226,10,853.24,900.0,27800.0,6.31
300101.SZ,20141219,18,1110.18,900.0,27800.0,7.23
300101.SZ,20141212,13,1094.45,900.0,27800.0,7.17
300101.SZ,20141205,17,1104.4,900.0,27800.0,7.21
300101.SZ,20141128,22,1106.9,900.0,27800.0,7.22
300101.SZ,20141121,25,921.09,900.0,27800.0,6.55
300101.SZ,20141114,18,885.31,900.0,27800.0,6.42
300101.SZ,20141107,14,883.55,900.0,27800.0,6.42
300101.SZ,20141031,13,876.82,900.0,27800.0,6.39
300101.SZ,20141024,27,897.41,900.0,27800.0,6.47
300101.SZ,20141017,6,877.17,900.0,27800.0,6.39
300101.SZ,20141010,5,872.23,900.0,27800.0,6.37
300101.SZ,20140930,7,876.73,900.0,27800.0,6.39
300101.SZ,20140926,9,877.23,900.0,27800.0,6.39
300101.SZ,20140919,9,877.14,900.0,27800.0,6.39
300101.SZ,20140912,5,872.21,900.0,27800.0,6.37
300101.SZ,20140905,5,872.21,900.0,27800.0,6.37
300101.SZ,20140829,7,876.68,900.0,27800.0,6.39
300101.SZ,20140822,6,876.47,900.0,27800.0,6.39
300101.SZ,20140815,5,874.47,900.0,27800.0,6.38
300101.SZ,20140808,5,874.47,900.0,27800.0,6.38
300101.SZ,20140801,5,874.47,900.0,27800.0,6.38
300101.SZ,20140725,5,874.47,900.0,27800.0,6.38
300101.SZ,20140718,4,872.0,900.0,27800.0,6.37
300101.SZ,20140711,4,872.0,900.0,27800.0,6.37
300101.SZ,20140704,4,872.0,900.0,27800.0,6.37
300101.SZ,20140627,4,872.0,900.0,27800.0,6.37
300101.SZ,20140620,7,1386.92,900.0,27800.0,8.23
300101.SZ,20140613,7,1386.92,900.0,27800.0,8.23
300101.SZ,20140606,7,1386.92,900.0,27800.0,8.23
300101.SZ,20140530,8,1386.92,2100.0,27800.0,12.54
300101.SZ,20140523,3,240.0,2100.0,27800.0,8.42
300101.SZ,20140516,3,240.0,2100.0,27800.0,8.42
300101.SZ,20140509,6,880.0,2100.0,27800.0,10.72
300101.SZ,20140430,6,880.0,2100.0,27800.0,10.72
300101.SZ,20140425,6,880.0,2100.0,27800.0,10.72
300101.SZ,20140418,6,880.0,2100.0,27800.0,10.72
300101.SZ,20140411,6,880.0,2100.0,27800.0,10.72
300101.SZ,20140404,6,880.0,2100.0,27800.0,10.72
300101.SZ,20140328,6,880.0,2100.0,27800.0,10.72
300101.SZ,20140321,6,880.0,2100.0,27800.0,10.72
300101.SZ,20140314,6,880.0,2100.0,27800.0,10.72
300101.SZ,20140307,7,880.0,3350.0,27800.0,15.22
