api_name,scope,status,row_count,min_date,max_date,field_count,fields,message
stock_basic,all_listed,ok,5528,,,8,"ts_code,symbol,name,area,industry,market,exchange,list_date",
daily,移为通信:300590.SZ,ok,2181,20170111,20260612,11,"ts_code,trade_date,open,high,low,close,pre_close,change,pct_chg,vol,amount",
daily_basic,移为通信:300590.SZ,ok,2181,20170111,20260612,10,"ts_code,trade_date,close,turnover_rate,volume_ratio,pe,pb,ps,total_mv,circ_mv",
adj_factor,移为通信:300590.SZ,ok,2285,20170111,20260612,3,"ts_code,trade_date,adj_factor",
income,移为通信:300590.SZ,ok,51,20170418,20260423,11,"ts_code,ann_date,f_ann_date,end_date,report_type,total_revenue,revenue,operate_profit,total_profit,n_income,n_income_attr_p",
balancesheet,移为通信:300590.SZ,ok,55,20170418,20260423,9,"ts_code,ann_date,f_ann_date,end_date,total_assets,total_liab,total_hldr_eqy_inc_min_int,total_cur_assets,total_cur_liab",
cashflow,移为通信:300590.SZ,ok,51,20170418,20260423,8,"ts_code,ann_date,f_ann_date,end_date,n_cashflow_act,n_cashflow_inv_act,n_cash_flows_fnc_act,c_cash_equ_end_period",
fina_indicator,移为通信:300590.SZ,ok,63,20170427,20260423,10,"ts_code,ann_date,end_date,roe,roa,grossprofit_margin,netprofit_margin,rd_exp,ocfps,bps",
forecast,移为通信:300590.SZ,ok,25,20170408,20260130,10,"ts_code,ann_date,end_date,type,p_change_min,p_change_max,net_profit_min,net_profit_max,summary,change_reason",
express,移为通信:300590.SZ,ok,6,20170228,20260312,10,"ts_code,ann_date,end_date,revenue,operate_profit,total_profit,n_income,total_assets,total_hldr_eqy_exc_min_int,diluted_eps",
dividend,移为通信:300590.SZ,ok,34,20170418,20260423,12,"ts_code,ann_date,end_date,stk_div,stk_bo_rate,stk_co_rate,cash_div,cash_div_tax,record_date,ex_date,pay_date,div_proc",
repurchase,移为通信:300590.SZ,ok,28,20200428,20241209,9,"ts_code,ann_date,end_date,proc,exp_date,vol,amount,high_limit,low_limit",
pledge_stat,移为通信:300590.SZ,ok,545,20170113,20260612,7,"ts_code,end_date,pledge_count,unrest_pledge,rest_pledge,total_share,pledge_ratio",
stk_holdernumber,移为通信:300590.SZ,ok,87,20170427,20260507,4,"ts_code,ann_date,end_date,holder_num",
anns_d,移为通信:300590.SZ,error,0,,,0,,抱歉，您没有接口(anns_d)访问权限，权限的具体详情访问：https://tushare.pro/document/1?doc_id=108。
daily,移远通信:603236.SH,ok,1675,20190716,20260612,11,"ts_code,trade_date,open,high,low,close,pre_close,change,pct_chg,vol,amount",
daily_basic,移远通信:603236.SH,ok,1675,20190716,20260612,10,"ts_code,trade_date,close,turnover_rate,volume_ratio,pe,pb,ps,total_mv,circ_mv",
adj_factor,移远通信:603236.SH,ok,1675,20190716,20260612,3,"ts_code,trade_date,adj_factor",
income,移远通信:603236.SH,ok,44,20190829,20260424,11,"ts_code,ann_date,f_ann_date,end_date,report_type,total_revenue,revenue,operate_profit,total_profit,n_income,n_income_attr_p",
balancesheet,移远通信:603236.SH,ok,38,20190829,20260424,9,"ts_code,ann_date,f_ann_date,end_date,total_assets,total_liab,total_hldr_eqy_inc_min_int,total_cur_assets,total_cur_liab",
cashflow,移远通信:603236.SH,ok,47,20190829,20260424,8,"ts_code,ann_date,f_ann_date,end_date,n_cashflow_act,n_cashflow_inv_act,n_cash_flows_fnc_act,c_cash_equ_end_period",
fina_indicator,移远通信:603236.SH,ok,46,20191031,20260424,10,"ts_code,ann_date,end_date,roe,roa,grossprofit_margin,netprofit_margin,rd_exp,ocfps,bps",
forecast,移远通信:603236.SH,ok,16,20210130,20250711,10,"ts_code,ann_date,end_date,type,p_change_min,p_change_max,net_profit_min,net_profit_max,summary,change_reason",
express,移远通信:603236.SH,ok,2,20220308,20230413,10,"ts_code,ann_date,end_date,revenue,operate_profit,total_profit,n_income,total_assets,total_hldr_eqy_exc_min_int,diluted_eps",
dividend,移远通信:603236.SH,ok,30,20190829,20260424,12,"ts_code,ann_date,end_date,stk_div,stk_bo_rate,stk_co_rate,cash_div,cash_div_tax,record_date,ex_date,pay_date,div_proc",
repurchase,移远通信:603236.SH,ok,23,20230822,20241112,9,"ts_code,ann_date,end_date,proc,exp_date,vol,amount,high_limit,low_limit",
pledge_stat,移远通信:603236.SH,ok,504,20190802,20260612,7,"ts_code,end_date,pledge_count,unrest_pledge,rest_pledge,total_share,pledge_ratio",
stk_holdernumber,移远通信:603236.SH,ok,32,20190829,20260424,4,"ts_code,ann_date,end_date,holder_num",
anns_d,移远通信:603236.SH,error,0,,,0,,抱歉，您没有接口(anns_d)访问权限，权限的具体详情访问：https://tushare.pro/document/1?doc_id=108。
daily,高新兴:300098.SZ,ok,3636,20100728,20260612,11,"ts_code,trade_date,open,high,low,close,pre_close,change,pct_chg,vol,amount",
daily_basic,高新兴:300098.SZ,ok,3636,20100728,20260612,10,"ts_code,trade_date,close,turnover_rate,volume_ratio,pe,pb,ps,total_mv,circ_mv",
adj_factor,高新兴:300098.SZ,ok,3854,20100728,20260612,3,"ts_code,trade_date,adj_factor",
income,高新兴:300098.SZ,ok,83,20101026,20260429,11,"ts_code,ann_date,f_ann_date,end_date,report_type,total_revenue,revenue,operate_profit,total_profit,n_income,n_income_attr_p",
balancesheet,高新兴:300098.SZ,ok,97,20101026,20260429,9,"ts_code,ann_date,f_ann_date,end_date,total_assets,total_liab,total_hldr_eqy_inc_min_int,total_cur_assets,total_cur_liab",
cashflow,高新兴:300098.SZ,ok,80,20101026,20260429,8,"ts_code,ann_date,f_ann_date,end_date,n_cashflow_act,n_cashflow_inv_act,n_cash_flows_fnc_act,c_cash_equ_end_period",
fina_indicator,高新兴:300098.SZ,ok,100,20121025,20260429,10,"ts_code,ann_date,end_date,roe,roa,grossprofit_margin,netprofit_margin,rd_exp,ocfps,bps",
forecast,高新兴:300098.SZ,ok,68,20120131,20260131,10,"ts_code,ann_date,end_date,type,p_change_min,p_change_max,net_profit_min,net_profit_max,summary,change_reason",
express,高新兴:300098.SZ,ok,11,20110225,20210415,10,"ts_code,ann_date,end_date,revenue,operate_profit,total_profit,n_income,total_assets,total_hldr_eqy_exc_min_int,diluted_eps",
dividend,高新兴:300098.SZ,ok,33,20110331,20260418,12,"ts_code,ann_date,end_date,stk_div,stk_bo_rate,stk_co_rate,cash_div,cash_div_tax,record_date,ex_date,pay_date,div_proc",
repurchase,高新兴:300098.SZ,ok,86,20140410,20241029,9,"ts_code,ann_date,end_date,proc,exp_date,vol,amount,high_limit,low_limit",
pledge_stat,高新兴:300098.SZ,ok,632,20140307,20260612,7,"ts_code,end_date,pledge_count,unrest_pledge,rest_pledge,total_share,pledge_ratio",
stk_holdernumber,高新兴:300098.SZ,ok,182,20101026,20260429,4,"ts_code,ann_date,end_date,holder_num",
anns_d,高新兴:300098.SZ,error,0,,,0,,抱歉，您没有接口(anns_d)访问权限，权限的具体详情访问：https://tushare.pro/document/1?doc_id=108。
daily,广和通:300638.SZ,ok,2219,20170413,20260612,11,"ts_code,trade_date,open,high,low,close,pre_close,change,pct_chg,vol,amount",
daily_basic,广和通:300638.SZ,ok,2219,20170413,20260612,10,"ts_code,trade_date,close,turnover_rate,volume_ratio,pe,pb,ps,total_mv,circ_mv",
adj_factor,广和通:300638.SZ,ok,2226,20170413,20260612,3,"ts_code,trade_date,adj_factor",
income,广和通:300638.SZ,ok,56,20170428,20260424,11,"ts_code,ann_date,f_ann_date,end_date,report_type,total_revenue,revenue,operate_profit,total_profit,n_income,n_income_attr_p",
balancesheet,广和通:300638.SZ,ok,53,20170428,20260424,9,"ts_code,ann_date,f_ann_date,end_date,total_assets,total_liab,total_hldr_eqy_inc_min_int,total_cur_assets,total_cur_liab",
cashflow,广和通:300638.SZ,ok,56,20170428,20260424,8,"ts_code,ann_date,f_ann_date,end_date,n_cashflow_act,n_cashflow_inv_act,n_cash_flows_fnc_act,c_cash_equ_end_period",
fina_indicator,广和通:300638.SZ,ok,60,20170825,20260424,10,"ts_code,ann_date,end_date,roe,roa,grossprofit_margin,netprofit_margin,rd_exp,ocfps,bps",
forecast,广和通:300638.SZ,ok,15,20170713,20240113,10,"ts_code,ann_date,end_date,type,p_change_min,p_change_max,net_profit_min,net_profit_max,summary,change_reason",
express,广和通:300638.SZ,ok,3,20180227,20200228,10,"ts_code,ann_date,end_date,revenue,operate_profit,total_profit,n_income,total_assets,total_hldr_eqy_exc_min_int,diluted_eps",
dividend,广和通:300638.SZ,ok,33,20180413,20260331,12,"ts_code,ann_date,end_date,stk_div,stk_bo_rate,stk_co_rate,cash_div,cash_div_tax,record_date,ex_date,pay_date,div_proc",
repurchase,广和通:300638.SZ,ok,91,20191205,20260518,9,"ts_code,ann_date,end_date,proc,exp_date,vol,amount,high_limit,low_limit",
pledge_stat,广和通:300638.SZ,ok,487,20170421,20260612,7,"ts_code,end_date,pledge_count,unrest_pledge,rest_pledge,total_share,pledge_ratio",
stk_holdernumber,广和通:300638.SZ,ok,87,20170428,20260424,4,"ts_code,ann_date,end_date,holder_num",
anns_d,广和通:300638.SZ,error,0,,,0,,抱歉，您没有接口(anns_d)访问权限，权限的具体详情访问：https://tushare.pro/document/1?doc_id=108。
daily,日海智能:002313.SZ,ok,3870,20091203,20260612,11,"ts_code,trade_date,open,high,low,close,pre_close,change,pct_chg,vol,amount",
daily_basic,日海智能:002313.SZ,ok,3870,20091203,20260612,10,"ts_code,trade_date,close,turnover_rate,volume_ratio,pe,pb,ps,total_mv,circ_mv",
adj_factor,日海智能:002313.SZ,ok,4012,20091203,20260612,3,"ts_code,trade_date,adj_factor",
income,日海智能:002313.SZ,ok,79,20100329,20260428,11,"ts_code,ann_date,f_ann_date,end_date,report_type,total_revenue,revenue,operate_profit,total_profit,n_income,n_income_attr_p",
balancesheet,日海智能:002313.SZ,ok,94,20100329,20260428,9,"ts_code,ann_date,f_ann_date,end_date,total_assets,total_liab,total_hldr_eqy_inc_min_int,total_cur_assets,total_cur_liab",
cashflow,日海智能:002313.SZ,ok,83,20100329,20260428,8,"ts_code,ann_date,f_ann_date,end_date,n_cashflow_act,n_cashflow_inv_act,n_cash_flows_fnc_act,c_cash_equ_end_period",
fina_indicator,日海智能:002313.SZ,ok,100,20121024,20260428,10,"ts_code,ann_date,end_date,roe,roa,grossprofit_margin,netprofit_margin,rd_exp,ocfps,bps",
forecast,日海智能:002313.SZ,ok,67,20100127,20260131,10,"ts_code,ann_date,end_date,type,p_change_min,p_change_max,net_profit_min,net_profit_max,summary,change_reason",
express,日海智能:002313.SZ,ok,12,20100224,20210415,10,"ts_code,ann_date,end_date,revenue,operate_profit,total_profit,n_income,total_assets,total_hldr_eqy_exc_min_int,diluted_eps",
dividend,日海智能:002313.SZ,ok,32,20100329,20260423,12,"ts_code,ann_date,end_date,stk_div,stk_bo_rate,stk_co_rate,cash_div,cash_div_tax,record_date,ex_date,pay_date,div_proc",
repurchase,日海智能:002313.SZ,ok,14,20130517,20140326,9,"ts_code,ann_date,end_date,proc,exp_date,vol,amount,high_limit,low_limit",
pledge_stat,日海智能:002313.SZ,ok,878,20140307,20260612,7,"ts_code,end_date,pledge_count,unrest_pledge,rest_pledge,total_share,pledge_ratio",
stk_holdernumber,日海智能:002313.SZ,ok,76,20100329,20260428,4,"ts_code,ann_date,end_date,holder_num",
anns_d,日海智能:002313.SZ,error,0,,,0,,抱歉，您没有接口(anns_d)访问权限，权限的具体详情访问：https://tushare.pro/document/1?doc_id=108。
daily,锐明技术:002970.SZ,ok,1571,20191217,20260612,11,"ts_code,trade_date,open,high,low,close,pre_close,change,pct_chg,vol,amount",
daily_basic,锐明技术:002970.SZ,ok,1571,20191217,20260612,10,"ts_code,trade_date,close,turnover_rate,volume_ratio,pe,pb,ps,total_mv,circ_mv",
adj_factor,锐明技术:002970.SZ,ok,1571,20191217,20260612,3,"ts_code,trade_date,adj_factor",
income,锐明技术:002970.SZ,ok,37,20200420,20260428,11,"ts_code,ann_date,f_ann_date,end_date,report_type,total_revenue,revenue,operate_profit,total_profit,n_income,n_income_attr_p",
balancesheet,锐明技术:002970.SZ,ok,38,20200420,20260428,9,"ts_code,ann_date,f_ann_date,end_date,total_assets,total_liab,total_hldr_eqy_inc_min_int,total_cur_assets,total_cur_liab",
cashflow,锐明技术:002970.SZ,ok,43,20200420,20260428,8,"ts_code,ann_date,f_ann_date,end_date,n_cashflow_act,n_cashflow_inv_act,n_cash_flows_fnc_act,c_cash_equ_end_period",
fina_indicator,锐明技术:002970.SZ,ok,41,20200420,20260428,10,"ts_code,ann_date,end_date,roe,roa,grossprofit_margin,netprofit_margin,rd_exp,ocfps,bps",
forecast,锐明技术:002970.SZ,ok,19,20210415,20260119,10,"ts_code,ann_date,end_date,type,p_change_min,p_change_max,net_profit_min,net_profit_max,summary,change_reason",
express,锐明技术:002970.SZ,ok,3,20200310,20210304,10,"ts_code,ann_date,end_date,revenue,operate_profit,total_profit,n_income,total_assets,total_hldr_eqy_exc_min_int,diluted_eps",
dividend,锐明技术:002970.SZ,ok,33,20200420,20260331,12,"ts_code,ann_date,end_date,stk_div,stk_bo_rate,stk_co_rate,cash_div,cash_div_tax,record_date,ex_date,pay_date,div_proc",
repurchase,锐明技术:002970.SZ,ok,23,20220428,20240720,9,"ts_code,ann_date,end_date,proc,exp_date,vol,amount,high_limit,low_limit",
pledge_stat,锐明技术:002970.SZ,ok,237,20220805,20260612,7,"ts_code,end_date,pledge_count,unrest_pledge,rest_pledge,total_share,pledge_ratio",
stk_holdernumber,锐明技术:002970.SZ,ok,43,20191231,20260428,4,"ts_code,ann_date,end_date,holder_num",
anns_d,锐明技术:002970.SZ,error,0,,,0,,抱歉，您没有接口(anns_d)访问权限，权限的具体详情访问：https://tushare.pro/document/1?doc_id=108。
daily,有方科技:688159.SH,ok,1545,20200123,20260612,11,"ts_code,trade_date,open,high,low,close,pre_close,change,pct_chg,vol,amount",
daily_basic,有方科技:688159.SH,ok,1545,20200123,20260612,10,"ts_code,trade_date,close,turnover_rate,volume_ratio,pe,pb,ps,total_mv,circ_mv",
adj_factor,有方科技:688159.SH,ok,1545,20200123,20260612,3,"ts_code,trade_date,adj_factor",
income,有方科技:688159.SH,ok,38,20200415,20260430,11,"ts_code,ann_date,f_ann_date,end_date,report_type,total_revenue,revenue,operate_profit,total_profit,n_income,n_income_attr_p",
balancesheet,有方科技:688159.SH,ok,36,20200415,20260430,9,"ts_code,ann_date,f_ann_date,end_date,total_assets,total_liab,total_hldr_eqy_inc_min_int,total_cur_assets,total_cur_liab",
cashflow,有方科技:688159.SH,ok,41,20200415,20260430,8,"ts_code,ann_date,f_ann_date,end_date,n_cashflow_act,n_cashflow_inv_act,n_cash_flows_fnc_act,c_cash_equ_end_period",
fina_indicator,有方科技:688159.SH,ok,41,20200429,20260430,10,"ts_code,ann_date,end_date,roe,roa,grossprofit_margin,netprofit_margin,rd_exp,ocfps,bps",
forecast,有方科技:688159.SH,ok,19,20200820,20260131,10,"ts_code,ann_date,end_date,type,p_change_min,p_change_max,net_profit_min,net_profit_max,summary,change_reason",
express,有方科技:688159.SH,ok,7,20200229,20260228,10,"ts_code,ann_date,end_date,revenue,operate_profit,total_profit,n_income,total_assets,total_hldr_eqy_exc_min_int,diluted_eps",
dividend,有方科技:688159.SH,ok,23,20200415,20260430,12,"ts_code,ann_date,end_date,stk_div,stk_bo_rate,stk_co_rate,cash_div,cash_div_tax,record_date,ex_date,pay_date,div_proc",
repurchase,有方科技:688159.SH,ok,5,20240430,20260430,9,"ts_code,ann_date,end_date,proc,exp_date,vol,amount,high_limit,low_limit",
pledge_stat,有方科技:688159.SH,empty,0,,,7,"ts_code,end_date,pledge_count,unrest_pledge,rest_pledge,total_share,pledge_ratio",
stk_holdernumber,有方科技:688159.SH,ok,27,20200415,20260430,4,"ts_code,ann_date,end_date,holder_num",
anns_d,有方科技:688159.SH,error,0,,,0,,抱歉，您没有接口(anns_d)访问权限，权限的具体详情访问：https://tushare.pro/document/1?doc_id=108。
daily,美格智能:002881.SZ,ok,2179,20170622,20260612,11,"ts_code,trade_date,open,high,low,close,pre_close,change,pct_chg,vol,amount",
daily_basic,美格智能:002881.SZ,ok,2179,20170622,20260612,10,"ts_code,trade_date,close,turnover_rate,volume_ratio,pe,pb,ps,total_mv,circ_mv",
adj_factor,美格智能:002881.SZ,ok,2179,20170622,20260612,3,"ts_code,trade_date,adj_factor",
income,美格智能:002881.SZ,ok,52,20170825,20260430,11,"ts_code,ann_date,f_ann_date,end_date,report_type,total_revenue,revenue,operate_profit,total_profit,n_income,n_income_attr_p",
balancesheet,美格智能:002881.SZ,ok,53,20170825,20260430,9,"ts_code,ann_date,f_ann_date,end_date,total_assets,total_liab,total_hldr_eqy_inc_min_int,total_cur_assets,total_cur_liab",
cashflow,美格智能:002881.SZ,ok,56,20170825,20260430,8,"ts_code,ann_date,f_ann_date,end_date,n_cashflow_act,n_cashflow_inv_act,n_cash_flows_fnc_act,c_cash_equ_end_period",
fina_indicator,美格智能:002881.SZ,ok,63,20170825,20260430,10,"ts_code,ann_date,end_date,roe,roa,grossprofit_margin,netprofit_margin,rd_exp,ocfps,bps",
forecast,美格智能:002881.SZ,ok,22,20170825,20250715,10,"ts_code,ann_date,end_date,type,p_change_min,p_change_max,net_profit_min,net_profit_max,summary,change_reason",
express,美格智能:002881.SZ,ok,6,20180227,20250412,10,"ts_code,ann_date,end_date,revenue,operate_profit,total_profit,n_income,total_assets,total_hldr_eqy_exc_min_int,diluted_eps",
dividend,美格智能:002881.SZ,ok,31,20180427,20260331,12,"ts_code,ann_date,end_date,stk_div,stk_bo_rate,stk_co_rate,cash_div,cash_div_tax,record_date,ex_date,pay_date,div_proc",
repurchase,美格智能:002881.SZ,ok,56,20210203,20251202,9,"ts_code,ann_date,end_date,proc,exp_date,vol,amount,high_limit,low_limit",
pledge_stat,美格智能:002881.SZ,ok,537,20170804,20260612,7,"ts_code,end_date,pledge_count,unrest_pledge,rest_pledge,total_share,pledge_ratio",
stk_holdernumber,美格智能:002881.SZ,ok,51,20170804,20260430,4,"ts_code,ann_date,end_date,holder_num",
anns_d,美格智能:002881.SZ,error,0,,,0,,抱歉，您没有接口(anns_d)访问权限，权限的具体详情访问：https://tushare.pro/document/1?doc_id=108。
daily,博实结:301608.SZ,ok,450,20240801,20260612,11,"ts_code,trade_date,open,high,low,close,pre_close,change,pct_chg,vol,amount",
daily_basic,博实结:301608.SZ,ok,450,20240801,20260612,10,"ts_code,trade_date,close,turnover_rate,volume_ratio,pe,pb,ps,total_mv,circ_mv",
adj_factor,博实结:301608.SZ,ok,450,20240801,20260612,3,"ts_code,trade_date,adj_factor",
income,博实结:301608.SZ,ok,10,20240829,20260421,11,"ts_code,ann_date,f_ann_date,end_date,report_type,total_revenue,revenue,operate_profit,total_profit,n_income,n_income_attr_p",
balancesheet,博实结:301608.SZ,ok,10,20240829,20260421,9,"ts_code,ann_date,f_ann_date,end_date,total_assets,total_liab,total_hldr_eqy_inc_min_int,total_cur_assets,total_cur_liab",
cashflow,博实结:301608.SZ,ok,14,20240829,20260421,8,"ts_code,ann_date,f_ann_date,end_date,n_cashflow_act,n_cashflow_inv_act,n_cash_flows_fnc_act,c_cash_equ_end_period",
fina_indicator,博实结:301608.SZ,ok,9,20241028,20260421,10,"ts_code,ann_date,end_date,roe,roa,grossprofit_margin,netprofit_margin,rd_exp,ocfps,bps",
forecast,博实结:301608.SZ,empty,0,,,10,"ts_code,ann_date,end_date,type,p_change_min,p_change_max,net_profit_min,net_profit_max,summary,change_reason",
express,博实结:301608.SZ,empty,0,,,10,"ts_code,ann_date,end_date,revenue,operate_profit,total_profit,n_income,total_assets,total_hldr_eqy_exc_min_int,diluted_eps",
dividend,博实结:301608.SZ,ok,11,20240829,20260421,12,"ts_code,ann_date,end_date,stk_div,stk_bo_rate,stk_co_rate,cash_div,cash_div_tax,record_date,ex_date,pay_date,div_proc",
repurchase,博实结:301608.SZ,empty,0,,,9,"ts_code,ann_date,end_date,proc,exp_date,vol,amount,high_limit,low_limit",
pledge_stat,博实结:301608.SZ,ok,92,20240927,20260612,7,"ts_code,end_date,pledge_count,unrest_pledge,rest_pledge,total_share,pledge_ratio",
stk_holdernumber,博实结:301608.SZ,ok,69,20240814,20260604,4,"ts_code,ann_date,end_date,holder_num",
anns_d,博实结:301608.SZ,error,0,,,0,,抱歉，您没有接口(anns_d)访问权限，权限的具体详情访问：https://tushare.pro/document/1?doc_id=108。
index_daily,399006.SZ,ok,3892,20100601,20260612,11,"ts_code,trade_date,close,open,high,low,pre_close,change,pct_chg,vol,amount",
index_daily,000300.SH,ok,3991,20100104,20260612,11,"ts_code,trade_date,close,open,high,low,pre_close,change,pct_chg,vol,amount",
index_daily,000905.SH,ok,3991,20100104,20260612,11,"ts_code,trade_date,close,open,high,low,pre_close,change,pct_chg,vol,amount",
index_daily,000852.SH,ok,3991,20100104,20260612,11,"ts_code,trade_date,close,open,high,low,pre_close,change,pct_chg,vol,amount",
