ts_code,ann_date,end_date,roe,roa,grossprofit_margin,netprofit_margin,rd_exp,ocfps,bps
002373.SZ,20260428,20260331,0.0324,0.0046,38.0959,0.0743,,-0.2905,7.288
002373.SZ,20260428,20260331,0.0324,0.0046,38.0959,0.0743,,-0.2905,7.288
002373.SZ,20260418,20251231,2.363,1.5687,31.2042,3.5421,1139130538.14,0.4913,7.2941
002373.SZ,20251023,20250930,1.6692,0.7786,31.0394,3.4045,,0.0011,7.242
002373.SZ,20250822,20250630,1.5035,0.8806,31.1901,5.1909,520896531.58,-0.1627,7.2029
002373.SZ,20250822,20250630,1.5035,0.8806,31.1901,5.1909,520896531.58,-0.1627,7.2029
002373.SZ,20250428,20250331,1.9532,1.5935,29.7281,14.0579,,-0.2837,7.2356
002373.SZ,20250428,20250331,1.9532,1.5935,29.7281,14.0579,,-0.2837,7.2356
002373.SZ,20250419,20241231,-10.0555,-6.3695,31.1206,-16.5871,1134323543.98,0.0907,7.0839
002373.SZ,20241030,20240930,0.1259,-0.5367,30.7942,0.0522,,-0.3514,7.9101
002373.SZ,20240827,20240630,0.0979,-0.3462,31.0157,0.1005,492752076.55,-0.3356,7.892
002373.SZ,20240425,20240331,-0.4631,-0.579,29.1128,-3.8135,,-0.3426,7.8849
002373.SZ,20240425,20240331,-0.4631,-0.579,29.1128,-3.8135,,-0.3426,7.8849
002373.SZ,20240418,20231231,4.4207,2.2702,34.47,7.33,1113834948.46,0.5635,7.9264
002373.SZ,20231026,20230930,2.6527,1.216,33.0347,6.1654,729049492.64,0.0913,7.8337
002373.SZ,20230823,20230630,2.3427,1.2052,32.6395,8.4078,523167625.48,-0.1334,7.7995
002373.SZ,20230420,20230331,1.3026,0.7377,30.228,10.0472,210004651.67,-0.1716,7.7079
002373.SZ,20230420,20230331,1.3026,0.7377,30.228,10.0472,210004651.67,-0.1716,7.7079
002373.SZ,20230420,20221231,-3.9461,-3.4924,29.4496,-6.821,1110827420.61,0.3164,7.603
002373.SZ,20230420,20221231,-3.9461,-3.4924,29.4496,-6.821,1110827420.61,0.3164,7.603
002373.SZ,20221027,20220930,-1.5088,-1.5023,32.5923,-3.8365,695330937.24,-0.2228,7.7983
002373.SZ,20221027,20220930,-1.5088,-1.5023,32.5923,-3.8365,695330937.24,-0.2228,7.7983
002373.SZ,20220818,20220630,-0.7464,-0.8918,33.3327,-2.9783,566600196.44,-0.3608,7.8297
002373.SZ,20220818,20220630,-0.7464,-0.8918,33.3327,-2.9783,566600196.44,-0.3608,7.8297
002373.SZ,20220427,20220331,-2.0763,-1.6745,30.6584,-20.1072,217545094.27,-0.2704,7.7182
002373.SZ,20220427,20220331,-2.0763,-1.6745,30.6584,-20.1072,217545094.27,-0.2704,7.7182
002373.SZ,20220330,20211231,5.9331,3.9505,28.3838,7.8742,1183117408.87,0.1528,7.872
002373.SZ,20220330,20211231,5.9331,3.9505,28.3838,7.8742,1183117408.87,0.1528,7.872
002373.SZ,20211026,20210930,4.5857,3.0451,30.3953,8.7772,626031990.47,-0.3339,7.7597
002373.SZ,20211026,20210930,4.5857,3.0451,30.3953,8.7772,626031990.47,-0.3339,7.7597
002373.SZ,20210811,20210630,4.1929,2.7186,30.4356,12.4358,467174774.0,-0.3277,7.7229
002373.SZ,20210811,20210630,4.1929,2.7186,30.4356,12.4358,467174774.0,-0.3277,7.7229
002373.SZ,20210424,20210331,1.171,0.7357,30.7175,7.9869,195443308.69,-0.4968,7.5811
002373.SZ,20210424,20210331,1.171,0.7357,30.7175,7.9869,195443308.69,-0.4968,7.5811
002373.SZ,20210331,20201231,10.3106,6.9073,29.6813,12.2246,898974731.39,0.8297,7.566
002373.SZ,20210331,20201231,10.3106,6.9073,29.6813,12.2246,898974731.39,0.8297,7.566
002373.SZ,20201028,20200930,7.1633,4.8624,31.7079,13.2785,517802149.78,0.0614,7.3163
002373.SZ,20201028,20200930,7.1633,4.8624,31.7079,13.2785,517802149.78,0.0614,7.3163
002373.SZ,20200820,20200630,5.1443,3.4863,30.188,13.7883,398335363.1,-0.2936,6.317
002373.SZ,20200820,20200630,5.1443,3.4863,30.188,13.7883,398335363.1,-0.2936,6.317
002373.SZ,20200427,20200331,1.2707,1.0331,28.2397,9.4322,166258846.3,-0.2817,6.13
002373.SZ,20200427,20200331,1.2707,1.0331,28.2397,9.4322,166258846.3,-0.2817,6.13
002373.SZ,20200415,20191231,11.9563,7.7391,30.9915,12.2998,857842217.47,0.6287,6.0408
002373.SZ,20200415,20191231,11.9563,7.7391,30.9915,12.2998,857842217.47,0.6287,6.0408
002373.SZ,20191024,20190930,7.1745,4.698,31.5078,10.966,485218738.77,-0.2375,5.7434
002373.SZ,20191024,20190930,7.1745,4.698,31.5078,10.966,485218738.77,-0.2375,5.7434
002373.SZ,20190809,20190630,4.5961,2.9679,30.7239,11.0405,379773727.31,-0.0687,5.611
002373.SZ,20190809,20190630,4.5961,2.9679,30.7239,11.0405,379773727.31,-0.0687,5.611
002373.SZ,20190424,20190331,1.8899,1.1855,29.4656,9.3037,135041940.49,-0.2862,5.504
002373.SZ,20190424,20190331,1.8899,1.1855,29.4656,9.3037,135041940.49,-0.2862,5.504
002373.SZ,20190410,20181231,13.3791,9.4371,32.8729,12.2666,686090862.04,0.1288,5.3454
002373.SZ,20190410,20181231,13.3791,9.4371,32.8729,12.2666,686090862.04,0.1288,5.3454
002373.SZ,20181030,20180930,8.8204,6.3539,33.1643,12.7702,377013979.78,-0.234,5.2261
002373.SZ,20181030,20180930,8.8204,6.3539,33.1643,12.7702,377013979.78,-0.234,5.2261
002373.SZ,20180825,20180630,5.2354,3.8154,32.2459,11.9026,272366244.2,-0.3937,5.115
002373.SZ,20180825,20180630,5.2354,3.8154,32.2459,11.9026,272366244.2,-0.3937,5.115
002373.SZ,20180427,20180331,1.8718,1.9956,32.1183,11.4209,,-0.322,5.031
002373.SZ,20180427,20180331,1.8718,1.9956,32.1183,11.4209,,-0.322,5.031
002373.SZ,20180426,20171231,10.8812,7.8736,28.1697,17.7824,175694540.12,0.1826,3.1271
002373.SZ,20180426,20171231,10.8812,7.8736,28.1697,17.7824,175694540.12,0.1826,3.1271
002373.SZ,20171028,20170930,7.5916,5.1079,29.9767,19.4206,,-0.1966,3.1068
002373.SZ,20171028,20170930,7.5916,5.1079,29.9767,19.4206,,-0.1966,3.1068
002373.SZ,20170824,20170630,4.7511,3.221,28.5377,18.6157,94471567.71,-0.2442,3.0188
002373.SZ,20170824,20170630,4.7511,3.221,28.5377,18.6157,94471567.71,-0.2442,3.0188
002373.SZ,20170429,20170331,1.9345,1.3749,29.5565,15.2863,,-0.1499,2.9966
002373.SZ,20170429,20170331,1.9345,1.3749,29.5565,15.2863,,-0.1499,2.9966
002373.SZ,20170427,20161231,10.7965,8.9797,30.6166,17.5798,200862282.79,0.2267,2.9421
002373.SZ,20170427,20161231,10.7965,8.9797,30.6166,17.5798,200862282.79,0.2267,2.9421
002373.SZ,20161028,20160930,7.2204,5.4547,29.5916,18.5318,,-0.1617,2.8343
002373.SZ,20161028,20160930,7.2204,5.4547,29.5916,18.5318,,-0.1617,2.8343
002373.SZ,20160824,20160630,4.3349,3.2517,30.1142,17.5284,87221630.42,-0.2315,2.7577
002373.SZ,20160824,20160630,4.3349,3.2517,30.1142,17.5284,87221630.42,-0.2315,2.7577
002373.SZ,20160427,20160331,1.9181,1.3944,29.4088,15.5874,,-0.1698,5.4833
002373.SZ,20160427,20160331,1.9181,1.3944,29.4088,15.5874,,-0.1698,5.4833
002373.SZ,20160408,20151231,14.9121,10.7746,32.3511,20.5925,157399767.59,0.2893,5.3835
002373.SZ,20160408,20151231,14.9121,10.7746,32.3511,20.5925,157399767.59,0.2893,5.3835
002373.SZ,20151020,20150930,20.7143,10.3986,28.77,20.3604,,-0.3078,2.2177
002373.SZ,20151020,20150930,20.7143,10.3986,28.77,20.3604,,-0.3078,2.2177
002373.SZ,20150822,20150630,11.1128,5.7901,28.3296,16.34,40658662.85,-0.3881,2.0085
002373.SZ,20150822,20150630,11.1128,5.7901,28.3296,16.34,40658662.85,-0.3881,2.0085
002373.SZ,20150428,20150331,4.674,2.4758,28.8373,14.8796,,-0.3141,1.9823
002373.SZ,20150428,20150331,4.674,2.4758,28.8373,14.8796,,-0.3141,1.9823
002373.SZ,20150428,20141231,34.8855,19.1858,28.8353,19.7098,114149085.98,0.3224,1.8917
002373.SZ,20150428,20141231,34.8855,19.1858,28.8353,19.7098,114149085.98,0.3224,1.8917
002373.SZ,20141029,20140930,23.1898,12.5118,25.3369,17.698,,-0.1454,1.7075
002373.SZ,20141029,20140930,23.1898,12.5118,25.3369,17.698,,-0.1454,1.7075
002373.SZ,20140828,20140630,13.6384,7.2476,25.2975,15.5905,19282418.15,-0.1316,1.5721
002373.SZ,20140828,20140630,13.6384,7.2476,25.2975,15.5905,19282418.15,-0.1316,1.5721
002373.SZ,20140428,20140331,-1.6639,-1.144,30.2163,-18.3753,,-0.3683,3.3246
002373.SZ,20140428,20140331,-1.6639,-1.144,30.2163,-18.3753,,-0.3683,3.3246
002373.SZ,20140410,20131231,-23.6838,-13.4239,21.2381,-36.8646,40437957.18,-0.1486,3.448
002373.SZ,20140410,20131231,-23.6838,-13.4239,21.2381,-36.8646,40437957.18,-0.1486,3.448
002373.SZ,20131029,20130930,-21.2935,-11.874,16.9783,-47.4365,,-0.5481,3.5404
002373.SZ,20131029,20130930,-21.2935,-11.874,16.9783,-47.4365,,-0.5481,3.5404
002373.SZ,20130810,20130630,-11.0037,-6.3556,15.185,-29.9339,23046509.46,-0.7146,3.9211
002373.SZ,20130810,20130630,-11.0037,-6.3556,15.185,-29.9339,23046509.46,-0.7146,3.9211
002373.SZ,20130425,20130331,-6.177,-3.9554,14.1229,-59.3593,,-1.1521,8.2441
002373.SZ,20130425,20130331,-6.177,-3.9554,14.1229,-59.3593,,-1.1521,8.2441
002373.SZ,20130420,20121231,-9.5344,-5.1695,17.8356,-8.5794,31182583.16,-0.5498,8.7525
002373.SZ,20130420,20121231,-9.5344,-5.1695,17.8356,-8.5794,31182583.16,-0.5498,8.7525
