trade_date,ts_code,rzye,rqye,rzmre,rqyl,rzche,rqchl,rqmcl,rzrqye
20221230,002881.SZ,18848624.0,201544.0,438597.0,7540.0,590161.0,2700.0,2800.0,19050168.0
20221229,002881.SZ,19000188.0,198127.0,753213.0,7440.0,763909.0,2800.0,3900.0,19198315.0
20221228,002881.SZ,19010884.0,168961.0,1213345.0,6340.0,1219575.0,4800.0,4300.0,19179845.0
20221227,002881.SZ,19017114.0,187279.0,1534872.0,6840.0,598465.0,6800.0,6100.0,19204393.0
20221226,002881.SZ,18080707.0,211874.0,1152740.0,7540.0,534211.0,5000.0,4900.0,18292581.0
20221223,002881.SZ,17462178.0,215754.0,1368406.0,7640.0,1003786.0,7600.0,7640.0,17677932.0
20221222,002881.SZ,17097558.0,208848.0,1344285.0,7600.0,1397433.0,6600.0,7400.0,17306406.0
20221221,002881.SZ,17150706.0,194548.0,679155.0,6800.0,2335603.0,2900.0,2600.0,17345254.0
20221220,002881.SZ,18807154.0,206894.0,1424767.0,7100.0,705617.0,6200.0,5500.0,19014048.0
20221219,002881.SZ,18088004.0,224484.0,1627885.0,7800.0,595417.0,2200.0,2100.0,18312488.0
20221216,002881.SZ,17055536.0,229811.0,2722874.0,7900.0,1854723.0,9500.0,6800.0,17285347.0
20221215,002881.SZ,16187385.0,317788.0,1686600.0,10600.0,960029.0,9000.0,10600.0,16505173.0
20221214,002881.SZ,15460814.0,262890.0,637187.0,9000.0,790007.0,6500.0,6200.0,15723704.0
20221213,002881.SZ,15613634.0,275094.0,2172533.0,9300.0,822128.0,6500.0,5100.0,15888728.0
20221212,002881.SZ,14263229.0,315971.0,1005096.0,10700.0,1562379.0,4700.0,5700.0,14579200.0
20221209,002881.SZ,14820512.0,283240.0,1094224.0,9700.0,1415879.0,3900.0,3000.0,15103752.0
20221208,002881.SZ,15142167.0,312700.0,1545417.0,10600.0,1256030.0,4700.0,4800.0,15454867.0
20221207,002881.SZ,14852780.0,313845.0,1336053.0,10500.0,8264987.0,3900.0,4100.0,15166625.0
20221206,002881.SZ,21781714.0,312193.0,3038512.0,10300.0,2446901.0,0.0,9600.0,22093907.0
20221205,002881.SZ,21190103.0,21343.0,9218315.0,700.0,2190395.0,10748.0,700.0,21211446.0
20221202,002881.SZ,14162183.0,320290.0,2290714.0,10748.0,1515488.0,4152.0,3700.0,14482473.0
20221201,002881.SZ,13386957.0,332416.0,1964705.0,11200.0,798184.0,10700.0,11200.0,13719373.0
20221130,002881.SZ,12220436.0,311263.0,1991143.0,10700.0,971225.0,9104.0,10700.0,12531699.0
20221129,002881.SZ,11200518.0,268750.0,925389.0,9104.0,1789877.0,9100.0,7004.0,11469268.0
20221128,002881.SZ,12065006.0,320656.0,556526.0,11200.0,669821.0,9100.0,11200.0,12385662.0
20221125,002881.SZ,12178301.0,265538.0,636665.0,9100.0,1123871.0,5900.0,4100.0,12443839.0
20221124,002881.SZ,12665507.0,324166.0,988490.0,10900.0,809558.0,10900.0,10600.0,12989673.0
20221123,002881.SZ,12486575.0,330624.0,1475865.0,11200.0,1780532.0,8100.0,11200.0,12817199.0
20221122,002881.SZ,12791242.0,241380.0,2288087.0,8100.0,1601388.0,13800.0,8100.0,13032622.0
20221121,002881.SZ,12104543.0,419520.0,970107.0,13800.0,1926341.0,14200.0,13800.0,12524063.0
20221118,002881.SZ,13060777.0,426000.0,2835246.0,14200.0,3741270.0,14200.0,14200.0,13486777.0
20221117,002881.SZ,13966801.0,433100.0,4865961.0,14200.0,2572268.0,14200.0,14200.0,14399901.0
20221116,002881.SZ,11673108.0,432958.0,4373818.0,14200.0,2020710.0,14200.0,14200.0,12106066.0
20221115,002881.SZ,9320000.0,434378.0,2050533.0,14200.0,2284068.0,14200.0,14200.0,9754378.0
20221114,002881.SZ,9553535.0,409102.0,544081.0,14200.0,2069794.0,14200.0,14200.0,9962637.0
20221111,002881.SZ,11079248.0,419610.0,692145.0,14200.0,1454755.0,14200.0,14200.0,11498858.0
20221110,002881.SZ,11841858.0,419042.0,905881.0,14200.0,516620.0,13700.0,14200.0,12260900.0
20221109,002881.SZ,11452597.0,413466.0,2760940.0,13700.0,490552.0,14100.0,13700.0,11866063.0
20221108,002881.SZ,9182209.0,431319.0,4777546.0,14100.0,2705059.0,5100.0,5000.0,9613528.0
20221107,002881.SZ,7109722.0,446732.0,3900938.0,14200.0,2551545.0,14200.0,14200.0,7556454.0
20221104,002881.SZ,5760329.0,442188.0,1691465.0,14200.0,2701552.0,14200.0,14200.0,6202517.0
20221103,002881.SZ,6770416.0,434662.0,663894.0,14200.0,1130306.0,14140.0,14200.0,7205078.0
20221102,002881.SZ,7236828.0,427452.0,2333478.0,14140.0,912622.0,14200.0,14140.0,7664280.0
20221101,002881.SZ,5815972.0,426000.0,1612811.0,14200.0,1557512.0,14200.0,14200.0,6241972.0
20221031,002881.SZ,5760673.0,408818.0,1385196.0,14200.0,998933.0,14200.0,14200.0,6169491.0
20221028,002881.SZ,5374410.0,407682.0,1354040.0,14200.0,879956.0,14200.0,14200.0,5782092.0
20221027,002881.SZ,4900326.0,418048.0,2377872.0,14200.0,1335711.0,14200.0,14200.0,5318374.0
20221026,002881.SZ,3858165.0,435372.0,2825743.0,14200.0,2048869.0,0.0,14200.0,4293537.0
20221025,002881.SZ,3081291.0,0.0,2766706.0,0.0,918975.0,0.0,0.0,3081291.0
20221024,002881.SZ,1233560.0,0.0,1255201.0,0.0,4750930.0,0.0,0.0,1233560.0
20231229,002881.SZ,177478037.0,2264922.0,6341954.0,83700.0,12491125.0,31300.0,21600.0,179742959.0
20231228,002881.SZ,183627208.0,2479770.0,6374554.0,93400.0,9356903.0,21000.0,40100.0,186106978.0
20231227,002881.SZ,186609557.0,1963749.0,6026024.0,74300.0,2937164.0,29800.0,31500.0,188573306.0
20231226,002881.SZ,183520697.0,1905024.0,5887401.0,72600.0,4721836.0,34700.0,28500.0,185425721.0
20231225,002881.SZ,182355132.0,2068500.0,4562524.0,78800.0,4042342.0,33000.0,47700.0,184423632.0
20231222,002881.SZ,181834950.0,1648011.0,4237843.0,64100.0,6094207.0,29600.0,30300.0,183482961.0
20231221,002881.SZ,183691314.0,1667420.0,5674967.0,63400.0,6632122.0,45366.0,26200.0,185358734.0
20231220,002881.SZ,184648469.0,2142588.0,20190294.0,82566.0,6399959.0,27100.0,37366.0,186791057.0
20231219,002881.SZ,170858134.0,1938363.0,3646374.0,72300.0,6460106.0,29400.0,29000.0,172796497.0
20231218,002881.SZ,173671866.0,1922188.0,5221881.0,72700.0,3800802.0,15800.0,20100.0,175594054.0
20231215,002881.SZ,172250787.0,1819440.0,5137176.0,68400.0,9415170.0,31200.0,32200.0,174070227.0
20231214,002881.SZ,176528781.0,1838672.0,10750109.0,67400.0,15571669.0,29000.0,33300.0,178367453.0
20231213,002881.SZ,181350341.0,1757966.0,7367660.0,63100.0,10504059.0,24200.0,22200.0,183108307.0
20231212,002881.SZ,184486740.0,1865115.0,9717967.0,65100.0,20344564.0,18100.0,25900.0,186351855.0
20231211,002881.SZ,195113337.0,1640499.0,14955650.0,57300.0,6593582.0,20700.0,26200.0,196753836.0
20231208,002881.SZ,186751269.0,1485624.0,17488768.0,51800.0,12903160.0,24700.0,21700.0,188236893.0
20231207,002881.SZ,182165661.0,1514672.0,7642259.0,54800.0,7189962.0,14900.0,16800.0,183680333.0
20231206,002881.SZ,181713364.0,1457924.0,7252929.0,52900.0,9336477.0,19700.0,21300.0,183171288.0
20231205,002881.SZ,183796912.0,1446660.0,13520314.0,51300.0,16119535.0,13200.0,11500.0,185243572.0
20231204,002881.SZ,186396133.0,1543360.0,21612756.0,53000.0,20561589.0,35900.0,14500.0,187939493.0
20231201,002881.SZ,185344966.0,2150904.0,9445377.0,74400.0,13744914.0,56761.0,19400.0,187495870.0
20231130,002881.SZ,189644503.0,3167307.0,18406267.0,111761.0,20464811.0,25483.0,22600.0,192811810.0
20231129,002881.SZ,191703047.0,3308626.0,25281645.0,114644.0,23403100.0,22800.0,17700.0,195011673.0
20231128,002881.SZ,189824502.0,3543225.0,29309442.0,119744.0,26072598.0,39167.0,32400.0,193367727.0
20231127,002881.SZ,186587658.0,3663758.0,26981053.0,126511.0,16690787.0,31072.0,22500.0,190251416.0
20231124,002881.SZ,176297392.0,3943073.0,25167296.0,135083.0,22985615.0,31867.0,72283.0,180240465.0
20231123,002881.SZ,174115711.0,2762383.0,25256949.0,94667.0,13983052.0,22400.0,29200.0,176878094.0
20231122,002881.SZ,162841814.0,2507724.0,20819450.0,87867.0,29021447.0,21900.0,27500.0,165349538.0
20231121,002881.SZ,171043811.0,2426877.0,37179661.0,82267.0,48529937.0,37983.0,16500.0,173470688.0
20231120,002881.SZ,182394087.0,3175788.0,54389374.0,103750.0,42466608.0,45850.0,29000.0,185569875.0
20231117,002881.SZ,170471321.0,3672270.0,42833720.0,120600.0,34779065.0,49900.0,56400.0,174143591.0
20231116,002881.SZ,162416666.0,3460653.0,71755935.0,114100.0,36550385.0,70900.0,39800.0,165877319.0
20231115,002881.SZ,127211116.0,4764012.0,32595035.0,145200.0,47877471.0,0.0,0.0,131975128.0
20231114,002881.SZ,142493552.0,4331316.0,48505954.0,145200.0,29345493.0,31900.0,104900.0,146824868.0
20231113,002881.SZ,123333091.0,1958064.0,12017147.0,72200.0,9284560.0,27400.0,32100.0,125291155.0
20231110,002881.SZ,120600504.0,1777950.0,4298012.0,67500.0,4816707.0,33600.0,15500.0,122378454.0
20231109,002881.SZ,121119199.0,2270112.0,13735524.0,85600.0,8897038.0,26600.0,30100.0,123389311.0
20231108,002881.SZ,116280713.0,2232299.0,12741076.0,82100.0,13287691.0,35000.0,35800.0,118513012.0
20231107,002881.SZ,116827328.0,2243880.0,13750288.0,81300.0,10265312.0,32800.0,35100.0,119071208.0
20231106,002881.SZ,113342352.0,2127470.0,7319852.0,79000.0,8191242.0,43300.0,29300.0,115469822.0
20231103,002881.SZ,114213742.0,2483100.0,6800731.0,93000.0,18823536.0,26624.0,43300.0,116696842.0
20231102,002881.SZ,126236547.0,1957711.0,7019920.0,76324.0,4449046.0,30700.0,20100.0,128194258.0
20231101,002881.SZ,123665673.0,2286101.0,6581508.0,86924.0,9170944.0,18700.0,25700.0,125951774.0
20231031,002881.SZ,126255109.0,2099603.0,11037874.0,79924.0,6809887.0,36500.0,27224.0,128354712.0
20231030,002881.SZ,122027122.0,2451216.0,10314372.0,89200.0,15200044.0,24300.0,36000.0,124478338.0
20231027,002881.SZ,126912794.0,1994075.0,8421167.0,77500.0,10174779.0,43000.0,26600.0,128906869.0
20231026,002881.SZ,128666406.0,2469570.0,7722159.0,93900.0,8181035.0,21000.0,33600.0,131135976.0
20231025,002881.SZ,129125282.0,2088597.0,17993933.0,81300.0,8277240.0,19320.0,41200.0,131213879.0
20231024,002881.SZ,119408589.0,1490848.0,10561695.0,59420.0,6605353.0,24100.0,16720.0,120899437.0
20231023,002881.SZ,115452247.0,1740808.0,12188330.0,66800.0,9112775.0,42550.0,43900.0,117193055.0
20231020,002881.SZ,112376692.0,1658503.0,4799099.0,65450.0,6190821.0,38500.0,24300.0,114035195.0
20231019,002881.SZ,113768414.0,2114708.0,4889931.0,79650.0,5580971.0,28600.0,26700.0,115883122.0
20231018,002881.SZ,114459454.0,2209190.0,3971676.0,81550.0,5682583.0,27500.0,37000.0,116668644.0
20231017,002881.SZ,116170361.0,1998667.0,8242105.0,72050.0,4788255.0,33900.0,23200.0,118169028.0
20231016,002881.SZ,112716511.0,2311208.0,6444054.0,82750.0,9838434.0,41400.0,34300.0,115027719.0
20231013,002881.SZ,116110891.0,2542755.0,11906828.0,89850.0,12021542.0,29900.0,44600.0,118653646.0
20231012,002881.SZ,116225605.0,2104952.0,5157151.0,75150.0,5542407.0,20400.0,37600.0,118330557.0
20231011,002881.SZ,116610861.0,1617964.0,9778806.0,57950.0,9521739.0,24500.0,37950.0,118228825.0
20231010,002881.SZ,116353794.0,1217520.0,5715932.0,44500.0,9432070.0,18000.0,23700.0,117571314.0
20231009,002881.SZ,120069932.0,1044884.0,12485530.0,38800.0,5473007.0,24700.0,19100.0,121114816.0
20230928,002881.SZ,113057409.0,1178820.0,6629580.0,44400.0,11816452.0,24000.0,14700.0,114236229.0
20230927,002881.SZ,118244281.0,1377405.0,4392117.0,53700.0,6483415.0,38400.0,20900.0,119621686.0
20230926,002881.SZ,120335579.0,1836960.0,8395136.0,71200.0,4191092.0,40270.0,27600.0,122172539.0
20230925,002881.SZ,116131535.0,2235136.0,9209252.0,83870.0,5778960.0,41800.0,29270.0,118366671.0
20230922,002881.SZ,112701243.0,2550744.0,8598883.0,96400.0,8508531.0,40947.0,22300.0,115251987.0
20230921,002881.SZ,112610891.0,2914140.0,4055221.0,115047.0,6611926.0,24600.0,16470.0,115525031.0
20230920,002881.SZ,115167596.0,3206297.0,6023782.0,123177.0,2634770.0,44010.0,39000.0,118373893.0
20230919,002881.SZ,111778584.0,3470022.0,2130623.0,128187.0,3776134.0,58400.0,23710.0,115248606.0
20230918,002881.SZ,113424095.0,4555670.0,7418947.0,162877.0,7537915.0,18100.0,24900.0,117979765.0
20230915,002881.SZ,113543063.0,4498139.0,11649909.0,156077.0,10259995.0,18100.0,35400.0,118041202.0
20230914,002881.SZ,112153149.0,3980124.0,11667434.0,138777.0,14887142.0,18800.0,19000.0,116133273.0
20230913,002881.SZ,115372857.0,3921729.0,9013128.0,138577.0,7550987.0,20000.0,26200.0,119294586.0
20230912,002881.SZ,113910716.0,3823048.0,5540590.0,132377.0,10004162.0,15300.0,28100.0,117733764.0
20230911,002881.SZ,118374288.0,3539479.0,19336092.0,119577.0,8640987.0,45730.0,36677.0,121913767.0
20230908,002881.SZ,107679183.0,3833174.0,12512534.0,128630.0,7539468.0,19127.0,28800.0,111512357.0
20230907,002881.SZ,102706117.0,3403360.0,4205623.0,118957.0,11745801.0,40700.0,17327.0,106109477.0
20230906,002881.SZ,110246295.0,4187349.0,10649313.0,142330.0,9221528.0,26207.0,23100.0,114433644.0
20230905,002881.SZ,108818510.0,4232217.0,9764162.0,145437.0,6894847.0,21100.0,23207.0,113050727.0
20230904,002881.SZ,105949195.0,4196702.0,5112431.0,143330.0,6788642.0,14927.0,21900.0,110145897.0
20230901,002881.SZ,107625406.0,3830269.0,2381989.0,136357.0,2515989.0,7593.0,20900.0,111455675.0
20230831,002881.SZ,107759406.0,3492159.0,4817449.0,123050.0,2637392.0,22800.0,38600.0,111251565.0
20230830,002881.SZ,105579349.0,3026595.0,5083813.0,107250.0,4203873.0,16133.0,17300.0,108605944.0
20230829,002881.SZ,104699409.0,2905614.0,1866310.0,106083.0,10417027.0,14400.0,64863.0,107605023.0
20230828,002881.SZ,113250126.0,1476711.0,3979196.0,55620.0,3928007.0,26428.0,19800.0,114726837.0
20230825,002881.SZ,113198937.0,1646460.0,9173721.0,62248.0,2549230.0,12280.0,18300.0,114845397.0
20230824,002881.SZ,106574446.0,1517594.0,1922934.0,56228.0,2850373.0,10600.0,13800.0,108092040.0
20230823,002881.SZ,107501885.0,1445013.0,5158104.0,53028.0,2761194.0,21097.0,14000.0,108946898.0
20230822,002881.SZ,105104975.0,1668469.0,2459093.0,60125.0,3679701.0,18025.0,21400.0,106773444.0
20230821,002881.SZ,106325583.0,1537358.0,1639860.0,56750.0,1767339.0,16400.0,12021.0,107862941.0
20230818,002881.SZ,106453062.0,1657207.0,2206206.0,61129.0,5105705.0,7867.0,3125.0,108110269.0
20230817,002881.SZ,109352561.0,1839777.0,3051174.0,65871.0,1782712.0,19200.0,18000.0,111192338.0
20230816,002881.SZ,108084099.0,1837745.0,2178706.0,67071.0,4648089.0,9055.0,15663.0,109921844.0
20230815,002881.SZ,110553482.0,1703848.0,6628947.0,60463.0,4312391.0,12500.0,12609.0,112257330.0
20230814,002881.SZ,108236926.0,1738195.0,3838168.0,60354.0,2668389.0,6300.0,8900.0,109975121.0
20230811,002881.SZ,107067147.0,1610182.0,1847554.0,57754.0,3367294.0,7600.0,9700.0,108677329.0
20230810,002881.SZ,108586887.0,1568886.0,1239711.0,55654.0,1765339.0,7800.0,20500.0,110155773.0
20230809,002881.SZ,109112515.0,1203141.0,3726611.0,42954.0,3101878.0,6910.0,6900.0,110315656.0
20230808,002881.SZ,108487782.0,1245527.0,2530254.0,42964.0,3250988.0,18700.0,12700.0,109733309.0
20230807,002881.SZ,109208516.0,1418487.0,4086783.0,48964.0,2801248.0,14300.0,17284.0,110627003.0
20230804,002881.SZ,107922981.0,1325144.0,3220919.0,45980.0,5534292.0,24984.0,10200.0,109248125.0
20230803,002881.SZ,110236354.0,1716584.0,5986698.0,60764.0,5575875.0,14900.0,10500.0,111952938.0
20230802,002881.SZ,109825531.0,1882588.0,2608513.0,65164.0,2866421.0,7900.0,5700.0,111708119.0
20230801,002881.SZ,110083439.0,1933347.0,8312653.0,67364.0,12221373.0,23790.0,19500.0,112016786.0
20230731,002881.SZ,113992159.0,2144605.0,14039321.0,71654.0,12623268.0,15900.0,42320.0,116136764.0
20230728,002881.SZ,112576106.0,1322190.0,4948716.0,45234.0,8831261.0,13600.0,40000.0,113898296.0
20230727,002881.SZ,116458651.0,555603.0,12839960.0,18834.0,8966456.0,16900.0,12500.0,117014254.0
20230726,002881.SZ,112585147.0,705849.0,17764798.0,23234.0,26018406.0,17300.0,20300.0,113290996.0
20230725,002881.SZ,120838755.0,652142.0,29416954.0,20234.0,23966292.0,42700.0,17334.0,121490897.0
20230724,002881.SZ,115388093.0,1491120.0,44106353.0,45600.0,26705205.0,20560.0,29600.0,116879213.0
20230721,002881.SZ,97986945.0,1135554.0,11108157.0,36560.0,5843075.0,14600.0,20560.0,99122499.0
20230720,002881.SZ,92721863.0,909432.0,5806464.0,30600.0,4106603.0,11400.0,8400.0,93631295.0
20230719,002881.SZ,91022002.0,1014048.0,3051023.0,33600.0,4460632.0,21600.0,4500.0,92036050.0
20230718,002881.SZ,92431611.0,1524549.0,1667907.0,50700.0,1547383.0,3800.0,3700.0,93956160.0
20230717,002881.SZ,92311087.0,1553464.0,1569576.0,50800.0,1650021.0,10000.0,5400.0,93864551.0
20230714,002881.SZ,92391532.0,1717954.0,7003922.0,55400.0,4482151.0,13700.0,12300.0,94109486.0
20230713,002881.SZ,89869761.0,1750576.0,2717735.0,56800.0,1792722.0,17700.0,21500.0,91620337.0
20230712,002881.SZ,88944748.0,1623390.0,3759274.0,53000.0,3380520.0,18500.0,28800.0,90568138.0
20230711,002881.SZ,88565994.0,1394582.0,3149660.0,42700.0,6219225.0,28300.0,23700.0,89960576.0
20230710,002881.SZ,91635559.0,1480490.0,2746275.0,47300.0,3284482.0,17600.0,17200.0,93116049.0
20230707,002881.SZ,92173766.0,1526877.0,8570367.0,47700.0,6139764.0,18300.0,18900.0,93700643.0
20230706,002881.SZ,89743163.0,1573140.0,5494630.0,47100.0,3216587.0,12700.0,10100.0,91316303.0
20230705,002881.SZ,87465120.0,1683836.0,10654319.0,49700.0,14515455.0,20700.0,17200.0,89148956.0
20230704,002881.SZ,91326256.0,1860404.0,16829091.0,53200.0,14970503.0,17700.0,23000.0,93186660.0
20230703,002881.SZ,89467668.0,1590280.0,7444868.0,47900.0,10011193.0,23510.0,17800.0,91057948.0
20230630,002881.SZ,92033993.0,1830782.0,6344620.0,53610.0,5424118.0,8500.0,11700.0,93864775.0
20230629,002881.SZ,91113491.0,1731079.0,5450783.0,50410.0,4534733.0,11900.0,12710.0,92844570.0
20230628,002881.SZ,90197441.0,1662592.0,4421955.0,49600.0,6135053.0,21300.0,22000.0,91860033.0
20230627,002881.SZ,91910539.0,1703187.0,1416160.0,48900.0,2499149.0,26700.0,11400.0,93613726.0
20230626,002881.SZ,92993528.0,2206554.0,13339889.0,64200.0,5993853.0,17500.0,50200.0,95200082.0
20230621,002881.SZ,85647492.0,1143450.0,15289511.0,31500.0,14675279.0,20800.0,17500.0,86790942.0
20230620,002881.SZ,85033260.0,1243056.0,9014122.0,34800.0,8011217.0,21300.0,20800.0,86276316.0
20230619,002881.SZ,84030355.0,1278919.0,13947880.0,35300.0,22265250.0,16400.0,20100.0,85309274.0
20230616,002881.SZ,92347725.0,1120220.0,13689517.0,31600.0,17350874.0,15800.0,17600.0,93467945.0
20230615,002881.SZ,96009082.0,1039722.0,17044204.0,29800.0,14643556.0,11700.0,27900.0,97048804.0
20230614,002881.SZ,93608434.0,482664.0,16207661.0,13600.0,32525442.0,23600.0,13600.0,94091098.0
20230613,002881.SZ,109926215.0,865648.0,25318412.0,23600.0,19113633.0,13600.0,13600.0,110791863.0
20230612,002881.SZ,103721436.0,855736.0,13281527.0,23600.0,14737249.0,21200.0,13600.0,104577172.0
20230609,002881.SZ,105177158.0,1135056.0,16654283.0,31200.0,23140745.0,11600.0,13600.0,106312214.0
20230608,002881.SZ,111663620.0,1050324.0,34910164.0,29200.0,28812883.0,11600.0,11600.0,112713944.0
20230607,002881.SZ,105566339.0,1030760.0,21484074.0,29200.0,13488104.0,11600.0,11600.0,106597099.0
20230606,002881.SZ,97570369.0,1049156.0,23152859.0,29200.0,21402147.0,11600.0,11600.0,98619525.0
20230605,002881.SZ,95819657.0,1085948.0,46443073.0,29200.0,59022123.0,11600.0,20400.0,96905605.0
20230602,002881.SZ,108398707.0,726444.0,26962049.0,20400.0,22069264.0,11600.0,20400.0,109125151.0
20230601,002881.SZ,103505922.0,376652.0,11516574.0,11600.0,8551498.0,11600.0,11600.0,103882574.0
20230531,002881.SZ,100540846.0,373752.0,7852228.0,11600.0,11232016.0,11540.0,11600.0,100914598.0
20230530,002881.SZ,103920634.0,363510.0,9525279.0,11540.0,8784697.0,6100.0,11540.0,104284144.0
20230529,002881.SZ,103180052.0,192821.0,14337034.0,6100.0,10294821.0,13700.0,6100.0,103372873.0
20230526,002881.SZ,99137839.0,424837.0,8225510.0,13700.0,7197724.0,2200.0,3200.0,99562676.0
20230525,002881.SZ,98110053.0,391033.0,5057538.0,12700.0,6740424.0,5000.0,4800.0,98501086.0
20230524,002881.SZ,99792939.0,403770.0,5279699.0,12900.0,10985763.0,16000.0,5200.0,100196709.0
20230523,002881.SZ,105499003.0,740388.0,14639011.0,23700.0,22850766.0,6100.0,6100.0,106239391.0
20230522,002881.SZ,113710758.0,791343.0,37468259.0,23700.0,31930270.0,6100.0,23700.0,114502101.0
20230519,002881.SZ,108172769.0,195932.0,23345939.0,6100.0,25802616.0,5600.0,6100.0,108368701.0
20230518,002881.SZ,110629446.0,163520.0,7161971.0,5600.0,9601164.0,4400.0,3900.0,110792966.0
20230517,002881.SZ,113068639.0,177205.0,8700605.0,6100.0,11709535.0,4600.0,6100.0,113245844.0
20230516,002881.SZ,116077569.0,126316.0,4074205.0,4600.0,2482340.0,1100.0,1500.0,116203885.0
20230515,002881.SZ,114485704.0,114114.0,2519805.0,4200.0,4076616.0,3600.0,4200.0,114599818.0
20230512,002881.SZ,116042515.0,96876.0,1537174.0,3600.0,4864733.0,0.0,3600.0,116139391.0
20230511,002881.SZ,119370074.0,0.0,1752473.0,0.0,3874160.0,0.0,0.0,119370074.0
20230510,002881.SZ,121491761.0,0.0,2740988.0,0.0,11093635.0,0.0,0.0,121491761.0
20230509,002881.SZ,129844408.0,0.0,4068690.0,0.0,11289512.0,9000.0,0.0,129844408.0
20230508,002881.SZ,137065230.0,253800.0,8662460.0,9000.0,3363790.0,0.0,0.0,137319030.0
20230505,002881.SZ,131766560.0,249390.0,5015814.0,9000.0,7151775.0,0.0,0.0,132015950.0
20230504,002881.SZ,133902521.0,260010.0,4567356.0,9000.0,3913499.0,0.0,0.0,134162531.0
20230428,002881.SZ,133248664.0,263160.0,8280359.0,9000.0,7005860.0,0.0,0.0,133511824.0
20230427,002881.SZ,131974165.0,256500.0,10102594.0,9000.0,17474358.0,0.0,9000.0,132230665.0
20230426,002881.SZ,139345929.0,0.0,23169218.0,0.0,19734447.0,0.0,0.0,139345929.0
20230425,002881.SZ,135911158.0,0.0,27955662.0,0.0,25604847.0,4100.0,0.0,135911158.0
20230424,002881.SZ,133560343.0,150101.0,27109451.0,4100.0,26171906.0,14113.0,4100.0,133710444.0
20230421,002881.SZ,132622798.0,537988.0,40939409.0,14113.0,36704309.0,14100.0,14100.0,133160786.0
20230420,002881.SZ,128387698.0,552806.0,55514796.0,14113.0,48036979.0,13900.0,14100.0,128940504.0
20230419,002881.SZ,120909881.0,512972.0,49677363.0,13913.0,39800817.0,14400.0,13900.0,121422853.0
20230418,002881.SZ,111033335.0,548559.0,27966297.0,14413.0,32153577.0,13300.0,14400.0,111581894.0
20230417,002881.SZ,115220615.0,460630.0,37259883.0,13313.0,23348772.0,14400.0,13300.0,115681245.0
20230414,002881.SZ,101309504.0,527228.0,34318447.0,14413.0,41519951.0,13900.0,14400.0,101836732.0
20230413,002881.SZ,108511008.0,490016.0,36503217.0,13913.0,24333771.0,13810.0,13900.0,109001024.0
20230412,002881.SZ,96341562.0,476894.0,15833340.0,13823.0,15913073.0,13300.0,13810.0,96818456.0
20230411,002881.SZ,96421295.0,443989.0,11221464.0,13313.0,11920361.0,12900.0,13300.0,96865284.0
20230410,002881.SZ,97120192.0,443820.0,28721677.0,12913.0,17798363.0,11700.0,12900.0,97564012.0
20230407,002881.SZ,86196878.0,415694.0,18982560.0,11713.0,30053820.0,14000.0,11700.0,86612572.0
20230406,002881.SZ,97268138.0,504468.0,43553068.0,14013.0,21800352.0,14200.0,14013.0,97772606.0
20230404,002881.SZ,75515422.0,480102.0,15330165.0,14200.0,17218459.0,14100.0,14200.0,75995524.0
20230403,002881.SZ,77403716.0,477285.0,13367784.0,14100.0,10325973.0,8300.0,9700.0,77881001.0
20230331,002881.SZ,74361905.0,425069.0,9027417.0,12700.0,6040467.0,13000.0,10400.0,74786974.0
20230330,002881.SZ,71374955.0,504441.0,7981771.0,15300.0,6724627.0,16300.0,15300.0,71879396.0
20230329,002881.SZ,70117811.0,546050.0,5650787.0,16300.0,7399001.0,6200.0,7700.0,70663861.0
20230328,002881.SZ,71866025.0,494764.0,17719452.0,14800.0,6193589.0,4300.0,14800.0,72360789.0
20230327,002881.SZ,60340162.0,149339.0,15422671.0,4300.0,25797061.0,19400.0,4300.0,60489501.0
20230324,002881.SZ,70714552.0,667942.0,22020929.0,19400.0,38520273.0,19700.0,19400.0,71382494.0
20230323,002881.SZ,87213896.0,641432.0,29643474.0,19700.0,18129097.0,19400.0,19700.0,87855328.0
20230322,002881.SZ,75699519.0,591894.0,8059069.0,19400.0,12822487.0,14500.0,19400.0,76291413.0
20230321,002881.SZ,80462937.0,431810.0,5621902.0,14500.0,4210575.0,8800.0,7900.0,80894747.0
20230320,002881.SZ,79051610.0,455378.0,4724062.0,15400.0,8213429.0,6300.0,8000.0,79506988.0
20230317,002881.SZ,82540977.0,401410.0,4675132.0,13700.0,6736199.0,8700.0,8500.0,82942387.0
20230316,002881.SZ,84602044.0,397540.0,6013501.0,13900.0,18468417.0,13650.0,13600.0,84999584.0
20230315,002881.SZ,97056960.0,412362.0,4424574.0,13950.0,7676287.0,5300.0,6900.0,97469322.0
20230314,002881.SZ,100308673.0,369265.0,6992959.0,12350.0,7795424.0,11500.0,11400.0,100677938.0
20230313,002881.SZ,101111138.0,377484.0,10892472.0,12450.0,10580359.0,6000.0,12450.0,101488622.0
20230310,002881.SZ,100799025.0,183060.0,20855073.0,6000.0,25221124.0,4900.0,6000.0,100982085.0
20230309,002881.SZ,105165076.0,161455.0,21230022.0,4900.0,15280851.0,9700.0,3600.0,105326531.0
20230308,002881.SZ,99215905.0,368170.0,22682505.0,11000.0,13285140.0,6000.0,11000.0,99584075.0
20230307,002881.SZ,89818540.0,198600.0,22510358.0,6000.0,28252743.0,16000.0,6000.0,90017140.0
20230306,002881.SZ,95560925.0,562720.0,50069901.0,16000.0,24387790.0,6600.0,16000.0,96123645.0
20230303,002881.SZ,69878814.0,240438.0,49336894.0,6600.0,19443383.0,6000.0,6600.0,70119252.0
20230302,002881.SZ,39985303.0,198720.0,11614974.0,6000.0,9615104.0,5800.0,6000.0,40184023.0
20230301,002881.SZ,37985433.0,190820.0,3956441.0,5800.0,2284331.0,3700.0,3500.0,38176253.0
20230228,002881.SZ,36313323.0,193860.0,869311.0,6000.0,4345706.0,1800.0,1200.0,36507183.0
20230227,002881.SZ,39789718.0,212916.0,1254164.0,6600.0,2487522.0,5400.0,6000.0,40002634.0
20230224,002881.SZ,41023076.0,195000.0,686456.0,6000.0,1246416.0,2400.0,2500.0,41218076.0
20230223,002881.SZ,41583036.0,194287.0,5974673.0,5900.0,2352083.0,3800.0,3800.0,41777323.0
20230222,002881.SZ,37960446.0,195467.0,4074689.0,5900.0,2898946.0,5800.0,4800.0,38155913.0
20230221,002881.SZ,36784703.0,233082.0,9547772.0,6900.0,4231015.0,20400.0,6900.0,37017785.0
20230220,002881.SZ,31467946.0,668712.0,5452312.0,20400.0,4793978.0,7000.0,20400.0,32136658.0
20230217,002881.SZ,30809612.0,228900.0,4628038.0,7000.0,7536140.0,6300.0,6900.0,31038512.0
20230216,002881.SZ,33717714.0,216832.0,8304803.0,6400.0,21460807.0,7500.0,6400.0,33934546.0
20230215,002881.SZ,46873718.0,264600.0,3380439.0,7500.0,11106835.0,4800.0,5600.0,47138318.0
20230214,002881.SZ,54600114.0,235170.0,17758818.0,6700.0,5526752.0,6100.0,6500.0,54835284.0
20230213,002881.SZ,42368048.0,222642.0,14741035.0,6300.0,6917939.0,5700.0,6300.0,42590690.0
20230210,002881.SZ,34544952.0,192717.0,4668727.0,5700.0,10264009.0,2000.0,2200.0,34737669.0
20230209,002881.SZ,40140234.0,188265.0,5432162.0,5500.0,9701185.0,1900.0,1400.0,40328499.0
20230208,002881.SZ,44409257.0,199620.0,4492923.0,6000.0,3666001.0,2100.0,1800.0,44608877.0
20230207,002881.SZ,43582335.0,211239.0,2658302.0,6300.0,11870911.0,6300.0,6300.0,43793574.0
20230206,002881.SZ,52794944.0,209916.0,11304331.0,6300.0,8300070.0,6270.0,6300.0,53004860.0
20230203,002881.SZ,49790683.0,217883.0,7829221.0,6270.0,6009169.0,6300.0,6270.0,50008566.0
20230202,002881.SZ,47970631.0,214830.0,8723920.0,6300.0,6792646.0,6300.0,6300.0,48185461.0
20230201,002881.SZ,46039357.0,211680.0,9352713.0,6300.0,4274110.0,6200.0,6300.0,46251037.0
20230131,002881.SZ,40960754.0,202244.0,13028045.0,6200.0,2763816.0,6400.0,6200.0,41162998.0
20230130,002881.SZ,30696525.0,204672.0,9598906.0,6400.0,5659590.0,3700.0,3700.0,30901197.0
20230120,002881.SZ,26757209.0,201280.0,5501536.0,6400.0,5370744.0,3500.0,4300.0,26958489.0
20230119,002881.SZ,26626417.0,177520.0,3563381.0,5600.0,2409939.0,4500.0,3700.0,26803937.0
20230118,002881.SZ,25472975.0,203840.0,3396911.0,6400.0,6669852.0,5900.0,6400.0,25676815.0
20230117,002881.SZ,28745916.0,182015.0,3272999.0,5900.0,7310152.0,5400.0,4300.0,28927931.0
20230116,002881.SZ,32783069.0,216580.0,5326559.0,7000.0,13316530.0,7200.0,6700.0,32999649.0
20230113,002881.SZ,40773040.0,236925.0,22063179.0,7500.0,3922672.0,6700.0,7500.0,41009965.0
20230112,002881.SZ,22632533.0,206561.0,4968853.0,6700.0,3662223.0,7700.0,6700.0,22839094.0
20230111,002881.SZ,21325903.0,240779.0,6179190.0,7700.0,4025251.0,7700.0,7700.0,21566682.0
20230110,002881.SZ,19171964.0,231000.0,3413204.0,7700.0,4444304.0,6440.0,7700.0,19402964.0
20230109,002881.SZ,20203064.0,187211.0,2387167.0,6440.0,1227551.0,6500.0,5400.0,20390275.0
20230106,002881.SZ,19043448.0,216096.0,1468704.0,7540.0,1207806.0,3400.0,4800.0,19259544.0
20230105,002881.SZ,18782550.0,173762.0,1848636.0,6140.0,3915817.0,3400.0,2800.0,18956312.0
20230104,002881.SZ,20849731.0,191955.0,923434.0,6740.0,1368267.0,5400.0,5800.0,21041686.0
20230103,002881.SZ,21294564.0,178027.0,4180874.0,6340.0,1734934.0,3300.0,2100.0,21472591.0
20241231,002881.SZ,142057060.0,0.0,32957874.0,0.0,32490171.0,0.0,0.0,142057060.0
20241230,002881.SZ,141589357.0,0.0,46818660.0,0.0,41281402.0,0.0,0.0,141589357.0
20241227,002881.SZ,136052099.0,0.0,37062876.0,0.0,45913990.0,0.0,0.0,136052099.0
20241226,002881.SZ,144903213.0,0.0,39241328.0,0.0,34940194.0,0.0,0.0,144903213.0
20241225,002881.SZ,140602079.0,0.0,14579675.0,0.0,14931466.0,0.0,0.0,140602079.0
20241224,002881.SZ,140953870.0,0.0,11450510.0,0.0,10141982.0,0.0,0.0,140953870.0
20241223,002881.SZ,139645342.0,0.0,16324797.0,0.0,20222018.0,0.0,0.0,139645342.0
20241220,002881.SZ,143542563.0,0.0,25692206.0,0.0,23132093.0,0.0,0.0,143542563.0
20241219,002881.SZ,140982450.0,0.0,30509435.0,0.0,16790225.0,0.0,0.0,140982450.0
20241218,002881.SZ,127263240.0,0.0,10750848.0,0.0,6560331.0,0.0,0.0,127263240.0
20241217,002881.SZ,123072723.0,0.0,12989911.0,0.0,11919694.0,0.0,0.0,123072723.0
20241216,002881.SZ,122002506.0,0.0,9456270.0,0.0,14005750.0,0.0,0.0,122002506.0
20241213,002881.SZ,126551986.0,0.0,19163937.0,0.0,20392904.0,0.0,0.0,126551986.0
20241212,002881.SZ,127780953.0,0.0,21734764.0,0.0,32431852.0,0.0,0.0,127780953.0
20241211,002881.SZ,138478041.0,0.0,50331328.0,0.0,28462845.0,0.0,0.0,138478041.0
20241210,002881.SZ,116609558.0,0.0,55863455.0,0.0,58363391.0,0.0,0.0,116609558.0
20241209,002881.SZ,119109494.0,0.0,12280389.0,0.0,17818287.0,0.0,0.0,119109494.0
20241206,002881.SZ,124647392.0,0.0,11294004.0,0.0,18535299.0,0.0,0.0,124647392.0
20241205,002881.SZ,131888687.0,0.0,31286837.0,0.0,21576978.0,0.0,0.0,131888687.0
20241204,002881.SZ,122178828.0,0.0,4835901.0,0.0,4251548.0,0.0,0.0,122178828.0
20241203,002881.SZ,121594475.0,0.0,3558118.0,0.0,4611196.0,0.0,0.0,121594475.0
20241202,002881.SZ,122647553.0,0.0,7930636.0,0.0,6197721.0,300.0,0.0,122647553.0
20241129,002881.SZ,120914638.0,7317.0,5192592.0,300.0,6620586.0,8100.0,0.0,120921955.0
20241128,002881.SZ,122342632.0,201768.0,7250687.0,8400.0,9400000.0,0.0,0.0,122544400.0
20241127,002881.SZ,124491945.0,203868.0,6070368.0,8400.0,5040940.0,0.0,0.0,124695813.0
20241126,002881.SZ,123462517.0,201600.0,4220119.0,8400.0,5375721.0,0.0,0.0,123664117.0
20241125,002881.SZ,124618119.0,203028.0,5875611.0,8400.0,2349732.0,0.0,0.0,124821147.0
20241122,002881.SZ,121092240.0,200592.0,4395892.0,8400.0,6134546.0,0.0,0.0,121292832.0
20241121,002881.SZ,122830894.0,210000.0,4336779.0,8400.0,5064897.0,0.0,0.0,123040894.0
20241120,002881.SZ,123559012.0,213276.0,6637629.0,8400.0,7810117.0,100.0,0.0,123772288.0
20241119,002881.SZ,124731500.0,212925.0,3094120.0,8500.0,5051532.0,0.0,600.0,124944425.0
20241118,002881.SZ,126688912.0,191970.0,5759436.0,7900.0,6233697.0,0.0,0.0,126880882.0
20241115,002881.SZ,127163173.0,199396.0,6724429.0,7900.0,6593443.0,0.0,0.0,127362569.0
20241114,002881.SZ,127032187.0,202240.0,5861417.0,7900.0,7319201.0,0.0,0.0,127234427.0
20241113,002881.SZ,128489971.0,209271.0,6807828.0,7900.0,24678493.0,0.0,0.0,128699242.0
20241112,002881.SZ,146360636.0,210851.0,15617009.0,7900.0,19953962.0,0.0,0.0,146571487.0
20241111,002881.SZ,150697589.0,214090.0,20688602.0,7900.0,16102642.0,0.0,0.0,150911679.0
20241108,002881.SZ,146111629.0,206664.0,16379756.0,7900.0,14855962.0,0.0,0.0,146318293.0
20241107,002881.SZ,144587835.0,206427.0,13970000.0,7900.0,11165244.0,0.0,0.0,144794262.0
20241106,002881.SZ,141783079.0,206585.0,17694987.0,7900.0,17288899.0,0.0,0.0,141989664.0
20241105,002881.SZ,141376991.0,208639.0,20445103.0,7900.0,18461929.0,0.0,0.0,141585630.0
20241104,002881.SZ,139393817.0,204452.0,8974179.0,7900.0,12760784.0,0.0,0.0,139598269.0
20241101,002881.SZ,143180422.0,195130.0,10372891.0,7900.0,13369578.0,0.0,0.0,143375552.0
20241031,002881.SZ,146177109.0,204926.0,33970130.0,7900.0,22545754.0,0.0,0.0,146382035.0
20241030,002881.SZ,134752733.0,203741.0,17365493.0,7900.0,20229358.0,1200.0,0.0,134956474.0
20241029,002881.SZ,137616598.0,229775.0,21375452.0,9100.0,25058975.0,100.0,0.0,137846373.0
20241028,002881.SZ,141300121.0,229264.0,12690044.0,9200.0,16903338.0,100.0,0.0,141529385.0
20241025,002881.SZ,145513415.0,225060.0,7341174.0,9300.0,13540711.0,0.0,1900.0,145738475.0
20241024,002881.SZ,151712952.0,176712.0,9657536.0,7400.0,6404511.0,0.0,0.0,151889664.0
20241023,002881.SZ,148459927.0,175528.0,10317557.0,7400.0,16388075.0,0.0,1900.0,148635455.0
20241022,002881.SZ,154530445.0,132330.0,11671028.0,5500.0,12930690.0,2300.0,0.0,154662775.0
20241021,002881.SZ,155790107.0,188292.0,17478549.0,7800.0,22236903.0,0.0,1800.0,155978399.0
20241018,002881.SZ,160548461.0,143580.0,23637862.0,6000.0,17076858.0,0.0,0.0,160692041.0
20241017,002881.SZ,153987457.0,140640.0,14836157.0,6000.0,12260494.0,0.0,500.0,154128097.0
20241016,002881.SZ,151411794.0,126005.0,5156776.0,5500.0,5385615.0,0.0,0.0,151537799.0
20241015,002881.SZ,151640633.0,126885.0,8281454.0,5500.0,13193004.0,100.0,200.0,151767518.0
20241014,002881.SZ,156552183.0,127224.0,11428441.0,5400.0,12682646.0,4900.0,0.0,156679407.0
20241011,002881.SZ,157806388.0,233089.0,13915488.0,10300.0,13131705.0,0.0,600.0,158039477.0
20241010,002881.SZ,157022605.0,230472.0,19551171.0,9700.0,17551946.0,0.0,4400.0,157253077.0
20241009,002881.SZ,155023380.0,125928.0,26815036.0,5300.0,21864120.0,600.0,200.0,155149308.0
20241008,002881.SZ,150072464.0,146547.0,53452554.0,5700.0,39418819.0,600.0,0.0,150219011.0
20240930,002881.SZ,136038729.0,150507.0,42118255.0,6300.0,33058502.0,0.0,0.0,136189236.0
20240927,002881.SZ,126978976.0,138096.0,22055474.0,6300.0,21953061.0,12400.0,0.0,127117072.0
20240926,002881.SZ,126876563.0,391017.0,11454806.0,18700.0,14603184.0,0.0,0.0,127267580.0
20240925,002881.SZ,130024941.0,384098.0,11232918.0,18700.0,8829074.0,0.0,600.0,130409039.0
20240924,002881.SZ,127621097.0,371593.0,7709409.0,18100.0,9337549.0,800.0,0.0,127992690.0
20240923,002881.SZ,129249237.0,384237.0,4420953.0,18900.0,4524958.0,0.0,0.0,129633474.0
20240920,002881.SZ,129353242.0,385182.0,3786534.0,18900.0,5144055.0,0.0,0.0,129738424.0
20240919,002881.SZ,130710763.0,376110.0,4182075.0,18900.0,4559802.0,0.0,1900.0,131086873.0
20240918,002881.SZ,131088490.0,334220.0,2691222.0,17000.0,2982515.0,0.0,0.0,131422710.0
20240913,002881.SZ,131379783.0,337960.0,4565622.0,17000.0,7749730.0,100.0,800.0,131717743.0
20240912,002881.SZ,134563891.0,334639.0,5680814.0,16300.0,6229271.0,0.0,0.0,134898530.0
20240911,002881.SZ,135112348.0,333987.0,5214788.0,16300.0,4741236.0,800.0,0.0,135446335.0
20240910,002881.SZ,134638796.0,356364.0,7582465.0,17100.0,6031097.0,0.0,0.0,134995160.0
20240909,002881.SZ,133087428.0,348156.0,3830729.0,17100.0,11763221.0,1900.0,0.0,133435584.0
20240906,002881.SZ,141019920.0,393870.0,7294113.0,19000.0,14043981.0,0.0,0.0,141413790.0
20240905,002881.SZ,147769788.0,412300.0,9915257.0,19000.0,9579885.0,0.0,2100.0,148182088.0
20240904,002881.SZ,147434416.0,361322.0,12731354.0,16900.0,18836887.0,100.0,200.0,147795738.0
20240903,002881.SZ,153539949.0,375312.0,17828740.0,16800.0,16767071.0,200.0,100.0,153915261.0
20240902,002881.SZ,152478280.0,371800.0,21000876.0,16900.0,24589449.0,500.0,0.0,152850080.0
20240830,002881.SZ,156066853.0,399678.0,51865917.0,17400.0,43124601.0,1500.0,300.0,156466531.0
20240829,002881.SZ,147325537.0,419802.0,51178102.0,18600.0,41637813.0,700.0,0.0,147745339.0
20240828,002881.SZ,137785248.0,425372.0,18977508.0,19300.0,13690683.0,0.0,0.0,138210620.0
20240827,002881.SZ,132498423.0,386772.0,9043732.0,19300.0,7599344.0,7200.0,500.0,132885195.0
20240826,002881.SZ,131054035.0,542880.0,15406181.0,26000.0,22679570.0,2900.0,100.0,131596915.0
20240823,002881.SZ,138327424.0,604512.0,22553471.0,28800.0,21330294.0,1100.0,0.0,138931936.0
20240822,002881.SZ,137104247.0,596505.0,20233770.0,29900.0,13597927.0,0.0,1000.0,137700752.0
20240821,002881.SZ,130468404.0,597652.0,17520535.0,28900.0,20497565.0,100.0,0.0,131066056.0
20240820,002881.SZ,133445434.0,576230.0,6703021.0,29000.0,8880273.0,0.0,100.0,134021664.0
20240819,002881.SZ,135622686.0,589849.0,20636974.0,28900.0,14703707.0,1100.0,1400.0,136212535.0
20240816,002881.SZ,129689419.0,577434.0,16202472.0,28600.0,15106415.0,0.0,100.0,130266853.0
20240815,002881.SZ,128593362.0,541215.0,5369334.0,28500.0,4016700.0,2500.0,1300.0,129134577.0
20240814,002881.SZ,127240728.0,555984.0,3198121.0,29700.0,2869644.0,2300.0,0.0,127796712.0
20240813,002881.SZ,126912251.0,587520.0,1185993.0,32000.0,823851.0,1400.0,300.0,127499771.0
20240812,002881.SZ,126550109.0,603082.0,1561879.0,33100.0,1474946.0,1800.0,700.0,127153191.0
20240809,002881.SZ,126463176.0,631674.0,1852311.0,34200.0,2960353.0,2300.0,1900.0,127094850.0
20240808,002881.SZ,127571218.0,640446.0,3272601.0,34600.0,2228959.0,2400.0,1000.0,128211664.0
20240807,002881.SZ,126527576.0,673200.0,2046494.0,36000.0,3577830.0,1100.0,100.0,127200776.0
20240806,002881.SZ,128058912.0,682650.0,2313222.0,37000.0,1866651.0,1300.0,1900.0,128741562.0
20240805,002881.SZ,127612341.0,664300.0,3663090.0,36400.0,4194781.0,4700.0,800.0,128276641.0
20240802,002881.SZ,128144032.0,772148.0,4668084.0,40300.0,4399340.0,200.0,2200.0,128916180.0
20240801,002881.SZ,127875288.0,760255.0,6282857.0,38300.0,5330767.0,2100.0,1000.0,128635543.0
20240731,002881.SZ,126923198.0,777362.0,7452863.0,39400.0,4248773.0,5600.0,1200.0,127700560.0
20240730,002881.SZ,123719108.0,847968.0,4549619.0,43800.0,3422061.0,1100.0,4100.0,124567076.0
20240729,002881.SZ,122591550.0,786216.0,5021964.0,40800.0,5664421.0,3400.0,900.0,123377766.0
20240726,002881.SZ,123234007.0,832226.0,4846277.0,43300.0,4572995.0,3400.0,3200.0,124066233.0
20240725,002881.SZ,122960725.0,813450.0,4408015.0,43500.0,3475039.0,4600.0,3600.0,123774175.0
20240724,002881.SZ,122027749.0,843275.0,4620907.0,44500.0,8613167.0,3400.0,3100.0,122871024.0
20240723,002881.SZ,126020009.0,890624.0,15990798.0,44800.0,10165826.0,1900.0,10000.0,126910633.0
20240722,002881.SZ,120195037.0,706108.0,2014577.0,36700.0,2460908.0,700.0,0.0,120901145.0
20240719,002881.SZ,120641368.0,709852.0,1317517.0,37400.0,4350277.0,1600.0,300.0,121351220.0
20240718,002881.SZ,123674128.0,726012.0,2148077.0,38700.0,3377031.0,1800.0,500.0,124400140.0
20240717,002881.SZ,124903082.0,756800.0,7059002.0,40000.0,1808041.0,100.0,8400.0,125659882.0
20240716,002881.SZ,119652121.0,615614.0,1608182.0,31700.0,2131290.0,7500.0,0.0,120267735.0
20240715,002881.SZ,120175229.0,751072.0,2309320.0,39200.0,1361805.0,2200.0,6300.0,120926301.0
20240712,002881.SZ,119227714.0,679536.0,3161921.0,35100.0,1554037.0,2100.0,3700.0,119907250.0
20240711,002881.SZ,117619830.0,656935.0,3180975.0,33500.0,3620884.0,7900.0,1900.0,118276765.0
20240710,002881.SZ,118059739.0,750500.0,2130508.0,39500.0,1816094.0,400.0,300.0,118810239.0
20240709,002881.SZ,117745325.0,749628.0,2382077.0,39600.0,3082046.0,5700.0,2500.0,118494953.0
20240708,002881.SZ,118445294.0,766976.0,1862040.0,42800.0,1344977.0,3200.0,1600.0,119212270.0
20240705,002881.SZ,117928231.0,822288.0,1650432.0,44400.0,1034122.0,2200.0,4900.0,118750519.0
20240704,002881.SZ,117311921.0,771867.0,1512110.0,41700.0,1603079.0,2300.0,1000.0,118083788.0
20240703,002881.SZ,117402890.0,820870.0,2954312.0,43000.0,1079863.0,300.0,1400.0,118223760.0
20240702,002881.SZ,115528441.0,807413.0,1778258.0,41900.0,1168323.0,1000.0,700.0,116335854.0
20240701,002881.SZ,114918506.0,822056.0,1749835.0,42200.0,1373660.0,400.0,3200.0,115740562.0
20240628,002881.SZ,114542331.0,781696.0,3445915.0,39400.0,7215566.0,7500.0,1800.0,115324027.0
20240627,002881.SZ,118311982.0,876293.0,3514933.0,45100.0,2484041.0,4000.0,1000.0,119188275.0
20240626,002881.SZ,117281090.0,959114.0,2878199.0,48100.0,4801950.0,1500.0,2100.0,118240204.0
20240625,002881.SZ,119204841.0,892525.0,3982784.0,47500.0,1424650.0,7200.0,200.0,120097366.0
20240624,002881.SZ,116646707.0,1057300.0,3529589.0,54500.0,6973755.0,700.0,1400.0,117704007.0
20240621,002881.SZ,120090873.0,1116888.0,4170413.0,53800.0,4406859.0,4500.0,2500.0,121207761.0
20240620,002881.SZ,120327319.0,1155618.0,3948468.0,55800.0,7327156.0,100.0,15200.0,121482937.0
20240619,002881.SZ,123706007.0,872608.0,7950259.0,40700.0,7740932.0,600.0,2500.0,124578615.0
20240618,002881.SZ,123496680.0,833812.0,7129151.0,38800.0,10145324.0,2300.0,2500.0,124330492.0
20240617,002881.SZ,126512853.0,811372.0,5229527.0,38600.0,4488667.0,3900.0,2400.0,127324225.0
20240614,002881.SZ,125771993.0,835283.0,6885053.0,40100.0,4973144.0,1800.0,100.0,126607276.0
20240613,002881.SZ,123860084.0,861080.0,6196702.0,41800.0,4877824.0,1200.0,4900.0,124721164.0
20240612,002881.SZ,122541206.0,778383.0,2861985.0,38100.0,3427451.0,5300.0,3700.0,123319589.0
20240611,002881.SZ,123106672.0,797176.0,2633947.0,39700.0,6090032.0,21900.0,2000.0,123903848.0
20240607,002881.SZ,126562757.0,1161604.0,3230412.0,59600.0,3159474.0,6300.0,7400.0,127724361.0
20240606,002881.SZ,126491819.0,1146015.0,7890036.0,58500.0,23922345.0,3500.0,700.0,127637834.0
20240605,002881.SZ,142524128.0,1263393.0,7408546.0,61300.0,6089356.0,1300.0,5200.0,143787521.0
20240604,002881.SZ,141204938.0,1208270.0,25504751.0,57400.0,6930673.0,1600.0,11000.0,142413208.0
20240603,002881.SZ,122630860.0,1019040.0,13021712.0,48000.0,7269875.0,9400.0,900.0,123649900.0
20240531,002881.SZ,116879023.0,1222660.0,11778144.0,56500.0,11893384.0,700.0,9700.0,118101683.0
20240530,002881.SZ,116994263.0,969000.0,2454776.0,47500.0,1881427.0,2100.0,900.0,117963263.0
20240529,002881.SZ,116420914.0,988610.0,2880800.0,48700.0,3417350.0,1300.0,2800.0,117409524.0
20240528,002881.SZ,116957464.0,947776.0,2680250.0,47200.0,1789968.0,900.0,1800.0,117905240.0
20240527,002881.SZ,116067182.0,943594.0,1754307.0,46300.0,2946152.0,1400.0,2200.0,117010776.0
20240524,002881.SZ,117259027.0,931385.0,2895465.0,45500.0,7998934.0,7000.0,1900.0,118190412.0
20240523,002881.SZ,122362496.0,1067660.0,5692555.0,50600.0,4563474.0,1500.0,5800.0,123430156.0
20240522,002881.SZ,121233415.0,988505.0,2084344.0,46300.0,2737777.0,400.0,400.0,122221920.0
20240521,002881.SZ,121886848.0,982023.0,1462515.0,46300.0,2503178.0,1600.0,800.0,122868871.0
20240520,002881.SZ,122927511.0,1002759.0,3114675.0,47100.0,1775161.0,4100.0,1400.0,123930270.0
20240517,002881.SZ,121587997.0,1058250.0,2613820.0,49800.0,7703813.0,2500.0,1000.0,122646247.0
20240516,002881.SZ,126677990.0,1062423.0,2849920.0,51300.0,4236945.0,2300.0,200.0,127740413.0
20240515,002881.SZ,128065015.0,1090962.0,4017067.0,53400.0,2419471.0,100.0,1600.0,129155977.0
20240514,002881.SZ,126467419.0,1079520.0,3739473.0,51900.0,3351397.0,4900.0,600.0,127546939.0
20240513,002881.SZ,126079343.0,1157720.0,2915335.0,56200.0,1989097.0,6100.0,21600.0,127237063.0
20240510,002881.SZ,125153105.0,861212.0,4101609.0,40700.0,4054936.0,600.0,1600.0,126014317.0
20240509,002881.SZ,125106432.0,861490.0,3365311.0,39700.0,2163692.0,800.0,300.0,125967922.0
20240508,002881.SZ,123904813.0,866310.0,1420800.0,40200.0,6213820.0,0.0,400.0,124771123.0
20240507,002881.SZ,128697833.0,881570.0,2539728.0,39800.0,1788572.0,0.0,600.0,129579403.0
20240506,002881.SZ,127946677.0,871416.0,7572664.0,39200.0,3732552.0,1500.0,100.0,128818093.0
20240430,002881.SZ,124106565.0,900102.0,4785956.0,40600.0,4937662.0,0.0,2300.0,125006667.0
20240429,002881.SZ,124258271.0,851792.0,3947608.0,38300.0,4964826.0,3000.0,6100.0,125110063.0
20240426,002881.SZ,125275489.0,761376.0,5337169.0,35200.0,3864763.0,3400.0,300.0,126036865.0
20240425,002881.SZ,123803083.0,803151.0,3422760.0,38300.0,4891724.0,700.0,600.0,124606234.0
20240424,002881.SZ,125272047.0,823296.0,7772029.0,38400.0,3191031.0,300.0,500.0,126095343.0
20240423,002881.SZ,120691049.0,789594.0,2099521.0,38200.0,3933507.0,1700.0,0.0,121480643.0
20240422,002881.SZ,122525035.0,811965.0,1658401.0,39900.0,1660284.0,1200.0,0.0,123337000.0
20240419,002881.SZ,122526918.0,840084.0,4715162.0,41100.0,3311525.0,3300.0,800.0,123367002.0
20240418,002881.SZ,121123281.0,906008.0,3000714.0,43600.0,5631651.0,2600.0,100.0,122029289.0
20240417,002881.SZ,123754218.0,972710.0,5938810.0,46100.0,7540351.0,1800.0,2400.0,124726928.0
20240416,002881.SZ,125355759.0,885885.0,3878613.0,45500.0,4913213.0,11800.0,3800.0,126241644.0
20240415,002881.SZ,126390359.0,1137410.0,4853712.0,53500.0,7082707.0,800.0,2100.0,127527769.0
20240412,002881.SZ,128619354.0,1159362.0,3276207.0,52200.0,5390305.0,3200.0,1200.0,129778716.0
20240411,002881.SZ,130733452.0,1210286.0,2362870.0,54200.0,3133654.0,3300.0,1300.0,131943738.0
20240410,002881.SZ,131504236.0,1252698.0,4481325.0,56200.0,5968135.0,4500.0,4100.0,132756934.0
20240409,002881.SZ,132991046.0,1309158.0,4105633.0,56600.0,2950129.0,200.0,7400.0,134300204.0
20240408,002881.SZ,131835542.0,1126320.0,2317507.0,49400.0,3654699.0,900.0,4300.0,132961862.0
20240403,002881.SZ,133172734.0,1073180.0,4995933.0,46000.0,9640360.0,1600.0,7600.0,134245914.0
20240402,002881.SZ,137817161.0,960800.0,8592338.0,40000.0,8191160.0,4600.0,1200.0,138777961.0
20240401,002881.SZ,137415983.0,1069376.0,18428300.0,43400.0,8665929.0,3500.0,3300.0,138485359.0
20240329,002881.SZ,127653612.0,1076048.0,13390224.0,43600.0,15641407.0,12800.0,10400.0,128729660.0
20240328,002881.SZ,129904795.0,1077780.0,8341950.0,46000.0,6175591.0,3800.0,100.0,130982575.0
20240327,002881.SZ,127738436.0,1121729.0,5408325.0,49700.0,5406296.0,900.0,4000.0,128860165.0
20240326,002881.SZ,127736407.0,1105352.0,5887536.0,46600.0,6075533.0,3000.0,3600.0,128841759.0
20240325,002881.SZ,127924404.0,1114120.0,6661275.0,46000.0,11208164.0,1000.0,1200.0,129038524.0
20240322,002881.SZ,132471293.0,1164694.0,8711374.0,45800.0,12626404.0,12900.0,0.0,133635987.0
20240321,002881.SZ,136386323.0,1517982.0,7986029.0,58700.0,10883234.0,100.0,200.0,137904305.0
20240320,002881.SZ,139283528.0,1543524.0,12866743.0,58600.0,16917666.0,4400.0,800.0,140827052.0
20240319,002881.SZ,143334451.0,1647678.0,18441563.0,62200.0,27190387.0,3400.0,2500.0,144982129.0
20240318,002881.SZ,152083275.0,1686032.0,28010596.0,63100.0,25007699.0,11600.0,17100.0,153769307.0
20240315,002881.SZ,149080378.0,1503360.0,16757149.0,57600.0,15679363.0,1300.0,5300.0,150583738.0
20240314,002881.SZ,148002592.0,1356080.0,11924292.0,53600.0,14515503.0,35600.0,10200.0,149358672.0
20240313,002881.SZ,150593803.0,2038200.0,22746261.0,79000.0,30861907.0,27100.0,2400.0,152632003.0
20240312,002881.SZ,158709449.0,2691015.0,27597591.0,103700.0,26477473.0,8900.0,25400.0,161400464.0
20240311,002881.SZ,157589331.0,2227088.0,19494051.0,87200.0,20496567.0,12900.0,1600.0,159816419.0
20240308,002881.SZ,158591847.0,2502885.0,24451885.0,98500.0,29957210.0,3600.0,1800.0,161094732.0
20240307,002881.SZ,164097172.0,2450329.0,37355062.0,100300.0,33982164.0,2300.0,17900.0,166547501.0
20240306,002881.SZ,160724274.0,2161544.0,40681944.0,84700.0,37755436.0,33800.0,5800.0,162885818.0
20240305,002881.SZ,157797766.0,2969645.0,76023459.0,112700.0,52090994.0,1800.0,59500.0,160767411.0
20240304,002881.SZ,133865301.0,1481150.0,0.0,55000.0,5199894.0,1400.0,0.0,135346451.0
20240301,002881.SZ,139065195.0,1380672.0,1063228.0,56400.0,6412013.0,200.0,0.0,140445867.0
20240229,002881.SZ,144413980.0,1259350.0,12073949.0,56600.0,10693793.0,200.0,1200.0,145673330.0
20240228,002881.SZ,143033824.0,1163152.0,16566362.0,55600.0,14183629.0,16900.0,5100.0,144196976.0
20240227,002881.SZ,140651091.0,1539416.0,13423131.0,67400.0,10590518.0,24200.0,22300.0,142190507.0
20240226,002881.SZ,137818478.0,1532916.0,11737651.0,69300.0,10985525.0,16047.0,1200.0,139351394.0
20240223,002881.SZ,137066352.0,1850393.0,18160268.0,84147.0,13501759.0,14300.0,7800.0,138916745.0
20240222,002881.SZ,132407843.0,1915371.0,8193205.0,90647.0,7128230.0,300.0,9647.0,134323214.0
20240221,002881.SZ,131342868.0,1643886.0,7378192.0,81300.0,9772846.0,0.0,1800.0,132986754.0
20240220,002881.SZ,133737522.0,1602720.0,1969300.0,79500.0,7128791.0,7600.0,9000.0,135340242.0
20240219,002881.SZ,138897013.0,1576839.0,9491721.0,78100.0,5333333.0,1300.0,4700.0,140473852.0
20240208,002881.SZ,134738625.0,1452168.0,4303778.0,74700.0,6770024.0,9800.0,1000.0,136190793.0
20240207,002881.SZ,137204871.0,1486300.0,3804349.0,83500.0,3818875.0,24400.0,2100.0,138691171.0
20240206,002881.SZ,137219397.0,1899110.0,3437745.0,105800.0,2510872.0,19730.0,15100.0,139118507.0
20240205,002881.SZ,136292524.0,1928108.0,3581758.0,110430.0,7222944.0,28600.0,34330.0,138220632.0
20240202,002881.SZ,139933710.0,1986159.0,2363529.0,104700.0,6188096.0,30280.0,32900.0,141919869.0
20240201,002881.SZ,143758277.0,1933395.0,1785316.0,102080.0,5122439.0,33060.0,35580.0,145691672.0
20240131,002881.SZ,147095400.0,1871728.0,3064907.0,99560.0,8691475.0,31570.0,34560.0,148967128.0
20240130,002881.SZ,152721968.0,1932366.0,1423589.0,96570.0,6646776.0,37542.0,27400.0,154654334.0
20240129,002881.SZ,157945155.0,2220677.0,2793416.0,106712.0,5444914.0,38200.0,42800.0,160165832.0
20240126,002881.SZ,160596653.0,2223999.0,2293041.0,102112.0,2576162.0,15700.0,21400.0,162820652.0
20240125,002881.SZ,160879774.0,2152880.0,4346638.0,96412.0,4517820.0,34600.0,25342.0,163032654.0
20240124,002881.SZ,161050956.0,2272962.0,1645832.0,105670.0,2965704.0,31100.0,30200.0,163323918.0
20240123,002881.SZ,162370828.0,2272072.0,3899805.0,106570.0,6211499.0,38900.0,37100.0,164642900.0
20240122,002881.SZ,164682522.0,2332122.0,4683392.0,108370.0,7531010.0,33301.0,37900.0,167014644.0
20240119,002881.SZ,167530140.0,2481165.0,3031446.0,103771.0,4031957.0,24499.0,18800.0,170011305.0
20240118,002881.SZ,168530651.0,2585681.0,4450183.0,109470.0,5654850.0,25900.0,41870.0,171116332.0
20240117,002881.SZ,169735318.0,2211275.0,3612334.0,93500.0,5588673.0,23600.0,15100.0,171946593.0
20240116,002881.SZ,171711657.0,2419440.0,3502528.0,102000.0,3494322.0,23000.0,23500.0,174131097.0
20240115,002881.SZ,171703451.0,2464420.0,2848263.0,101500.0,5916646.0,43600.0,31500.0,174167871.0
20240112,002881.SZ,174771834.0,2851360.0,5086168.0,113600.0,5105038.0,15800.0,23100.0,177623194.0
20240111,002881.SZ,174790704.0,2766989.0,3885550.0,106300.0,3672587.0,40600.0,36400.0,177557693.0
20240110,002881.SZ,174577741.0,2786810.0,2725558.0,110500.0,4911042.0,27776.0,36000.0,177364551.0
20240109,002881.SZ,176763225.0,2657130.0,4695335.0,102276.0,6232849.0,39424.0,24500.0,179420355.0
20240108,002881.SZ,178300739.0,3070640.0,7848583.0,117200.0,9939690.0,26600.0,35800.0,181371379.0
20240105,002881.SZ,180391846.0,2990520.0,16807304.0,108000.0,13745760.0,34300.0,45900.0,183382366.0
20240104,002881.SZ,177330302.0,2647144.0,6872783.0,96400.0,8127489.0,39600.0,46900.0,179977446.0
20240103,002881.SZ,178585008.0,2368278.0,4673705.0,89100.0,4336598.0,19600.0,31000.0,180953286.0
20240102,002881.SZ,178247901.0,2062935.0,5813646.0,77700.0,5043782.0,33300.0,27300.0,180310836.0
20251231,002881.SZ,380003291.0,695136.0,38930392.0,15600.0,37341845.0,300.0,1300.0,380698427.0
20251230,002881.SZ,378414744.0,632764.0,23218079.0,14600.0,24619246.0,900.0,1800.0,379047508.0
20251229,002881.SZ,379815911.0,586223.0,13423375.0,13700.0,15094262.0,3000.0,1700.0,380402134.0
20251226,002881.SZ,381486798.0,645300.0,26250283.0,15000.0,30766769.0,0.0,2200.0,382132098.0
20251225,002881.SZ,386003284.0,558336.0,27952021.0,12800.0,29429817.0,200.0,1900.0,386561620.0
20251224,002881.SZ,387481080.0,475635.0,25393069.0,11100.0,32773559.0,0.0,3100.0,387956715.0
20251223,002881.SZ,394861570.0,336480.0,17642531.0,8000.0,20530355.0,5200.0,600.0,395198050.0
20251222,002881.SZ,397749394.0,535878.0,16946858.0,12600.0,19192379.0,200.0,1100.0,398285272.0
20251219,002881.SZ,399994915.0,490347.0,18573813.0,11700.0,13525072.0,2200.0,200.0,400485262.0
20251218,002881.SZ,394946174.0,572797.0,15179871.0,13700.0,13275771.0,2400.0,3300.0,395518971.0
20251217,002881.SZ,393042074.0,542208.0,14074742.0,12800.0,19864727.0,3900.0,0.0,393584282.0
20251216,002881.SZ,398832059.0,699396.0,18454260.0,16700.0,23764979.0,4500.0,800.0,399531455.0
20251215,002881.SZ,404142778.0,871080.0,25128807.0,20400.0,26952368.0,1000.0,7000.0,405013858.0
20251212,002881.SZ,405966339.0,636336.0,24919814.0,14400.0,31513470.0,1000.0,2400.0,406602675.0
20251211,002881.SZ,412559995.0,571350.0,30705466.0,13000.0,34878479.0,11100.0,3600.0,413131345.0
20251210,002881.SZ,416733008.0,927010.0,50286710.0,20500.0,47848507.0,5600.0,0.0,417660018.0
20251209,002881.SZ,414294805.0,1210779.0,80215047.0,26100.0,124080356.0,200.0,200.0,415505584.0
20251208,002881.SZ,458160114.0,1246275.0,73436527.0,26100.0,66716088.0,900.0,14100.0,459406389.0
20251205,002881.SZ,451439675.0,611460.0,59098687.0,12900.0,66931821.0,15300.0,5800.0,452051135.0
20251204,002881.SZ,459272809.0,1070720.0,73956380.0,22400.0,95549863.0,2100.0,6300.0,460343529.0
20251203,002881.SZ,480866292.0,885066.0,209680593.0,18200.0,123521612.0,9300.0,1100.0,481751358.0
20251202,002881.SZ,394707311.0,1246608.0,125398886.0,26400.0,97466986.0,900.0,19600.0,395953919.0
20251201,002881.SZ,366775411.0,353199.0,45371120.0,7700.0,46306814.0,4100.0,2000.0,367128610.0
20251128,002881.SZ,367711105.0,408660.0,14307618.0,9800.0,29735028.0,0.0,2000.0,368119765.0
20251127,002881.SZ,383138515.0,327288.0,42509241.0,7800.0,34033990.0,1400.0,0.0,383465803.0
20251126,002881.SZ,374663264.0,379040.0,15779838.0,9200.0,12321233.0,1500.0,1000.0,375042304.0
20251125,002881.SZ,371204659.0,396633.0,10610495.0,9700.0,11001014.0,1100.0,0.0,371601292.0
20251124,002881.SZ,371595178.0,437400.0,7283217.0,10800.0,12062086.0,4200.0,200.0,372032578.0
20251121,002881.SZ,376374047.0,589632.0,10093117.0,14800.0,16708223.0,4400.0,0.0,376963679.0
20251120,002881.SZ,382989153.0,790080.0,8722714.0,19200.0,14227451.0,100.0,5100.0,383779233.0
20251119,002881.SZ,388493890.0,592708.0,13559161.0,14200.0,10095693.0,200.0,6500.0,389086598.0
20251118,002881.SZ,385030422.0,337172.0,11154090.0,7900.0,26053887.0,0.0,0.0,385367594.0
20251117,002881.SZ,399930219.0,333696.0,7773240.0,7900.0,10227543.0,5200.0,0.0,400263915.0
20251114,002881.SZ,402384522.0,549545.0,16141713.0,13100.0,11054890.0,2900.0,0.0,402934067.0
20251113,002881.SZ,397297699.0,681920.0,8196810.0,16000.0,17093670.0,1600.0,1100.0,397979619.0
20251112,002881.SZ,406194559.0,696795.0,31164492.0,16500.0,13392041.0,400.0,3000.0,406891354.0
20251111,002881.SZ,388422108.0,602009.0,10306518.0,13900.0,7668208.0,100.0,1200.0,389024117.0
20251110,002881.SZ,385783798.0,558464.0,11814670.0,12800.0,12658037.0,1200.0,4100.0,386342262.0
20251107,002881.SZ,386627165.0,433521.0,13702892.0,9900.0,16710537.0,2700.0,1700.0,387060686.0
20251106,002881.SZ,389634810.0,485486.0,11165671.0,10900.0,17702588.0,700.0,2900.0,390120296.0
20251105,002881.SZ,396171727.0,384888.0,13256281.0,8700.0,13085412.0,1500.0,1800.0,396556615.0
20251104,002881.SZ,396000858.0,374136.0,14529717.0,8400.0,16229499.0,2000.0,5500.0,396374994.0
20251103,002881.SZ,397700640.0,223538.0,11754663.0,4900.0,11848896.0,1400.0,200.0,397924178.0
20251031,002881.SZ,397794873.0,277245.0,9965293.0,6100.0,15269848.0,1100.0,900.0,398072118.0
20251030,002881.SZ,403099428.0,284634.0,18521976.0,6300.0,26389668.0,2200.0,300.0,403384062.0
20251029,002881.SZ,410967120.0,378594.0,32561432.0,8200.0,33092946.0,1600.0,5500.0,411345714.0
20251028,002881.SZ,411498634.0,199735.0,44394170.0,4300.0,46606374.0,0.0,2700.0,411698369.0
20251027,002881.SZ,413710838.0,75248.0,25904118.0,1600.0,21338313.0,400.0,300.0,413786086.0
20251024,002881.SZ,409145033.0,78931.0,19661953.0,1700.0,28613494.0,1700.0,100.0,409223964.0
20251023,002881.SZ,418096574.0,150348.0,14190763.0,3300.0,21698549.0,0.0,2100.0,418246922.0
20251022,002881.SZ,425604360.0,54924.0,17498375.0,1200.0,17318130.0,800.0,0.0,425659284.0
20251021,002881.SZ,425424115.0,91940.0,16378000.0,2000.0,26772656.0,6900.0,0.0,425516055.0
20251020,002881.SZ,435818771.0,402992.0,14797286.0,8900.0,14175890.0,2900.0,0.0,436221763.0
20251017,002881.SZ,435197375.0,531708.0,20183480.0,11800.0,19151732.0,1900.0,800.0,435729083.0
20251016,002881.SZ,434165627.0,587982.0,22519926.0,12900.0,24749591.0,800.0,6700.0,434753609.0
20251015,002881.SZ,436395292.0,327810.0,18159836.0,7000.0,23852197.0,1400.0,100.0,436723102.0
20251014,002881.SZ,442087653.0,385203.0,20702567.0,8300.0,25287456.0,800.0,800.0,442472856.0
20251013,002881.SZ,446672542.0,388357.0,23296802.0,8300.0,34201308.0,700.0,700.0,447060899.0
20251010,002881.SZ,457577048.0,400558.0,51023790.0,8300.0,40323516.0,1000.0,6400.0,457977606.0
20251009,002881.SZ,446876774.0,146479.0,78419589.0,2900.0,53962604.0,0.0,2400.0,447023253.0
20250930,002881.SZ,422419789.0,24495.0,36358749.0,500.0,48110170.0,5500.0,0.0,422444284.0
20250929,002881.SZ,434171210.0,289620.0,28889022.0,6000.0,35873094.0,100.0,1000.0,434460830.0
20250926,002881.SZ,441155282.0,246993.0,29423235.0,5100.0,20620909.0,400.0,900.0,441402275.0
20250925,002881.SZ,432352956.0,229724.0,23094956.0,4600.0,36989986.0,2000.0,400.0,432582680.0
20250924,002881.SZ,446247986.0,308884.0,24223598.0,6200.0,44325000.0,6700.0,100.0,446556870.0
20250923,002881.SZ,466349388.0,623360.0,37678405.0,12800.0,42770097.0,500.0,1900.0,466972748.0
20250922,002881.SZ,471441080.0,572394.0,23145712.0,11400.0,45898447.0,11800.0,900.0,472013474.0
20250919,002881.SZ,494193815.0,1099390.0,41890390.0,22300.0,51982869.0,1900.0,1800.0,495293205.0
20250918,002881.SZ,504286294.0,1132768.0,72565558.0,22400.0,99838227.0,1300.0,1000.0,505419062.0
20250917,002881.SZ,531558963.0,1155884.0,48775548.0,22700.0,58163562.0,500.0,1200.0,532714847.0
20250916,002881.SZ,540946977.0,1130140.0,57666761.0,22000.0,57619626.0,2100.0,500.0,542077117.0
20250915,002881.SZ,540899842.0,1210680.0,55206422.0,23600.0,55731932.0,1100.0,2600.0,542110522.0
20250912,002881.SZ,541425352.0,1136382.0,112278525.0,22100.0,82949979.0,3000.0,1000.0,542561734.0
20250911,002881.SZ,512096806.0,1217050.0,62511000.0,24100.0,68317972.0,500.0,0.0,513313856.0
20250910,002881.SZ,517903778.0,1211058.0,49109509.0,24600.0,46368125.0,1100.0,0.0,519114836.0
20250909,002881.SZ,515162394.0,1255702.0,43107324.0,25700.0,60006592.0,0.0,1700.0,516418096.0
20250908,002881.SZ,532061662.0,1220400.0,56625154.0,24000.0,59596777.0,1000.0,0.0,533282062.0
20250905,002881.SZ,535033285.0,1244250.0,45872352.0,25000.0,60740397.0,300.0,200.0,536277535.0
20250904,002881.SZ,549901330.0,1211075.0,51364364.0,25100.0,64729566.0,2300.0,1400.0,551112405.0
20250903,002881.SZ,563266532.0,1302600.0,64059946.0,26000.0,63462906.0,0.0,2700.0,564569132.0
20250902,002881.SZ,562669492.0,1212765.0,138135604.0,23300.0,125295826.0,1700.0,2500.0,563882257.0
20250901,002881.SZ,549829714.0,1267200.0,85103208.0,22500.0,99585299.0,0.0,600.0,551096914.0
20250829,002881.SZ,564311805.0,1241730.0,155975523.0,21900.0,122887544.0,4200.0,400.0,565553535.0
20250828,002881.SZ,531223826.0,1515529.0,268279733.0,25700.0,329136907.0,0.0,300.0,532739355.0
20250827,002881.SZ,592081000.0,1432306.0,253817328.0,25400.0,201662875.0,400.0,2300.0,593513306.0
20250826,002881.SZ,539926547.0,1257015.0,90901550.0,23500.0,104465279.0,100.0,300.0,541183562.0
20250825,002881.SZ,553490276.0,1241424.0,107166823.0,23300.0,102129067.0,1300.0,2700.0,554731700.0
20250822,002881.SZ,548452520.0,1172307.0,131558263.0,21900.0,126028327.0,600.0,0.0,549624827.0
20250821,002881.SZ,542922584.0,1153350.0,87269187.0,22500.0,100448159.0,200.0,800.0,544075934.0
20250820,002881.SZ,556101556.0,1147341.0,86641447.0,21900.0,84823582.0,0.0,5300.0,557248897.0
20250819,002881.SZ,554283691.0,878804.0,114684350.0,16600.0,111456622.0,200.0,9500.0,555162495.0
20250818,002881.SZ,551055963.0,381571.0,136844127.0,7300.0,123160034.0,400.0,1700.0,551437534.0
20250815,002881.SZ,537371870.0,300900.0,74225675.0,6000.0,91237604.0,1900.0,200.0,537672770.0
20250814,002881.SZ,554383799.0,384076.0,109059250.0,7700.0,88378083.0,10400.0,900.0,554767875.0
20250813,002881.SZ,533702632.0,867740.0,159632892.0,17200.0,112820978.0,900.0,200.0,534570372.0
20250812,002881.SZ,486890718.0,882470.0,80753509.0,17900.0,87790073.0,200.0,4400.0,487773188.0
20250811,002881.SZ,493927282.0,678287.0,84009039.0,13700.0,90146001.0,4400.0,2000.0,494605569.0
20250808,002881.SZ,500064244.0,792120.0,83673478.0,16100.0,90033186.0,1800.0,100.0,500856364.0
20250807,002881.SZ,506423952.0,891068.0,142836218.0,17800.0,141859944.0,100.0,200.0,507315020.0
20250806,002881.SZ,505447678.0,896328.0,255097649.0,17700.0,175793145.0,5000.0,500.0,506344006.0
20250805,002881.SZ,426143174.0,1094460.0,185365336.0,22200.0,120180823.0,0.0,15500.0,427237634.0
20250804,002881.SZ,360958661.0,310746.0,59690295.0,6700.0,45573463.0,100.0,6400.0,361269407.0
20250801,002881.SZ,346841829.0,18268.0,51690954.0,400.0,57229069.0,6800.0,200.0,346860097.0
20250731,002881.SZ,352379944.0,310660.0,52617974.0,7000.0,54131634.0,500.0,0.0,352690604.0
20250730,002881.SZ,353893604.0,330750.0,37475755.0,7500.0,34760943.0,0.0,500.0,354224354.0
20250729,002881.SZ,351178792.0,318430.0,30755049.0,7000.0,24811079.0,0.0,0.0,351497222.0
20250728,002881.SZ,345234822.0,320040.0,35806249.0,7000.0,48691346.0,0.0,0.0,345554862.0
20250725,002881.SZ,358119919.0,319200.0,28051413.0,7000.0,48770834.0,100.0,0.0,358439119.0
20250724,002881.SZ,378839340.0,315524.0,16853407.0,7100.0,23224085.0,3300.0,0.0,379154864.0
20250723,002881.SZ,385210018.0,459472.0,23591288.0,10400.0,33810607.0,0.0,0.0,385669490.0
20250722,002881.SZ,395429337.0,463840.0,36310035.0,10400.0,32079518.0,0.0,100.0,395893177.0
20250721,002881.SZ,391198820.0,469474.0,28937491.0,10300.0,24579632.0,13200.0,500.0,391668294.0
20250718,002881.SZ,386840961.0,1051790.0,35260571.0,23000.0,32445035.0,0.0,0.0,387892751.0
20250717,002881.SZ,384025425.0,1053630.0,44795828.0,23000.0,49546773.0,0.0,0.0,385079055.0
20250716,002881.SZ,388776370.0,1025340.0,35324619.0,23000.0,22082329.0,300.0,100.0,389801710.0
20250715,002881.SZ,375534080.0,1027992.0,46067235.0,23200.0,46341304.0,300.0,300.0,376562072.0
20250714,002881.SZ,375808149.0,1034256.0,15089395.0,23200.0,19214890.0,100.0,0.0,376842405.0
20250711,002881.SZ,379933644.0,1038015.0,22928210.0,23300.0,33024675.0,300.0,0.0,380971659.0
20250710,002881.SZ,390030109.0,1048312.0,24154838.0,23600.0,22027744.0,0.0,600.0,391078421.0
20250709,002881.SZ,387903015.0,1034540.0,26704089.0,23000.0,31721952.0,0.0,0.0,388937555.0
20250708,002881.SZ,392920878.0,1033620.0,28034780.0,23000.0,22564630.0,200.0,0.0,393954498.0
20250707,002881.SZ,387450728.0,1027064.0,14697476.0,23200.0,25122535.0,400.0,200.0,388477792.0
20250704,002881.SZ,397875787.0,1045044.0,28468701.0,23400.0,30819572.0,100.0,500.0,398920831.0
20250703,002881.SZ,400226658.0,1041900.0,19967696.0,23000.0,24309933.0,500.0,0.0,401268558.0
20250702,002881.SZ,404568895.0,1047630.0,21506311.0,23500.0,25476150.0,0.0,500.0,405616525.0
20250701,002881.SZ,408538734.0,1061450.0,44964555.0,23000.0,30796199.0,0.0,100.0,409600184.0
20250630,002881.SZ,394370378.0,1062560.0,53311048.0,22900.0,35375706.0,0.0,9300.0,395432938.0
20250627,002881.SZ,376435036.0,615264.0,22473933.0,13600.0,33305965.0,0.0,0.0,377050300.0
20250626,002881.SZ,387267068.0,610776.0,33514776.0,13600.0,40663732.0,0.0,0.0,387877844.0
20250625,002881.SZ,394416024.0,616760.0,38192073.0,13600.0,40972132.0,0.0,0.0,395032784.0
20250624,002881.SZ,397196083.0,603704.0,33031347.0,13600.0,43420102.0,0.0,0.0,397799787.0
20250623,002881.SZ,407584838.0,576776.0,10769831.0,13600.0,17806232.0,600.0,0.0,408161614.0
20250620,002881.SZ,414621239.0,597820.0,17739928.0,14200.0,30947630.0,2200.0,600.0,415219059.0
20250619,002881.SZ,427828941.0,688248.0,26650984.0,15800.0,29892887.0,0.0,600.0,428517189.0
20250618,002881.SZ,431070844.0,665000.0,13416523.0,15200.0,20416203.0,0.0,15200.0,431735844.0
20250617,002881.SZ,438070524.0,0.0,15801496.0,0.0,27806567.0,0.0,0.0,438070524.0
20250616,002881.SZ,450075595.0,0.0,20184325.0,0.0,22163384.0,0.0,0.0,450075595.0
20250613,002881.SZ,452054654.0,0.0,26806326.0,0.0,42132270.0,0.0,0.0,452054654.0
20250612,002881.SZ,467380598.0,0.0,17437520.0,0.0,29034833.0,0.0,0.0,467380598.0
20250611,002881.SZ,478977911.0,0.0,25267558.0,0.0,31237285.0,0.0,0.0,478977911.0
20250610,002881.SZ,484947638.0,0.0,62360960.0,0.0,44254625.0,0.0,0.0,484947638.0
20250609,002881.SZ,466841303.0,0.0,78333001.0,0.0,60490791.0,0.0,0.0,466841303.0
20250606,002881.SZ,448999093.0,0.0,33314917.0,0.0,33230419.0,0.0,0.0,448999093.0
20250605,002881.SZ,448914595.0,0.0,39491348.0,0.0,34800062.0,0.0,0.0,448914595.0
20250604,002881.SZ,444223309.0,0.0,18336015.0,0.0,22275744.0,0.0,0.0,444223309.0
20250603,002881.SZ,448163038.0,0.0,19564202.0,0.0,21635646.0,0.0,0.0,448163038.0
20250530,002881.SZ,450234482.0,0.0,11968583.0,0.0,26104752.0,0.0,0.0,450234482.0
20250529,002881.SZ,464370651.0,0.0,24294562.0,0.0,22962034.0,0.0,0.0,464370651.0
20250528,002881.SZ,463038123.0,0.0,13125556.0,0.0,19214076.0,0.0,0.0,463038123.0
20250527,002881.SZ,469126643.0,0.0,22055039.0,0.0,24678668.0,0.0,0.0,469126643.0
20250526,002881.SZ,471750272.0,0.0,28442733.0,0.0,32497249.0,0.0,0.0,471750272.0
20250523,002881.SZ,475804788.0,0.0,22880407.0,0.0,30904703.0,0.0,0.0,475804788.0
20250522,002881.SZ,483829084.0,0.0,16804336.0,0.0,24776605.0,0.0,0.0,483829084.0
20250521,002881.SZ,491801353.0,0.0,40668708.0,0.0,35130420.0,0.0,0.0,491801353.0
20250520,002881.SZ,486263065.0,0.0,36470509.0,0.0,47042917.0,0.0,0.0,486263065.0
20250519,002881.SZ,496835473.0,0.0,25717425.0,0.0,37362604.0,0.0,0.0,496835473.0
20250516,002881.SZ,508480652.0,0.0,34828403.0,0.0,42597718.0,0.0,0.0,508480652.0
20250515,002881.SZ,516249967.0,0.0,37619968.0,0.0,40826435.0,0.0,0.0,516249967.0
20250514,002881.SZ,519456434.0,0.0,47138310.0,0.0,54132478.0,0.0,0.0,519456434.0
20250513,002881.SZ,526450602.0,0.0,54972702.0,0.0,57492681.0,0.0,0.0,526450602.0
20250512,002881.SZ,528970581.0,0.0,56313324.0,0.0,49264067.0,0.0,0.0,528970581.0
20250509,002881.SZ,521921324.0,0.0,66657818.0,0.0,63551616.0,0.0,0.0,521921324.0
20250508,002881.SZ,518815122.0,0.0,77198249.0,0.0,71502833.0,0.0,0.0,518815122.0
20250507,002881.SZ,513119706.0,0.0,120401351.0,0.0,89816876.0,0.0,0.0,513119706.0
20250506,002881.SZ,482535231.0,0.0,135145974.0,0.0,119490161.0,0.0,0.0,482535231.0
20250430,002881.SZ,466879418.0,0.0,109254744.0,0.0,98657640.0,0.0,0.0,466879418.0
20250429,002881.SZ,456282314.0,0.0,85132805.0,0.0,78047311.0,0.0,0.0,456282314.0
20250428,002881.SZ,449196820.0,0.0,95866392.0,0.0,78451679.0,0.0,0.0,449196820.0
20250425,002881.SZ,431782107.0,0.0,62149412.0,0.0,74717839.0,0.0,0.0,431782107.0
20250424,002881.SZ,444350534.0,0.0,53972414.0,0.0,51548744.0,0.0,0.0,444350534.0
20250423,002881.SZ,441926864.0,0.0,78469276.0,0.0,73381678.0,0.0,0.0,441926864.0
20250422,002881.SZ,436839266.0,0.0,40753880.0,0.0,39646767.0,0.0,0.0,436839266.0
20250421,002881.SZ,435732153.0,0.0,58783570.0,0.0,48353520.0,0.0,0.0,435732153.0
20250418,002881.SZ,425302103.0,0.0,35578806.0,0.0,39770625.0,0.0,0.0,425302103.0
20250417,002881.SZ,429493922.0,0.0,35627358.0,0.0,45856802.0,0.0,0.0,429493922.0
20250416,002881.SZ,439723366.0,0.0,54166053.0,0.0,35897191.0,0.0,0.0,439723366.0
20250415,002881.SZ,421454504.0,0.0,75410267.0,0.0,64065009.0,0.0,0.0,421454504.0
20250414,002881.SZ,410109246.0,0.0,20840618.0,0.0,32304870.0,0.0,0.0,410109246.0
20250411,002881.SZ,421573498.0,0.0,28702295.0,0.0,54651084.0,0.0,0.0,421573498.0
20250410,002881.SZ,447522287.0,0.0,26821484.0,0.0,50946123.0,0.0,0.0,447522287.0
20250409,002881.SZ,471646926.0,0.0,39425980.0,0.0,61335875.0,0.0,0.0,471646926.0
20250408,002881.SZ,493556821.0,0.0,47026668.0,0.0,58935028.0,0.0,0.0,493556821.0
20250407,002881.SZ,505465181.0,0.0,19094099.0,0.0,35903251.0,0.0,0.0,505465181.0
20250403,002881.SZ,522274333.0,0.0,35535989.0,0.0,49813717.0,0.0,0.0,522274333.0
20250402,002881.SZ,536552061.0,0.0,24439959.0,0.0,27911883.0,0.0,0.0,536552061.0
20250401,002881.SZ,540023985.0,0.0,26736468.0,0.0,34969993.0,0.0,0.0,540023985.0
20250331,002881.SZ,548257510.0,0.0,42068206.0,0.0,40033314.0,0.0,0.0,548257510.0
20250328,002881.SZ,546222618.0,0.0,24784725.0,0.0,40406743.0,0.0,0.0,546222618.0
20250327,002881.SZ,561844636.0,0.0,50434581.0,0.0,43220111.0,0.0,0.0,561844636.0
20250326,002881.SZ,554630166.0,0.0,44279081.0,0.0,36733417.0,0.0,0.0,554630166.0
20250325,002881.SZ,547084502.0,0.0,50167702.0,0.0,69777184.0,0.0,0.0,547084502.0
20250324,002881.SZ,566693984.0,0.0,101566812.0,0.0,94667810.0,0.0,0.0,566693984.0
20250321,002881.SZ,559794982.0,0.0,130793455.0,0.0,114782772.0,0.0,0.0,559794982.0
20250320,002881.SZ,543784299.0,0.0,238685053.0,0.0,232009556.0,0.0,0.0,543784299.0
20250319,002881.SZ,537108802.0,0.0,86924579.0,0.0,65033051.0,0.0,0.0,537108802.0
20250318,002881.SZ,515217274.0,0.0,46549590.0,0.0,51715293.0,0.0,0.0,515217274.0
20250317,002881.SZ,520382977.0,0.0,38814902.0,0.0,42517445.0,0.0,0.0,520382977.0
20250314,002881.SZ,524085520.0,0.0,49226604.0,0.0,50466422.0,0.0,0.0,524085520.0
20250313,002881.SZ,525325338.0,0.0,71550443.0,0.0,58730968.0,0.0,0.0,525325338.0
20250312,002881.SZ,512505863.0,0.0,75814472.0,0.0,60298385.0,0.0,0.0,512505863.0
20250311,002881.SZ,496989776.0,0.0,55899582.0,0.0,82384014.0,0.0,0.0,496989776.0
20250310,002881.SZ,523474208.0,0.0,70137251.0,0.0,70788751.0,0.0,0.0,523474208.0
20250307,002881.SZ,524125708.0,0.0,102483434.0,0.0,120916524.0,0.0,0.0,524125708.0
20250306,002881.SZ,542558798.0,0.0,141301695.0,0.0,149732360.0,0.0,0.0,542558798.0
20250305,002881.SZ,550989463.0,0.0,151967716.0,0.0,145634981.0,0.0,0.0,550989463.0
20250304,002881.SZ,544656728.0,0.0,124979978.0,0.0,142465319.0,0.0,0.0,544656728.0
20250303,002881.SZ,562142069.0,0.0,146517780.0,0.0,251083168.0,0.0,0.0,562142069.0
20250228,002881.SZ,666707457.0,0.0,196392659.0,0.0,248540207.0,0.0,0.0,666707457.0
20250227,002881.SZ,718855005.0,0.0,205021206.0,0.0,213119874.0,0.0,0.0,718855005.0
20250226,002881.SZ,726953673.0,0.0,364148458.0,0.0,328068189.0,0.0,0.0,726953673.0
20250225,002881.SZ,690873404.0,0.0,221712998.0,0.0,250587310.0,0.0,0.0,690873404.0
20250224,002881.SZ,719747716.0,0.0,214681947.0,0.0,250104037.0,0.0,0.0,719747716.0
20250221,002881.SZ,755169806.0,0.0,296484493.0,0.0,263375416.0,0.0,0.0,755169806.0
20250220,002881.SZ,722060729.0,0.0,284260415.0,0.0,308724771.0,0.0,0.0,722060729.0
20250219,002881.SZ,746525085.0,0.0,274412629.0,0.0,298911367.0,0.0,0.0,746525085.0
20250218,002881.SZ,771023823.0,0.0,344683126.0,0.0,311390508.0,0.0,0.0,771023823.0
20250217,002881.SZ,737731205.0,0.0,329385992.0,0.0,284494990.0,0.0,0.0,737731205.0
20250214,002881.SZ,692840203.0,0.0,417241730.0,0.0,346464134.0,0.0,0.0,692840203.0
20250213,002881.SZ,622062607.0,0.0,569750131.0,0.0,479748103.0,0.0,0.0,622062607.0
20250212,002881.SZ,532060579.0,0.0,549580289.0,0.0,152041821.0,0.0,0.0,532060579.0
20250211,002881.SZ,134522111.0,0.0,21828008.0,0.0,20825670.0,0.0,0.0,134522111.0
20250210,002881.SZ,133519773.0,0.0,0.0,0.0,5897842.0,0.0,0.0,133519773.0
20250207,002881.SZ,139417615.0,0.0,0.0,0.0,6366005.0,0.0,0.0,139417615.0
20250206,002881.SZ,145783620.0,0.0,0.0,0.0,3357290.0,0.0,0.0,145783620.0
20250205,002881.SZ,149140910.0,0.0,0.0,0.0,4591743.0,0.0,0.0,149140910.0
20250127,002881.SZ,153732653.0,0.0,0.0,0.0,27903212.0,0.0,0.0,153732653.0
20250124,002881.SZ,181635865.0,0.0,70482638.0,0.0,81509992.0,0.0,0.0,181635865.0
20250123,002881.SZ,192663219.0,0.0,72341873.0,0.0,55384655.0,0.0,0.0,192663219.0
20250122,002881.SZ,175706001.0,0.0,65239211.0,0.0,70005481.0,0.0,0.0,175706001.0
20250121,002881.SZ,180472271.0,0.0,103417364.0,0.0,94147474.0,0.0,0.0,180472271.0
20250120,002881.SZ,171202381.0,0.0,56584788.0,0.0,58347140.0,0.0,0.0,171202381.0
20250117,002881.SZ,172964733.0,0.0,56034349.0,0.0,37379642.0,0.0,0.0,172964733.0
20250116,002881.SZ,154310026.0,0.0,54495647.0,0.0,49439637.0,0.0,0.0,154310026.0
20250115,002881.SZ,149254016.0,0.0,75944334.0,0.0,52641400.0,0.0,0.0,149254016.0
20250114,002881.SZ,125951082.0,0.0,49566943.0,0.0,32654891.0,0.0,0.0,125951082.0
20250113,002881.SZ,109039030.0,0.0,22249432.0,0.0,26693736.0,0.0,0.0,109039030.0
20250110,002881.SZ,113483334.0,0.0,36919321.0,0.0,44440320.0,0.0,0.0,113483334.0
20250109,002881.SZ,121004333.0,0.0,44763956.0,0.0,54836523.0,0.0,0.0,121004333.0
20250108,002881.SZ,131076900.0,0.0,57313733.0,0.0,56881774.0,0.0,0.0,131076900.0
20250107,002881.SZ,130644941.0,0.0,41192924.0,0.0,64469407.0,0.0,0.0,130644941.0
20250106,002881.SZ,153921424.0,0.0,8110789.0,0.0,16724865.0,0.0,0.0,153921424.0
20250103,002881.SZ,162535500.0,0.0,105736137.0,0.0,91825096.0,0.0,0.0,162535500.0
20250102,002881.SZ,148624459.0,0.0,44830094.0,0.0,38262695.0,0.0,0.0,148624459.0
