ts_code,ann_date,f_ann_date,end_date,total_assets,total_liab,total_hldr_eqy_inc_min_int,total_cur_assets,total_cur_liab
300310.SZ,20260423,20260423,20260331,3397272207.02,1538310622.27,1858961584.75,2714296920.95,1471559074.58
300310.SZ,20260331,20260331,20251231,3446118380.88,1564856786.52,1881261594.36,2755983643.06,1517572573.67
300310.SZ,20251028,20251028,20250930,3166166034.87,1286840575.4,1879325459.47,2480512102.37,1244154774.49
300310.SZ,20250816,20250816,20250630,3098716297.42,1230657884.23,1868058413.19,2412366701.17,1183584419.22
300310.SZ,20250424,20250424,20250331,3028781224.55,1166163387.67,1862617836.88,2357196148.26,1120692664.59
300310.SZ,20250401,20250401,20241231,3102263464.06,1248147093.08,1854116370.98,2449486501.72,1201900474.46
300310.SZ,20241029,20241029,20240930,3046469819.52,1133413734.16,1913056085.36,2380092848.2,1090869264.84
300310.SZ,20240827,20240827,20240630,3044702013.42,1135379334.92,1909322678.5,2391280349.29,1092739561.9
300310.SZ,20240423,20240423,20240331,2974738768.52,1083573237.98,1891165530.54,2387975688.15,1056590083.01
300310.SZ,20240423,20240423,20231231,3203923330.94,1321285557.8,1882637773.14,2623432555.49,1299823990.37
300310.SZ,20240423,20240423,20231231,3203923330.94,1321285557.8,1882637773.14,2623432555.49,1299823990.37
300310.SZ,20231026,20231026,20230930,3021859054.12,1182698807.07,1839160247.05,2439843175.33,1172042369.11
300310.SZ,20230821,20230821,20230630,2916740825.07,1088596849.66,1828143975.41,2350809812.45,1078997181.84
300310.SZ,20230821,20230821,20230630,2916740825.07,1088596849.66,1828143975.41,2350809812.45,1078997181.84
300310.SZ,20230425,20230425,20230331,2797276870.29,1002940505.55,1794336364.74,2236379501.3,993242608.85
300310.SZ,20230425,20230425,20230331,2797276870.29,1002940505.55,1794336364.74,2236379501.3,993242608.85
300310.SZ,20230425,20230425,20221231,2979902619.66,1185286279.22,1794616340.44,2416869793.39,1174801878.93
300310.SZ,20230425,20230425,20221231,2979902619.66,1185286279.22,1794616340.44,2416869793.39,1174801878.93
300310.SZ,20221025,20221025,20220930,2712856513.2,951739742.72,1761116770.48,2193715348.1,942323829.04
300310.SZ,20220827,20220827,20220630,2644121490.75,885017602.75,1759103888.0,2168613085.71,875267520.96
300310.SZ,20220427,20220427,20220331,2579538350.86,844452379.21,1735085971.65,2124103011.47,836899376.87
300310.SZ,20220427,20220427,20220331,2579538350.86,844452379.21,1735085971.65,2124103011.47,836899376.87
300310.SZ,20220427,20220427,20211231,2729980965.71,985912551.57,1744068414.14,2266792735.56,978173992.89
300310.SZ,20211029,20211029,20210930,2434306418.18,696687843.48,1737618574.7,1977454844.49,692532272.01
300310.SZ,20211029,20211029,20210930,2434306418.18,696687843.48,1737618574.7,1977454844.49,692532272.01
300310.SZ,20210813,20210813,20210630,2417344685.76,687281783.92,1730062901.84,1958392744.22,683364153.21
300310.SZ,20210424,20210424,20210331,2390978272.34,685200403.44,1705777868.9,1937173051.58,679828970.35
300310.SZ,20210424,20210424,20201231,2550830429.31,843656816.11,1707173613.2,2139807733.47,841170430.45
300310.SZ,20210424,20210424,20201231,2550830429.31,843656816.11,1707173613.2,2139807733.47,841170430.45
300310.SZ,20201029,20201029,20200930,2454062922.08,715071814.64,1738991107.44,2005720314.99,711218416.95
300310.SZ,20200822,20200822,20200630,2433577872.46,700029328.68,1733548543.78,2027065669.08,697525170.19
300310.SZ,20200822,20200822,20200630,2433577872.46,700029328.68,1733548543.78,2027065669.08,697525170.19
300310.SZ,20200425,20200425,20200331,2380686830.82,651193545.76,1729493285.06,1952474945.36,648648275.19
300310.SZ,20200307,20200307,20191231,2548535373.11,806421962.51,1742113410.6,2097220078.32,803415196.3
300310.SZ,20200307,20200307,20191231,2548535373.11,806421962.51,1742113410.6,2097220078.32,803415196.3
300310.SZ,20191030,20191030,20190930,2439445428.09,865666061.69,1573779366.4,1859856779.27,839871440.15
300310.SZ,20190810,20190810,20190630,2539853558.54,964240021.29,1575613537.25,1950919002.44,937701393.81
300310.SZ,20190425,20190425,20190331,2497569528.05,915373415.0,1582196113.05,1891676065.17,892300039.99
300310.SZ,20190425,20190425,20190331,2497569528.05,915373415.0,1582196113.05,1891676065.17,892300039.99
300310.SZ,20190425,20190425,20181231,2510605217.79,984565931.11,1526039286.68,1935793228.92,964673563.09
300310.SZ,20190425,20190425,20181231,2510605217.79,984565931.11,1526039286.68,1935793228.92,964673563.09
300310.SZ,20181026,20181026,20180930,3825178541.13,880929796.58,2944248744.55,2124627865.42,870145550.03
300310.SZ,20181026,20181026,20180930,3825178541.13,880929796.58,2944248744.55,2124627865.42,870145550.03
300310.SZ,20180829,20180829,20180630,3832203334.59,811550369.56,3020652965.03,2143756886.7,800434334.11
300310.SZ,20180829,20180829,20180630,3832203334.59,811550369.56,3020652965.03,2143756886.7,800434334.11
300310.SZ,20180424,20180424,20180331,4433353659.14,837732394.83,3595621264.31,2229424147.5,825978314.07
300310.SZ,20180403,20180403,20171231,4552047342.3,993299520.63,3558747821.67,2331662165.39,981266410.41
300310.SZ,20180403,20180403,20171231,4552047342.3,993299520.63,3558747821.67,2331662165.39,981266410.41
300310.SZ,20171017,20171017,20170930,4168356901.34,666018271.35,3502338629.99,2121904974.34,648804879.04
300310.SZ,20170823,20170823,20170630,4456695355.7,1007778158.32,3448917197.38,2418453498.83,990316385.49
300310.SZ,20170823,20170823,20170630,4456695355.7,1007778158.32,3448917197.38,2418453498.83,990316385.49
300310.SZ,20170408,20170408,20170331,3022244757.64,612605493.46,2409639264.18,1886039287.42,607893531.05
300310.SZ,20170315,20170315,20161231,3251413850.97,889924778.2,2361489072.77,2139308753.65,884893935.66
300310.SZ,20170315,20170315,20161231,3251413850.97,889924778.2,2361489072.77,2139308753.65,884893935.66
300310.SZ,20161026,20161026,20160930,3059672946.25,734460840.35,2325212105.9,1949975449.47,729439519.39
300310.SZ,20160810,20160810,20160630,2988619497.24,717066041.08,2271553456.16,1908027543.58,711779650.68
300310.SZ,20160810,20160810,20160630,2988619497.24,717066041.08,2271553456.16,1908027543.58,711779650.68
300310.SZ,20160423,20160423,20160331,3265099957.24,1023365066.26,2241734890.98,2088860209.73,1017793826.22
300310.SZ,20160423,20160423,20151231,1088411186.87,360667761.48,727743425.39,909730152.26,356438915.75
300310.SZ,20160423,20160423,20151231,1088411186.87,360667761.48,727743425.39,909730152.26,356438915.75
300310.SZ,20151024,20151024,20150930,981776871.34,265446264.02,716330607.32,783000526.66,261214416.0
300310.SZ,20150822,20150822,20150630,935892117.59,239044051.81,696848065.78,751159411.23,234365606.45
300310.SZ,20150425,20150425,20150331,879509458.35,186948333.63,692561124.72,702182292.01,182511203.82
300310.SZ,20150326,20150326,20141231,965152577.75,289752324.24,675400253.51,787256524.33,285043347.65
300310.SZ,20150326,20150326,20141231,965152577.75,289752324.24,675400253.51,787256524.33,285043347.65
300310.SZ,20141024,20141024,20140930,865191950.54,200299972.56,664891977.98,683389592.0,195811093.89
300310.SZ,20141024,20141024,20140930,865191950.54,200299972.56,664891977.98,683389592.0,195811093.89
300310.SZ,20140809,20140809,20140630,809025631.71,153513460.28,655512171.43,628335525.68,150881883.81
300310.SZ,20140426,20140426,20140331,789946345.48,137935315.52,652011029.96,675391366.16,137730688.72
300310.SZ,20140328,20140328,20131231,821216449.56,184160144.06,637056305.5,711934335.23,183924144.06
300310.SZ,20140328,20140328,20131231,821216449.56,184160144.06,637056305.5,711934335.23,183924144.06
300310.SZ,20131026,20131026,20130930,751330851.16,124451508.12,626879343.04,650466381.88,123523788.12
300310.SZ,20130824,20130824,20130630,734240185.49,114083423.41,620156762.08,689509935.27,112993229.41
300310.SZ,20130824,20130824,20130630,734240185.49,114083423.41,620156762.08,689509935.27,112993229.41
300310.SZ,20130425,20130425,20130331,685477372.79,72499172.31,612978200.48,642209352.98,71430748.96
300310.SZ,20130322,20130322,20121231,745858637.5,147334414.62,598524222.88,701128331.54,146215991.29
300310.SZ,20130322,20130322,20121231,745858637.5,147334414.62,598524222.88,701128331.54,146215991.29
300310.SZ,20121026,20121026,20120930,661370026.59,81271681.2,580098345.39,620541241.98,80887972.2
300310.SZ,20121026,20121026,20120930,661370026.59,81271681.2,580098345.39,620541241.98,80887972.2
300310.SZ,20120825,20120825,20120630,710157101.36,126677424.03,583479677.33,670703674.24,126304907.03
300310.SZ,20120825,20120825,20120630,710157101.36,126677424.03,583479677.33,670703674.24,126304907.03
